"linked_route","source_routes","direct_status","redirect_location","final_status","final_path","direct_to_canonical"
"/","/ | /about | /apps | /author/hulm-solutions-editorial-team | /blog/best-free-pos-software-and-system | /blog/best-point-of-sale-system-for-small-business-in-pakistan | /blog/best-pos-system-for-retail | /blog/cloud-pos-software-for-retail-stores | /blog/how-does-pos-machine-work | /blog/pos-reconciliation | /blog/what-is-a-pos-person-meaning-and-responsibilities | /blog/what-is-a-pos-purchase | /blog/what-is-point-of-sale-transaction | /blog/what-is-pos | /blog/what-is-pos-debit-meaning | /blog/what-is-pos-experience-12-tips-to-satisfy-your-customers | /blog/what-is-pos-skills-understand-pos-skill-meaning | /blogs | /cattle-management-software | /contact | /customer-management | /fbr-integrated-pos-pakistan | /features | /industries | /industries/bakery-pos-system | /industries/cafe | /industries/clothing-store | /industries/electric-store | /industries/furniture-store | /industries/jewellery-shop | /industries/manufacturing-industries | /industries/pharmacy-store | /industries/restaurant-pos | /industries/retail-store | /industries/salon-pos | /industries/toys-store | /integration | /inventory-management | /logistics-management-software | /mobile-pos | /order-management | /pos-case-studies | /pos-case-studies/cupcake-queen-bakery-pos-qatar | /pos-case-studies/farhan-caterers-pos-karachi | /pos-case-studies/implementing-a-pos-system-for-retail-the-laptop-store | /pos-case-studies/implementing-pos-systems-for-medical-euquipment-industry | /pos-case-studies/real-tech-pos-system-karachi | /pos-software-ksa | /pos-software-qatar | /pos-software-uae | /pos-software-usa | /pricing | /privacy-policy | /purchase-orders | /reporting-module | /terms-and-conditions | /vendors-management | /website | /zatca","200","","200","/","true"
"/apps","/ | /about | /apps | /author/hulm-solutions-editorial-team | /blog/best-free-pos-software-and-system | /blog/best-point-of-sale-system-for-small-business-in-pakistan | /blog/best-pos-system-for-retail | /blog/cloud-pos-software-for-retail-stores | /blog/how-does-pos-machine-work | /blog/pos-reconciliation | /blog/what-is-a-pos-person-meaning-and-responsibilities | /blog/what-is-a-pos-purchase | /blog/what-is-point-of-sale-transaction | /blog/what-is-pos | /blog/what-is-pos-debit-meaning | /blog/what-is-pos-experience-12-tips-to-satisfy-your-customers | /blog/what-is-pos-skills-understand-pos-skill-meaning | /blogs | /cattle-management-software | /contact | /customer-management | /fbr-integrated-pos-pakistan | /features | /industries | /industries/bakery-pos-system | /industries/cafe | /industries/clothing-store | /industries/electric-store | /industries/furniture-store | /industries/jewellery-shop | /industries/manufacturing-industries | /industries/pharmacy-store | /industries/restaurant-pos | /industries/retail-store | /industries/salon-pos | /industries/toys-store | /integration | /inventory-management | /logistics-management-software | /mobile-pos | /order-management | /pos-case-studies | /pos-case-studies/cupcake-queen-bakery-pos-qatar | /pos-case-studies/farhan-caterers-pos-karachi | /pos-case-studies/implementing-a-pos-system-for-retail-the-laptop-store | /pos-case-studies/implementing-pos-systems-for-medical-euquipment-industry | /pos-case-studies/real-tech-pos-system-karachi | /pos-software-ksa | /pos-software-qatar | /pos-software-uae | /pos-software-usa | /pricing | /privacy-policy | /purchase-orders | /reporting-module | /terms-and-conditions | /vendors-management | /website | /zatca","200","","200","/apps","true"
"/industries","/ | /about | /apps | /author/hulm-solutions-editorial-team | /blog/best-free-pos-software-and-system | /blog/best-point-of-sale-system-for-small-business-in-pakistan | /blog/best-pos-system-for-retail | /blog/cloud-pos-software-for-retail-stores | /blog/how-does-pos-machine-work | /blog/pos-reconciliation | /blog/what-is-a-pos-person-meaning-and-responsibilities | /blog/what-is-a-pos-purchase | /blog/what-is-point-of-sale-transaction | /blog/what-is-pos | /blog/what-is-pos-debit-meaning | /blog/what-is-pos-experience-12-tips-to-satisfy-your-customers | /blog/what-is-pos-skills-understand-pos-skill-meaning | /blogs | /cattle-management-software | /contact | /customer-management | /fbr-integrated-pos-pakistan | /features | /industries | /industries/bakery-pos-system | /industries/cafe | /industries/clothing-store | /industries/electric-store | /industries/furniture-store | /industries/jewellery-shop | /industries/manufacturing-industries | /industries/pharmacy-store | /industries/restaurant-pos | /industries/retail-store | /industries/salon-pos | /industries/toys-store | /integration | /inventory-management | /logistics-management-software | /mobile-pos | /order-management | /pos-case-studies | /pos-case-studies/cupcake-queen-bakery-pos-qatar | /pos-case-studies/farhan-caterers-pos-karachi | /pos-case-studies/implementing-a-pos-system-for-retail-the-laptop-store | /pos-case-studies/implementing-pos-systems-for-medical-euquipment-industry | /pos-case-studies/real-tech-pos-system-karachi | /pos-software-ksa | /pos-software-qatar | /pos-software-uae | /pos-software-usa | /pricing | /privacy-policy | /purchase-orders | /reporting-module | /terms-and-conditions | /vendors-management | /website | /zatca","200","","200","/industries","true"
"/fbr-integrated-pos-pakistan","/ | /about | /apps | /author/hulm-solutions-editorial-team | /blog/best-free-pos-software-and-system | /blog/best-point-of-sale-system-for-small-business-in-pakistan | /blog/best-pos-system-for-retail | /blog/cloud-pos-software-for-retail-stores | /blog/how-does-pos-machine-work | /blog/pos-reconciliation | /blog/what-is-a-pos-person-meaning-and-responsibilities | /blog/what-is-a-pos-purchase | /blog/what-is-point-of-sale-transaction | /blog/what-is-pos | /blog/what-is-pos-debit-meaning | /blog/what-is-pos-experience-12-tips-to-satisfy-your-customers | /blog/what-is-pos-skills-understand-pos-skill-meaning | /blogs | /cattle-management-software | /contact | /customer-management | /fbr-integrated-pos-pakistan | /features | /industries | /industries/bakery-pos-system | /industries/cafe | /industries/clothing-store | /industries/electric-store | /industries/furniture-store | /industries/jewellery-shop | /industries/manufacturing-industries | /industries/pharmacy-store | /industries/restaurant-pos | /industries/retail-store | /industries/salon-pos | /industries/toys-store | /integration | /inventory-management | /logistics-management-software | /mobile-pos | /order-management | /pos-case-studies | /pos-case-studies/cupcake-queen-bakery-pos-qatar | /pos-case-studies/farhan-caterers-pos-karachi | /pos-case-studies/implementing-a-pos-system-for-retail-the-laptop-store | /pos-case-studies/implementing-pos-systems-for-medical-euquipment-industry | /pos-case-studies/real-tech-pos-system-karachi | /pos-software-ksa | /pos-software-qatar | /pos-software-uae | /pos-software-usa | /pricing | /privacy-policy | /purchase-orders | /reporting-module | /terms-and-conditions | /vendors-management | /website | /zatca","200","","200","/fbr-integrated-pos-pakistan","true"
"/pricing","/ | /about | /apps | /author/hulm-solutions-editorial-team | /blog/best-free-pos-software-and-system | /blog/best-point-of-sale-system-for-small-business-in-pakistan | /blog/best-pos-system-for-retail | /blog/cloud-pos-software-for-retail-stores | /blog/how-does-pos-machine-work | /blog/pos-reconciliation | /blog/what-is-a-pos-person-meaning-and-responsibilities | /blog/what-is-a-pos-purchase | /blog/what-is-point-of-sale-transaction | /blog/what-is-pos | /blog/what-is-pos-debit-meaning | /blog/what-is-pos-experience-12-tips-to-satisfy-your-customers | /blog/what-is-pos-skills-understand-pos-skill-meaning | /blogs | /cattle-management-software | /contact | /customer-management | /fbr-integrated-pos-pakistan | /features | /industries | /industries/bakery-pos-system | /industries/cafe | /industries/clothing-store | /industries/electric-store | /industries/furniture-store | /industries/jewellery-shop | /industries/manufacturing-industries | /industries/pharmacy-store | /industries/restaurant-pos | /industries/retail-store | /industries/salon-pos | /industries/toys-store | /integration | /inventory-management | /logistics-management-software | /mobile-pos | /order-management | /pos-case-studies | /pos-case-studies/cupcake-queen-bakery-pos-qatar | /pos-case-studies/farhan-caterers-pos-karachi | /pos-case-studies/implementing-a-pos-system-for-retail-the-laptop-store | /pos-case-studies/implementing-pos-systems-for-medical-euquipment-industry | /pos-case-studies/real-tech-pos-system-karachi | /pos-software-ksa | /pos-software-qatar | /pos-software-uae | /pos-software-usa | /pricing | /privacy-policy | /purchase-orders | /reporting-module | /terms-and-conditions | /vendors-management | /website | /zatca","200","","200","/pricing","true"
"/pos-case-studies","/ | /about | /apps | /author/hulm-solutions-editorial-team | /blog/best-free-pos-software-and-system | /blog/best-point-of-sale-system-for-small-business-in-pakistan | /blog/best-pos-system-for-retail | /blog/cloud-pos-software-for-retail-stores | /blog/how-does-pos-machine-work | /blog/pos-reconciliation | /blog/what-is-a-pos-person-meaning-and-responsibilities | /blog/what-is-a-pos-purchase | /blog/what-is-point-of-sale-transaction | /blog/what-is-pos | /blog/what-is-pos-debit-meaning | /blog/what-is-pos-experience-12-tips-to-satisfy-your-customers | /blog/what-is-pos-skills-understand-pos-skill-meaning | /blogs | /cattle-management-software | /contact | /customer-management | /fbr-integrated-pos-pakistan | /features | /industries | /industries/bakery-pos-system | /industries/cafe | /industries/clothing-store | /industries/electric-store | /industries/furniture-store | /industries/jewellery-shop | /industries/manufacturing-industries | /industries/pharmacy-store | /industries/restaurant-pos | /industries/retail-store | /industries/salon-pos | /industries/toys-store | /integration | /inventory-management | /logistics-management-software | /mobile-pos | /order-management | /pos-case-studies | /pos-case-studies/cupcake-queen-bakery-pos-qatar | /pos-case-studies/farhan-caterers-pos-karachi | /pos-case-studies/implementing-a-pos-system-for-retail-the-laptop-store | /pos-case-studies/implementing-pos-systems-for-medical-euquipment-industry | /pos-case-studies/real-tech-pos-system-karachi | /pos-software-ksa | /pos-software-qatar | /pos-software-uae | /pos-software-usa | /pricing | /privacy-policy | /purchase-orders | /reporting-module | /terms-and-conditions | /vendors-management | /website | /zatca","200","","200","/pos-case-studies","true"
"/blogs","/ | /about | /apps | /author/hulm-solutions-editorial-team | /blog/best-free-pos-software-and-system | /blog/best-point-of-sale-system-for-small-business-in-pakistan | /blog/best-pos-system-for-retail | /blog/cloud-pos-software-for-retail-stores | /blog/how-does-pos-machine-work | /blog/pos-reconciliation | /blog/what-is-a-pos-person-meaning-and-responsibilities | /blog/what-is-a-pos-purchase | /blog/what-is-point-of-sale-transaction | /blog/what-is-pos | /blog/what-is-pos-debit-meaning | /blog/what-is-pos-experience-12-tips-to-satisfy-your-customers | /blog/what-is-pos-skills-understand-pos-skill-meaning | /blogs | /cattle-management-software | /contact | /customer-management | /fbr-integrated-pos-pakistan | /features | /industries | /industries/bakery-pos-system | /industries/cafe | /industries/clothing-store | /industries/electric-store | /industries/furniture-store | /industries/jewellery-shop | /industries/manufacturing-industries | /industries/pharmacy-store | /industries/restaurant-pos | /industries/retail-store | /industries/salon-pos | /industries/toys-store | /integration | /inventory-management | /logistics-management-software | /mobile-pos | /order-management | /pos-case-studies | /pos-case-studies/cupcake-queen-bakery-pos-qatar | /pos-case-studies/farhan-caterers-pos-karachi | /pos-case-studies/implementing-a-pos-system-for-retail-the-laptop-store | /pos-case-studies/implementing-pos-systems-for-medical-euquipment-industry | /pos-case-studies/real-tech-pos-system-karachi | /pos-software-ksa | /pos-software-qatar | /pos-software-uae | /pos-software-usa | /pricing | /privacy-policy | /purchase-orders | /reporting-module | /terms-and-conditions | /vendors-management | /website | /zatca","200","","200","/blogs","true"
"/contact","/ | /about | /apps | /author/hulm-solutions-editorial-team | /blog/best-free-pos-software-and-system | /blog/best-point-of-sale-system-for-small-business-in-pakistan | /blog/best-pos-system-for-retail | /blog/cloud-pos-software-for-retail-stores | /blog/how-does-pos-machine-work | /blog/pos-reconciliation | /blog/what-is-a-pos-person-meaning-and-responsibilities | /blog/what-is-a-pos-purchase | /blog/what-is-point-of-sale-transaction | /blog/what-is-pos | /blog/what-is-pos-debit-meaning | /blog/what-is-pos-experience-12-tips-to-satisfy-your-customers | /blog/what-is-pos-skills-understand-pos-skill-meaning | /blogs | /cattle-management-software | /contact | /customer-management | /fbr-integrated-pos-pakistan | /features | /industries | /industries/bakery-pos-system | /industries/cafe | /industries/clothing-store | /industries/electric-store | /industries/furniture-store | /industries/jewellery-shop | /industries/manufacturing-industries | /industries/pharmacy-store | /industries/restaurant-pos | /industries/retail-store | /industries/salon-pos | /industries/toys-store | /integration | /inventory-management | /logistics-management-software | /mobile-pos | /order-management | /pos-case-studies | /pos-case-studies/cupcake-queen-bakery-pos-qatar | /pos-case-studies/farhan-caterers-pos-karachi | /pos-case-studies/implementing-a-pos-system-for-retail-the-laptop-store | /pos-case-studies/implementing-pos-systems-for-medical-euquipment-industry | /pos-case-studies/real-tech-pos-system-karachi | /pos-software-ksa | /pos-software-qatar | /pos-software-uae | /pos-software-usa | /pricing | /privacy-policy | /purchase-orders | /reporting-module | /terms-and-conditions | /vendors-management | /website | /zatca","200","","200","/contact","true"
"/features","/ | /about | /apps | /author/hulm-solutions-editorial-team | /blog/best-free-pos-software-and-system | /blog/best-point-of-sale-system-for-small-business-in-pakistan | /blog/best-pos-system-for-retail | /blog/cloud-pos-software-for-retail-stores | /blog/how-does-pos-machine-work | /blog/pos-reconciliation | /blog/what-is-a-pos-person-meaning-and-responsibilities | /blog/what-is-a-pos-purchase | /blog/what-is-point-of-sale-transaction | /blog/what-is-pos | /blog/what-is-pos-debit-meaning | /blog/what-is-pos-experience-12-tips-to-satisfy-your-customers | /blog/what-is-pos-skills-understand-pos-skill-meaning | /blogs | /cattle-management-software | /contact | /customer-management | /fbr-integrated-pos-pakistan | /features | /industries | /industries/bakery-pos-system | /industries/cafe | /industries/clothing-store | /industries/electric-store | /industries/furniture-store | /industries/jewellery-shop | /industries/manufacturing-industries | /industries/pharmacy-store | /industries/restaurant-pos | /industries/retail-store | /industries/salon-pos | /industries/toys-store | /integration | /inventory-management | /logistics-management-software | /mobile-pos | /order-management | /pos-case-studies | /pos-case-studies/cupcake-queen-bakery-pos-qatar | /pos-case-studies/farhan-caterers-pos-karachi | /pos-case-studies/implementing-a-pos-system-for-retail-the-laptop-store | /pos-case-studies/implementing-pos-systems-for-medical-euquipment-industry | /pos-case-studies/real-tech-pos-system-karachi | /pos-software-ksa | /pos-software-qatar | /pos-software-uae | /pos-software-usa | /pricing | /privacy-policy | /purchase-orders | /reporting-module | /terms-and-conditions | /vendors-management | /website | /zatca","200","","200","/features","true"
"/inventory-management","/ | /about | /apps | /author/hulm-solutions-editorial-team | /blog/best-free-pos-software-and-system | /blog/best-point-of-sale-system-for-small-business-in-pakistan | /blog/best-pos-system-for-retail | /blog/cloud-pos-software-for-retail-stores | /blog/how-does-pos-machine-work | /blog/pos-reconciliation | /blog/what-is-a-pos-person-meaning-and-responsibilities | /blog/what-is-a-pos-purchase | /blog/what-is-point-of-sale-transaction | /blog/what-is-pos | /blog/what-is-pos-debit-meaning | /blog/what-is-pos-experience-12-tips-to-satisfy-your-customers | /blog/what-is-pos-skills-understand-pos-skill-meaning | /blogs | /cattle-management-software | /contact | /customer-management | /fbr-integrated-pos-pakistan | /features | /industries | /industries/bakery-pos-system | /industries/cafe | /industries/clothing-store | /industries/electric-store | /industries/furniture-store | /industries/jewellery-shop | /industries/manufacturing-industries | /industries/pharmacy-store | /industries/restaurant-pos | /industries/retail-store | /industries/salon-pos | /industries/toys-store | /integration | /inventory-management | /logistics-management-software | /mobile-pos | /order-management | /pos-case-studies | /pos-case-studies/cupcake-queen-bakery-pos-qatar | /pos-case-studies/farhan-caterers-pos-karachi | /pos-case-studies/implementing-a-pos-system-for-retail-the-laptop-store | /pos-case-studies/implementing-pos-systems-for-medical-euquipment-industry | /pos-case-studies/real-tech-pos-system-karachi | /pos-software-ksa | /pos-software-qatar | /pos-software-uae | /pos-software-usa | /pricing | /privacy-policy | /purchase-orders | /reporting-module | /terms-and-conditions | /vendors-management | /website | /zatca","200","","200","/inventory-management","true"
"/purchase-orders","/ | /about | /apps | /author/hulm-solutions-editorial-team | /blog/best-free-pos-software-and-system | /blog/best-point-of-sale-system-for-small-business-in-pakistan | /blog/best-pos-system-for-retail | /blog/cloud-pos-software-for-retail-stores | /blog/how-does-pos-machine-work | /blog/pos-reconciliation | /blog/what-is-a-pos-person-meaning-and-responsibilities | /blog/what-is-a-pos-purchase | /blog/what-is-point-of-sale-transaction | /blog/what-is-pos | /blog/what-is-pos-debit-meaning | /blog/what-is-pos-experience-12-tips-to-satisfy-your-customers | /blog/what-is-pos-skills-understand-pos-skill-meaning | /blogs | /cattle-management-software | /contact | /customer-management | /fbr-integrated-pos-pakistan | /features | /industries | /industries/bakery-pos-system | /industries/cafe | /industries/clothing-store | /industries/electric-store | /industries/furniture-store | /industries/jewellery-shop | /industries/manufacturing-industries | /industries/pharmacy-store | /industries/restaurant-pos | /industries/retail-store | /industries/salon-pos | /industries/toys-store | /integration | /inventory-management | /logistics-management-software | /mobile-pos | /order-management | /pos-case-studies | /pos-case-studies/cupcake-queen-bakery-pos-qatar | /pos-case-studies/farhan-caterers-pos-karachi | /pos-case-studies/implementing-a-pos-system-for-retail-the-laptop-store | /pos-case-studies/implementing-pos-systems-for-medical-euquipment-industry | /pos-case-studies/real-tech-pos-system-karachi | /pos-software-ksa | /pos-software-qatar | /pos-software-uae | /pos-software-usa | /pricing | /privacy-policy | /purchase-orders | /reporting-module | /terms-and-conditions | /vendors-management | /website | /zatca","200","","200","/purchase-orders","true"
"/reporting-module","/ | /about | /apps | /author/hulm-solutions-editorial-team | /blog/best-free-pos-software-and-system | /blog/best-point-of-sale-system-for-small-business-in-pakistan | /blog/best-pos-system-for-retail | /blog/cloud-pos-software-for-retail-stores | /blog/how-does-pos-machine-work | /blog/pos-reconciliation | /blog/what-is-a-pos-person-meaning-and-responsibilities | /blog/what-is-a-pos-purchase | /blog/what-is-point-of-sale-transaction | /blog/what-is-pos | /blog/what-is-pos-debit-meaning | /blog/what-is-pos-experience-12-tips-to-satisfy-your-customers | /blog/what-is-pos-skills-understand-pos-skill-meaning | /blogs | /cattle-management-software | /contact | /customer-management | /fbr-integrated-pos-pakistan | /features | /industries | /industries/bakery-pos-system | /industries/cafe | /industries/clothing-store | /industries/electric-store | /industries/furniture-store | /industries/jewellery-shop | /industries/manufacturing-industries | /industries/pharmacy-store | /industries/restaurant-pos | /industries/retail-store | /industries/salon-pos | /industries/toys-store | /integration | /inventory-management | /logistics-management-software | /mobile-pos | /order-management | /pos-case-studies | /pos-case-studies/cupcake-queen-bakery-pos-qatar | /pos-case-studies/farhan-caterers-pos-karachi | /pos-case-studies/implementing-a-pos-system-for-retail-the-laptop-store | /pos-case-studies/implementing-pos-systems-for-medical-euquipment-industry | /pos-case-studies/real-tech-pos-system-karachi | /pos-software-ksa | /pos-software-qatar | /pos-software-uae | /pos-software-usa | /pricing | /privacy-policy | /purchase-orders | /reporting-module | /terms-and-conditions | /vendors-management | /website | /zatca","200","","200","/reporting-module","true"
"/industries/retail-store","/ | /about | /apps | /author/hulm-solutions-editorial-team | /blog/best-free-pos-software-and-system | /blog/best-point-of-sale-system-for-small-business-in-pakistan | /blog/best-pos-system-for-retail | /blog/cloud-pos-software-for-retail-stores | /blog/how-does-pos-machine-work | /blog/pos-reconciliation | /blog/what-is-a-pos-person-meaning-and-responsibilities | /blog/what-is-a-pos-purchase | /blog/what-is-point-of-sale-transaction | /blog/what-is-pos | /blog/what-is-pos-debit-meaning | /blog/what-is-pos-experience-12-tips-to-satisfy-your-customers | /blog/what-is-pos-skills-understand-pos-skill-meaning | /blogs | /cattle-management-software | /contact | /customer-management | /fbr-integrated-pos-pakistan | /features | /industries | /industries/bakery-pos-system | /industries/cafe | /industries/clothing-store | /industries/electric-store | /industries/furniture-store | /industries/jewellery-shop | /industries/manufacturing-industries | /industries/pharmacy-store | /industries/restaurant-pos | /industries/retail-store | /industries/salon-pos | /industries/toys-store | /integration | /inventory-management | /logistics-management-software | /mobile-pos | /order-management | /pos-case-studies | /pos-case-studies/cupcake-queen-bakery-pos-qatar | /pos-case-studies/farhan-caterers-pos-karachi | /pos-case-studies/implementing-a-pos-system-for-retail-the-laptop-store | /pos-case-studies/implementing-pos-systems-for-medical-euquipment-industry | /pos-case-studies/real-tech-pos-system-karachi | /pos-software-ksa | /pos-software-qatar | /pos-software-uae | /pos-software-usa | /pricing | /privacy-policy | /purchase-orders | /reporting-module | /terms-and-conditions | /vendors-management | /website | /zatca","200","","200","/industries/retail-store","true"
"/industries/restaurant-pos","/ | /about | /apps | /author/hulm-solutions-editorial-team | /blog/best-free-pos-software-and-system | /blog/best-point-of-sale-system-for-small-business-in-pakistan | /blog/best-pos-system-for-retail | /blog/cloud-pos-software-for-retail-stores | /blog/how-does-pos-machine-work | /blog/pos-reconciliation | /blog/what-is-a-pos-person-meaning-and-responsibilities | /blog/what-is-a-pos-purchase | /blog/what-is-point-of-sale-transaction | /blog/what-is-pos | /blog/what-is-pos-debit-meaning | /blog/what-is-pos-experience-12-tips-to-satisfy-your-customers | /blog/what-is-pos-skills-understand-pos-skill-meaning | /blogs | /cattle-management-software | /contact | /customer-management | /fbr-integrated-pos-pakistan | /features | /industries | /industries/bakery-pos-system | /industries/cafe | /industries/clothing-store | /industries/electric-store | /industries/furniture-store | /industries/jewellery-shop | /industries/manufacturing-industries | /industries/pharmacy-store | /industries/restaurant-pos | /industries/retail-store | /industries/salon-pos | /industries/toys-store | /integration | /inventory-management | /logistics-management-software | /mobile-pos | /order-management | /pos-case-studies | /pos-case-studies/cupcake-queen-bakery-pos-qatar | /pos-case-studies/farhan-caterers-pos-karachi | /pos-case-studies/implementing-a-pos-system-for-retail-the-laptop-store | /pos-case-studies/implementing-pos-systems-for-medical-euquipment-industry | /pos-case-studies/real-tech-pos-system-karachi | /pos-software-ksa | /pos-software-qatar | /pos-software-uae | /pos-software-usa | /pricing | /privacy-policy | /purchase-orders | /reporting-module | /terms-and-conditions | /vendors-management | /website | /zatca","200","","200","/industries/restaurant-pos","true"
"/industries/pharmacy-store","/ | /about | /apps | /author/hulm-solutions-editorial-team | /blog/best-free-pos-software-and-system | /blog/best-point-of-sale-system-for-small-business-in-pakistan | /blog/best-pos-system-for-retail | /blog/cloud-pos-software-for-retail-stores | /blog/how-does-pos-machine-work | /blog/pos-reconciliation | /blog/what-is-a-pos-person-meaning-and-responsibilities | /blog/what-is-a-pos-purchase | /blog/what-is-point-of-sale-transaction | /blog/what-is-pos | /blog/what-is-pos-debit-meaning | /blog/what-is-pos-experience-12-tips-to-satisfy-your-customers | /blog/what-is-pos-skills-understand-pos-skill-meaning | /blogs | /cattle-management-software | /contact | /customer-management | /fbr-integrated-pos-pakistan | /features | /industries | /industries/bakery-pos-system | /industries/cafe | /industries/clothing-store | /industries/electric-store | /industries/furniture-store | /industries/jewellery-shop | /industries/manufacturing-industries | /industries/pharmacy-store | /industries/restaurant-pos | /industries/retail-store | /industries/salon-pos | /industries/toys-store | /integration | /inventory-management | /logistics-management-software | /mobile-pos | /order-management | /pos-case-studies | /pos-case-studies/cupcake-queen-bakery-pos-qatar | /pos-case-studies/farhan-caterers-pos-karachi | /pos-case-studies/implementing-a-pos-system-for-retail-the-laptop-store | /pos-case-studies/implementing-pos-systems-for-medical-euquipment-industry | /pos-case-studies/real-tech-pos-system-karachi | /pos-software-ksa | /pos-software-qatar | /pos-software-uae | /pos-software-usa | /pricing | /privacy-policy | /purchase-orders | /reporting-module | /terms-and-conditions | /vendors-management | /website | /zatca","200","","200","/industries/pharmacy-store","true"
"/industries/bakery-pos-system","/ | /about | /apps | /author/hulm-solutions-editorial-team | /blog/best-free-pos-software-and-system | /blog/best-point-of-sale-system-for-small-business-in-pakistan | /blog/best-pos-system-for-retail | /blog/cloud-pos-software-for-retail-stores | /blog/how-does-pos-machine-work | /blog/pos-reconciliation | /blog/what-is-a-pos-person-meaning-and-responsibilities | /blog/what-is-a-pos-purchase | /blog/what-is-point-of-sale-transaction | /blog/what-is-pos | /blog/what-is-pos-debit-meaning | /blog/what-is-pos-experience-12-tips-to-satisfy-your-customers | /blog/what-is-pos-skills-understand-pos-skill-meaning | /blogs | /cattle-management-software | /contact | /customer-management | /fbr-integrated-pos-pakistan | /features | /industries | /industries/bakery-pos-system | /industries/cafe | /industries/clothing-store | /industries/electric-store | /industries/furniture-store | /industries/jewellery-shop | /industries/manufacturing-industries | /industries/pharmacy-store | /industries/restaurant-pos | /industries/retail-store | /industries/salon-pos | /industries/toys-store | /integration | /inventory-management | /logistics-management-software | /mobile-pos | /order-management | /pos-case-studies | /pos-case-studies/cupcake-queen-bakery-pos-qatar | /pos-case-studies/farhan-caterers-pos-karachi | /pos-case-studies/implementing-a-pos-system-for-retail-the-laptop-store | /pos-case-studies/implementing-pos-systems-for-medical-euquipment-industry | /pos-case-studies/real-tech-pos-system-karachi | /pos-software-ksa | /pos-software-qatar | /pos-software-uae | /pos-software-usa | /pricing | /privacy-policy | /purchase-orders | /reporting-module | /terms-and-conditions | /vendors-management | /website | /zatca","200","","200","/industries/bakery-pos-system","true"
"/industries/salon-pos","/ | /about | /apps | /author/hulm-solutions-editorial-team | /blog/best-free-pos-software-and-system | /blog/best-point-of-sale-system-for-small-business-in-pakistan | /blog/best-pos-system-for-retail | /blog/cloud-pos-software-for-retail-stores | /blog/how-does-pos-machine-work | /blog/pos-reconciliation | /blog/what-is-a-pos-person-meaning-and-responsibilities | /blog/what-is-a-pos-purchase | /blog/what-is-point-of-sale-transaction | /blog/what-is-pos | /blog/what-is-pos-debit-meaning | /blog/what-is-pos-experience-12-tips-to-satisfy-your-customers | /blog/what-is-pos-skills-understand-pos-skill-meaning | /blogs | /cattle-management-software | /contact | /customer-management | /fbr-integrated-pos-pakistan | /features | /industries | /industries/bakery-pos-system | /industries/cafe | /industries/clothing-store | /industries/electric-store | /industries/furniture-store | /industries/jewellery-shop | /industries/manufacturing-industries | /industries/pharmacy-store | /industries/restaurant-pos | /industries/retail-store | /industries/salon-pos | /industries/toys-store | /integration | /inventory-management | /logistics-management-software | /mobile-pos | /order-management | /pos-case-studies | /pos-case-studies/cupcake-queen-bakery-pos-qatar | /pos-case-studies/farhan-caterers-pos-karachi | /pos-case-studies/implementing-a-pos-system-for-retail-the-laptop-store | /pos-case-studies/implementing-pos-systems-for-medical-euquipment-industry | /pos-case-studies/real-tech-pos-system-karachi | /pos-software-ksa | /pos-software-qatar | /pos-software-uae | /pos-software-usa | /pricing | /privacy-policy | /purchase-orders | /reporting-module | /terms-and-conditions | /vendors-management | /website | /zatca","200","","200","/industries/salon-pos","true"
"/industries/clothing-store","/ | /blog/best-point-of-sale-system-for-small-business-in-pakistan | /industries | /pos-software-ksa | /pos-software-qatar | /pos-software-uae | /pos-software-usa","200","","200","/industries/clothing-store","true"
"/customer-management","/ | /about | /apps | /author/hulm-solutions-editorial-team | /blog/best-free-pos-software-and-system | /blog/best-point-of-sale-system-for-small-business-in-pakistan | /blog/best-pos-system-for-retail | /blog/cloud-pos-software-for-retail-stores | /blog/how-does-pos-machine-work | /blog/pos-reconciliation | /blog/what-is-a-pos-person-meaning-and-responsibilities | /blog/what-is-a-pos-purchase | /blog/what-is-point-of-sale-transaction | /blog/what-is-pos | /blog/what-is-pos-debit-meaning | /blog/what-is-pos-experience-12-tips-to-satisfy-your-customers | /blog/what-is-pos-skills-understand-pos-skill-meaning | /blogs | /cattle-management-software | /contact | /customer-management | /fbr-integrated-pos-pakistan | /features | /industries | /industries/bakery-pos-system | /industries/cafe | /industries/clothing-store | /industries/electric-store | /industries/furniture-store | /industries/jewellery-shop | /industries/manufacturing-industries | /industries/pharmacy-store | /industries/restaurant-pos | /industries/retail-store | /industries/salon-pos | /industries/toys-store | /integration | /inventory-management | /logistics-management-software | /mobile-pos | /order-management | /pos-case-studies | /pos-case-studies/cupcake-queen-bakery-pos-qatar | /pos-case-studies/farhan-caterers-pos-karachi | /pos-case-studies/implementing-a-pos-system-for-retail-the-laptop-store | /pos-case-studies/implementing-pos-systems-for-medical-euquipment-industry | /pos-case-studies/real-tech-pos-system-karachi | /pos-software-ksa | /pos-software-qatar | /pos-software-uae | /pos-software-usa | /pricing | /privacy-policy | /purchase-orders | /reporting-module | /terms-and-conditions | /vendors-management | /website | /zatca","200","","200","/customer-management","true"
"/integration","/ | /about | /apps | /author/hulm-solutions-editorial-team | /blog/best-free-pos-software-and-system | /blog/best-point-of-sale-system-for-small-business-in-pakistan | /blog/best-pos-system-for-retail | /blog/cloud-pos-software-for-retail-stores | /blog/how-does-pos-machine-work | /blog/pos-reconciliation | /blog/what-is-a-pos-person-meaning-and-responsibilities | /blog/what-is-a-pos-purchase | /blog/what-is-point-of-sale-transaction | /blog/what-is-pos | /blog/what-is-pos-debit-meaning | /blog/what-is-pos-experience-12-tips-to-satisfy-your-customers | /blog/what-is-pos-skills-understand-pos-skill-meaning | /blogs | /cattle-management-software | /contact | /customer-management | /fbr-integrated-pos-pakistan | /features | /industries | /industries/bakery-pos-system | /industries/cafe | /industries/clothing-store | /industries/electric-store | /industries/furniture-store | /industries/jewellery-shop | /industries/manufacturing-industries | /industries/pharmacy-store | /industries/restaurant-pos | /industries/retail-store | /industries/salon-pos | /industries/toys-store | /integration | /inventory-management | /logistics-management-software | /mobile-pos | /order-management | /pos-case-studies | /pos-case-studies/cupcake-queen-bakery-pos-qatar | /pos-case-studies/farhan-caterers-pos-karachi | /pos-case-studies/implementing-a-pos-system-for-retail-the-laptop-store | /pos-case-studies/implementing-pos-systems-for-medical-euquipment-industry | /pos-case-studies/real-tech-pos-system-karachi | /pos-software-ksa | /pos-software-qatar | /pos-software-uae | /pos-software-usa | /pricing | /privacy-policy | /purchase-orders | /reporting-module | /terms-and-conditions | /vendors-management | /website | /zatca","200","","200","/integration","true"
"/about","/ | /about | /apps | /author/hulm-solutions-editorial-team | /blog/best-free-pos-software-and-system | /blog/best-point-of-sale-system-for-small-business-in-pakistan | /blog/best-pos-system-for-retail | /blog/cloud-pos-software-for-retail-stores | /blog/how-does-pos-machine-work | /blog/pos-reconciliation | /blog/what-is-a-pos-person-meaning-and-responsibilities | /blog/what-is-a-pos-purchase | /blog/what-is-point-of-sale-transaction | /blog/what-is-pos | /blog/what-is-pos-debit-meaning | /blog/what-is-pos-experience-12-tips-to-satisfy-your-customers | /blog/what-is-pos-skills-understand-pos-skill-meaning | /blogs | /cattle-management-software | /contact | /customer-management | /fbr-integrated-pos-pakistan | /features | /industries | /industries/bakery-pos-system | /industries/cafe | /industries/clothing-store | /industries/electric-store | /industries/furniture-store | /industries/jewellery-shop | /industries/manufacturing-industries | /industries/pharmacy-store | /industries/restaurant-pos | /industries/retail-store | /industries/salon-pos | /industries/toys-store | /integration | /inventory-management | /logistics-management-software | /mobile-pos | /order-management | /pos-case-studies | /pos-case-studies/cupcake-queen-bakery-pos-qatar | /pos-case-studies/farhan-caterers-pos-karachi | /pos-case-studies/implementing-a-pos-system-for-retail-the-laptop-store | /pos-case-studies/implementing-pos-systems-for-medical-euquipment-industry | /pos-case-studies/real-tech-pos-system-karachi | /pos-software-ksa | /pos-software-qatar | /pos-software-uae | /pos-software-usa | /pricing | /privacy-policy | /purchase-orders | /reporting-module | /terms-and-conditions | /vendors-management | /website | /zatca","200","","200","/about","true"
"/pos-software-ksa","/ | /about | /apps | /author/hulm-solutions-editorial-team | /blog/best-free-pos-software-and-system | /blog/best-point-of-sale-system-for-small-business-in-pakistan | /blog/best-pos-system-for-retail | /blog/cloud-pos-software-for-retail-stores | /blog/how-does-pos-machine-work | /blog/pos-reconciliation | /blog/what-is-a-pos-person-meaning-and-responsibilities | /blog/what-is-a-pos-purchase | /blog/what-is-point-of-sale-transaction | /blog/what-is-pos | /blog/what-is-pos-debit-meaning | /blog/what-is-pos-experience-12-tips-to-satisfy-your-customers | /blog/what-is-pos-skills-understand-pos-skill-meaning | /blogs | /cattle-management-software | /contact | /customer-management | /fbr-integrated-pos-pakistan | /features | /industries | /industries/bakery-pos-system | /industries/cafe | /industries/clothing-store | /industries/electric-store | /industries/furniture-store | /industries/jewellery-shop | /industries/manufacturing-industries | /industries/pharmacy-store | /industries/restaurant-pos | /industries/retail-store | /industries/salon-pos | /industries/toys-store | /integration | /inventory-management | /logistics-management-software | /mobile-pos | /order-management | /pos-case-studies | /pos-case-studies/cupcake-queen-bakery-pos-qatar | /pos-case-studies/farhan-caterers-pos-karachi | /pos-case-studies/implementing-a-pos-system-for-retail-the-laptop-store | /pos-case-studies/implementing-pos-systems-for-medical-euquipment-industry | /pos-case-studies/real-tech-pos-system-karachi | /pos-software-ksa | /pos-software-qatar | /pos-software-uae | /pos-software-usa | /pricing | /privacy-policy | /purchase-orders | /reporting-module | /terms-and-conditions | /vendors-management | /website | /zatca","200","","200","/pos-software-ksa","true"
"/pos-software-uae","/ | /about | /apps | /author/hulm-solutions-editorial-team | /blog/best-free-pos-software-and-system | /blog/best-point-of-sale-system-for-small-business-in-pakistan | /blog/best-pos-system-for-retail | /blog/cloud-pos-software-for-retail-stores | /blog/how-does-pos-machine-work | /blog/pos-reconciliation | /blog/what-is-a-pos-person-meaning-and-responsibilities | /blog/what-is-a-pos-purchase | /blog/what-is-point-of-sale-transaction | /blog/what-is-pos | /blog/what-is-pos-debit-meaning | /blog/what-is-pos-experience-12-tips-to-satisfy-your-customers | /blog/what-is-pos-skills-understand-pos-skill-meaning | /blogs | /cattle-management-software | /contact | /customer-management | /fbr-integrated-pos-pakistan | /features | /industries | /industries/bakery-pos-system | /industries/cafe | /industries/clothing-store | /industries/electric-store | /industries/furniture-store | /industries/jewellery-shop | /industries/manufacturing-industries | /industries/pharmacy-store | /industries/restaurant-pos | /industries/retail-store | /industries/salon-pos | /industries/toys-store | /integration | /inventory-management | /logistics-management-software | /mobile-pos | /order-management | /pos-case-studies | /pos-case-studies/cupcake-queen-bakery-pos-qatar | /pos-case-studies/farhan-caterers-pos-karachi | /pos-case-studies/implementing-a-pos-system-for-retail-the-laptop-store | /pos-case-studies/implementing-pos-systems-for-medical-euquipment-industry | /pos-case-studies/real-tech-pos-system-karachi | /pos-software-ksa | /pos-software-qatar | /pos-software-uae | /pos-software-usa | /pricing | /privacy-policy | /purchase-orders | /reporting-module | /terms-and-conditions | /vendors-management | /website | /zatca","200","","200","/pos-software-uae","true"
"/pos-software-usa","/ | /about | /apps | /author/hulm-solutions-editorial-team | /blog/best-free-pos-software-and-system | /blog/best-point-of-sale-system-for-small-business-in-pakistan | /blog/best-pos-system-for-retail | /blog/cloud-pos-software-for-retail-stores | /blog/how-does-pos-machine-work | /blog/pos-reconciliation | /blog/what-is-a-pos-person-meaning-and-responsibilities | /blog/what-is-a-pos-purchase | /blog/what-is-point-of-sale-transaction | /blog/what-is-pos | /blog/what-is-pos-debit-meaning | /blog/what-is-pos-experience-12-tips-to-satisfy-your-customers | /blog/what-is-pos-skills-understand-pos-skill-meaning | /blogs | /cattle-management-software | /contact | /customer-management | /fbr-integrated-pos-pakistan | /features | /industries | /industries/bakery-pos-system | /industries/cafe | /industries/clothing-store | /industries/electric-store | /industries/furniture-store | /industries/jewellery-shop | /industries/manufacturing-industries | /industries/pharmacy-store | /industries/restaurant-pos | /industries/retail-store | /industries/salon-pos | /industries/toys-store | /integration | /inventory-management | /logistics-management-software | /mobile-pos | /order-management | /pos-case-studies | /pos-case-studies/cupcake-queen-bakery-pos-qatar | /pos-case-studies/farhan-caterers-pos-karachi | /pos-case-studies/implementing-a-pos-system-for-retail-the-laptop-store | /pos-case-studies/implementing-pos-systems-for-medical-euquipment-industry | /pos-case-studies/real-tech-pos-system-karachi | /pos-software-ksa | /pos-software-qatar | /pos-software-uae | /pos-software-usa | /pricing | /privacy-policy | /purchase-orders | /reporting-module | /terms-and-conditions | /vendors-management | /website | /zatca","200","","200","/pos-software-usa","true"
"/pos-software-qatar","/ | /about | /apps | /author/hulm-solutions-editorial-team | /blog/best-free-pos-software-and-system | /blog/best-point-of-sale-system-for-small-business-in-pakistan | /blog/best-pos-system-for-retail | /blog/cloud-pos-software-for-retail-stores | /blog/how-does-pos-machine-work | /blog/pos-reconciliation | /blog/what-is-a-pos-person-meaning-and-responsibilities | /blog/what-is-a-pos-purchase | /blog/what-is-point-of-sale-transaction | /blog/what-is-pos | /blog/what-is-pos-debit-meaning | /blog/what-is-pos-experience-12-tips-to-satisfy-your-customers | /blog/what-is-pos-skills-understand-pos-skill-meaning | /blogs | /cattle-management-software | /contact | /customer-management | /fbr-integrated-pos-pakistan | /features | /industries | /industries/bakery-pos-system | /industries/cafe | /industries/clothing-store | /industries/electric-store | /industries/furniture-store | /industries/jewellery-shop | /industries/manufacturing-industries | /industries/pharmacy-store | /industries/restaurant-pos | /industries/retail-store | /industries/salon-pos | /industries/toys-store | /integration | /inventory-management | /logistics-management-software | /mobile-pos | /order-management | /pos-case-studies | /pos-case-studies/cupcake-queen-bakery-pos-qatar | /pos-case-studies/farhan-caterers-pos-karachi | /pos-case-studies/implementing-a-pos-system-for-retail-the-laptop-store | /pos-case-studies/implementing-pos-systems-for-medical-euquipment-industry | /pos-case-studies/real-tech-pos-system-karachi | /pos-software-ksa | /pos-software-qatar | /pos-software-uae | /pos-software-usa | /pricing | /privacy-policy | /purchase-orders | /reporting-module | /terms-and-conditions | /vendors-management | /website | /zatca","200","","200","/pos-software-qatar","true"
"/privacy-policy","/ | /about | /apps | /author/hulm-solutions-editorial-team | /blog/best-free-pos-software-and-system | /blog/best-point-of-sale-system-for-small-business-in-pakistan | /blog/best-pos-system-for-retail | /blog/cloud-pos-software-for-retail-stores | /blog/how-does-pos-machine-work | /blog/pos-reconciliation | /blog/what-is-a-pos-person-meaning-and-responsibilities | /blog/what-is-a-pos-purchase | /blog/what-is-point-of-sale-transaction | /blog/what-is-pos | /blog/what-is-pos-debit-meaning | /blog/what-is-pos-experience-12-tips-to-satisfy-your-customers | /blog/what-is-pos-skills-understand-pos-skill-meaning | /blogs | /cattle-management-software | /contact | /customer-management | /fbr-integrated-pos-pakistan | /features | /industries | /industries/bakery-pos-system | /industries/cafe | /industries/clothing-store | /industries/electric-store | /industries/furniture-store | /industries/jewellery-shop | /industries/manufacturing-industries | /industries/pharmacy-store | /industries/restaurant-pos | /industries/retail-store | /industries/salon-pos | /industries/toys-store | /integration | /inventory-management | /logistics-management-software | /mobile-pos | /order-management | /pos-case-studies | /pos-case-studies/cupcake-queen-bakery-pos-qatar | /pos-case-studies/farhan-caterers-pos-karachi | /pos-case-studies/implementing-a-pos-system-for-retail-the-laptop-store | /pos-case-studies/implementing-pos-systems-for-medical-euquipment-industry | /pos-case-studies/real-tech-pos-system-karachi | /pos-software-ksa | /pos-software-qatar | /pos-software-uae | /pos-software-usa | /pricing | /privacy-policy | /purchase-orders | /reporting-module | /terms-and-conditions | /vendors-management | /website | /zatca","200","","200","/privacy-policy","true"
"/terms-and-conditions","/ | /about | /apps | /author/hulm-solutions-editorial-team | /blog/best-free-pos-software-and-system | /blog/best-point-of-sale-system-for-small-business-in-pakistan | /blog/best-pos-system-for-retail | /blog/cloud-pos-software-for-retail-stores | /blog/how-does-pos-machine-work | /blog/pos-reconciliation | /blog/what-is-a-pos-person-meaning-and-responsibilities | /blog/what-is-a-pos-purchase | /blog/what-is-point-of-sale-transaction | /blog/what-is-pos | /blog/what-is-pos-debit-meaning | /blog/what-is-pos-experience-12-tips-to-satisfy-your-customers | /blog/what-is-pos-skills-understand-pos-skill-meaning | /blogs | /cattle-management-software | /contact | /customer-management | /fbr-integrated-pos-pakistan | /features | /industries | /industries/bakery-pos-system | /industries/cafe | /industries/clothing-store | /industries/electric-store | /industries/furniture-store | /industries/jewellery-shop | /industries/manufacturing-industries | /industries/pharmacy-store | /industries/restaurant-pos | /industries/retail-store | /industries/salon-pos | /industries/toys-store | /integration | /inventory-management | /logistics-management-software | /mobile-pos | /order-management | /pos-case-studies | /pos-case-studies/cupcake-queen-bakery-pos-qatar | /pos-case-studies/farhan-caterers-pos-karachi | /pos-case-studies/implementing-a-pos-system-for-retail-the-laptop-store | /pos-case-studies/implementing-pos-systems-for-medical-euquipment-industry | /pos-case-studies/real-tech-pos-system-karachi | /pos-software-ksa | /pos-software-qatar | /pos-software-uae | /pos-software-usa | /pricing | /privacy-policy | /purchase-orders | /reporting-module | /terms-and-conditions | /vendors-management | /website | /zatca","200","","200","/terms-and-conditions","true"
"/order-management","/apps","200","","200","/order-management","true"
"/mobile-pos","/apps | /blog/best-point-of-sale-system-for-small-business-in-pakistan","200","","200","/mobile-pos","true"
"/website","/apps","200","","200","/website","true"
"/blog/what-is-pos","/author/hulm-solutions-editorial-team | /blog/best-free-pos-software-and-system | /blog/best-point-of-sale-system-for-small-business-in-pakistan | /blog/cloud-pos-software-for-retail-stores | /blog/how-does-pos-machine-work | /blog/pos-reconciliation | /blog/what-is-a-pos-person-meaning-and-responsibilities | /blog/what-is-a-pos-purchase | /blog/what-is-point-of-sale-transaction | /blog/what-is-pos | /blog/what-is-pos-debit-meaning | /blog/what-is-pos-experience-12-tips-to-satisfy-your-customers | /blog/what-is-pos-skills-understand-pos-skill-meaning | /blogs","200","","200","/blog/what-is-pos","true"
"/blog/what-is-pos-debit-meaning","/author/hulm-solutions-editorial-team | /blog/best-free-pos-software-and-system | /blog/best-point-of-sale-system-for-small-business-in-pakistan | /blog/best-pos-system-for-retail | /blog/cloud-pos-software-for-retail-stores | /blog/how-does-pos-machine-work | /blog/pos-reconciliation | /blog/what-is-a-pos-person-meaning-and-responsibilities | /blog/what-is-a-pos-purchase | /blog/what-is-point-of-sale-transaction | /blog/what-is-pos | /blog/what-is-pos-debit-meaning | /blog/what-is-pos-experience-12-tips-to-satisfy-your-customers | /blog/what-is-pos-skills-understand-pos-skill-meaning | /blogs","200","","200","/blog/what-is-pos-debit-meaning","true"
"/blog/best-pos-system-for-retail","/author/hulm-solutions-editorial-team | /blog/best-free-pos-software-and-system | /blog/best-point-of-sale-system-for-small-business-in-pakistan | /blog/best-pos-system-for-retail | /blog/cloud-pos-software-for-retail-stores | /blog/how-does-pos-machine-work | /blog/pos-reconciliation | /blog/what-is-a-pos-person-meaning-and-responsibilities | /blog/what-is-a-pos-purchase | /blog/what-is-point-of-sale-transaction | /blog/what-is-pos | /blog/what-is-pos-debit-meaning | /blog/what-is-pos-experience-12-tips-to-satisfy-your-customers | /blog/what-is-pos-skills-understand-pos-skill-meaning | /blogs","200","","200","/blog/best-pos-system-for-retail","true"
"/blog/what-is-a-pos-purchase","/author/hulm-solutions-editorial-team | /blog/best-pos-system-for-retail | /blog/what-is-a-pos-purchase | /blog/what-is-pos | /blog/what-is-pos-debit-meaning | /blogs","200","","200","/blog/what-is-a-pos-purchase","true"
"/blog/what-is-pos-skills-understand-pos-skill-meaning","/author/hulm-solutions-editorial-team | /blog/best-pos-system-for-retail | /blog/what-is-a-pos-person-meaning-and-responsibilities | /blog/what-is-a-pos-purchase | /blog/what-is-pos-debit-meaning | /blog/what-is-pos-skills-understand-pos-skill-meaning | /blogs","200","","200","/blog/what-is-pos-skills-understand-pos-skill-meaning","true"
"/blog/what-is-a-pos-person-meaning-and-responsibilities","/author/hulm-solutions-editorial-team | /blog/best-pos-system-for-retail | /blog/what-is-a-pos-person-meaning-and-responsibilities | /blog/what-is-a-pos-purchase | /blog/what-is-pos-experience-12-tips-to-satisfy-your-customers | /blog/what-is-pos-skills-understand-pos-skill-meaning | /blogs","200","","200","/blog/what-is-a-pos-person-meaning-and-responsibilities","true"
"/blog/pos-reconciliation","/author/hulm-solutions-editorial-team | /blog/best-pos-system-for-retail | /blog/pos-reconciliation | /blog/what-is-a-pos-person-meaning-and-responsibilities | /blog/what-is-a-pos-purchase | /blog/what-is-pos-debit-meaning | /blog/what-is-pos-experience-12-tips-to-satisfy-your-customers | /blog/what-is-pos-skills-understand-pos-skill-meaning | /blogs","200","","200","/blog/pos-reconciliation","true"
"/blog/cloud-pos-software-for-retail-stores","/author/hulm-solutions-editorial-team | /blog/best-pos-system-for-retail | /blog/cloud-pos-software-for-retail-stores | /blog/pos-reconciliation | /blog/what-is-a-pos-purchase | /blog/what-is-pos-skills-understand-pos-skill-meaning | /blogs","200","","200","/blog/cloud-pos-software-for-retail-stores","true"
"/blog/what-is-pos-experience-12-tips-to-satisfy-your-customers","/author/hulm-solutions-editorial-team | /blog/what-is-a-pos-person-meaning-and-responsibilities | /blog/what-is-a-pos-purchase | /blog/what-is-pos-debit-meaning | /blog/what-is-pos-experience-12-tips-to-satisfy-your-customers | /blog/what-is-pos-skills-understand-pos-skill-meaning | /blogs","200","","200","/blog/what-is-pos-experience-12-tips-to-satisfy-your-customers","true"
"/blog/what-is-point-of-sale-transaction","/author/hulm-solutions-editorial-team | /blog/best-pos-system-for-retail | /blog/cloud-pos-software-for-retail-stores | /blog/what-is-a-pos-person-meaning-and-responsibilities | /blog/what-is-a-pos-purchase | /blog/what-is-point-of-sale-transaction | /blog/what-is-pos-debit-meaning | /blog/what-is-pos-experience-12-tips-to-satisfy-your-customers | /blog/what-is-pos-skills-understand-pos-skill-meaning | /blogs","200","","200","/blog/what-is-point-of-sale-transaction","true"
"/blog/how-does-pos-machine-work","/author/hulm-solutions-editorial-team | /blog/best-free-pos-software-and-system | /blog/how-does-pos-machine-work | /blog/what-is-a-pos-purchase | /blog/what-is-pos-debit-meaning | /blogs","200","","200","/blog/how-does-pos-machine-work","true"
"/blog/best-free-pos-software-and-system","/author/hulm-solutions-editorial-team | /blog/best-free-pos-software-and-system | /blog/best-point-of-sale-system-for-small-business-in-pakistan | /blog/cloud-pos-software-for-retail-stores | /blog/what-is-a-pos-person-meaning-and-responsibilities | /blogs","200","","200","/blog/best-free-pos-software-and-system","true"
"/blog/best-point-of-sale-system-for-small-business-in-pakistan","/author/hulm-solutions-editorial-team | /blog/best-free-pos-software-and-system | /blog/best-point-of-sale-system-for-small-business-in-pakistan | /blog/how-does-pos-machine-work | /blog/what-is-a-pos-person-meaning-and-responsibilities | /blog/what-is-a-pos-purchase | /blog/what-is-point-of-sale-transaction | /blog/what-is-pos-skills-understand-pos-skill-meaning | /blogs","200","","200","/blog/best-point-of-sale-system-for-small-business-in-pakistan","true"
"/blog/best-free-pos-software-and-system","/author/hulm-solutions-editorial-team | /blog/best-free-pos-software-and-system | /blog/best-point-of-sale-system-for-small-business-in-pakistan | /blog/cloud-pos-software-for-retail-stores | /blog/what-is-a-pos-person-meaning-and-responsibilities | /blogs","200","","200","/blog/best-free-pos-software-and-system","true"
"/blog/best-free-pos-software-and-system","/author/hulm-solutions-editorial-team | /blog/best-free-pos-software-and-system | /blog/best-point-of-sale-system-for-small-business-in-pakistan | /blog/cloud-pos-software-for-retail-stores | /blog/what-is-a-pos-person-meaning-and-responsibilities | /blogs","200","","200","/blog/best-free-pos-software-and-system","true"
"/blog/best-free-pos-software-and-system","/author/hulm-solutions-editorial-team | /blog/best-free-pos-software-and-system | /blog/best-point-of-sale-system-for-small-business-in-pakistan | /blog/cloud-pos-software-for-retail-stores | /blog/what-is-a-pos-person-meaning-and-responsibilities | /blogs","200","","200","/blog/best-free-pos-software-and-system","true"
"/blog/best-free-pos-software-and-system","/author/hulm-solutions-editorial-team | /blog/best-free-pos-software-and-system | /blog/best-point-of-sale-system-for-small-business-in-pakistan | /blog/cloud-pos-software-for-retail-stores | /blog/what-is-a-pos-person-meaning-and-responsibilities | /blogs","200","","200","/blog/best-free-pos-software-and-system","true"
"/blog/best-free-pos-software-and-system","/author/hulm-solutions-editorial-team | /blog/best-free-pos-software-and-system | /blog/best-point-of-sale-system-for-small-business-in-pakistan | /blog/cloud-pos-software-for-retail-stores | /blog/what-is-a-pos-person-meaning-and-responsibilities | /blogs","200","","200","/blog/best-free-pos-software-and-system","true"
"/blog/best-free-pos-software-and-system","/author/hulm-solutions-editorial-team | /blog/best-free-pos-software-and-system | /blog/best-point-of-sale-system-for-small-business-in-pakistan | /blog/cloud-pos-software-for-retail-stores | /blog/what-is-a-pos-person-meaning-and-responsibilities | /blogs","200","","200","/blog/best-free-pos-software-and-system","true"
"/blog/best-free-pos-software-and-system","/author/hulm-solutions-editorial-team | /blog/best-free-pos-software-and-system | /blog/best-point-of-sale-system-for-small-business-in-pakistan | /blog/cloud-pos-software-for-retail-stores | /blog/what-is-a-pos-person-meaning-and-responsibilities | /blogs","200","","200","/blog/best-free-pos-software-and-system","true"
"/blog/best-free-pos-software-and-system","/author/hulm-solutions-editorial-team | /blog/best-free-pos-software-and-system | /blog/best-point-of-sale-system-for-small-business-in-pakistan | /blog/cloud-pos-software-for-retail-stores | /blog/what-is-a-pos-person-meaning-and-responsibilities | /blogs","200","","200","/blog/best-free-pos-software-and-system","true"
"/blog/best-free-pos-software-and-system","/author/hulm-solutions-editorial-team | /blog/best-free-pos-software-and-system | /blog/best-point-of-sale-system-for-small-business-in-pakistan | /blog/cloud-pos-software-for-retail-stores | /blog/what-is-a-pos-person-meaning-and-responsibilities | /blogs","200","","200","/blog/best-free-pos-software-and-system","true"
"/author/hulm-solutions-editorial-team","/blog/best-free-pos-software-and-system | /blog/best-point-of-sale-system-for-small-business-in-pakistan | /blog/best-pos-system-for-retail | /blog/cloud-pos-software-for-retail-stores | /blog/how-does-pos-machine-work | /blog/pos-reconciliation | /blog/what-is-a-pos-person-meaning-and-responsibilities | /blog/what-is-a-pos-purchase | /blog/what-is-point-of-sale-transaction | /blog/what-is-pos | /blog/what-is-pos-debit-meaning | /blog/what-is-pos-experience-12-tips-to-satisfy-your-customers | /blog/what-is-pos-skills-understand-pos-skill-meaning | /blogs","200","","200","/author/hulm-solutions-editorial-team","true"
"/vendors-management","/blog/best-free-pos-software-and-system","200","","200","/vendors-management","true"
"/","/ | /about | /apps | /author/hulm-solutions-editorial-team | /blog/best-free-pos-software-and-system | /blog/best-point-of-sale-system-for-small-business-in-pakistan | /blog/best-pos-system-for-retail | /blog/cloud-pos-software-for-retail-stores | /blog/how-does-pos-machine-work | /blog/pos-reconciliation | /blog/what-is-a-pos-person-meaning-and-responsibilities | /blog/what-is-a-pos-purchase | /blog/what-is-point-of-sale-transaction | /blog/what-is-pos | /blog/what-is-pos-debit-meaning | /blog/what-is-pos-experience-12-tips-to-satisfy-your-customers | /blog/what-is-pos-skills-understand-pos-skill-meaning | /blogs | /cattle-management-software | /contact | /customer-management | /fbr-integrated-pos-pakistan | /features | /industries | /industries/bakery-pos-system | /industries/cafe | /industries/clothing-store | /industries/electric-store | /industries/furniture-store | /industries/jewellery-shop | /industries/manufacturing-industries | /industries/pharmacy-store | /industries/restaurant-pos | /industries/retail-store | /industries/salon-pos | /industries/toys-store | /integration | /inventory-management | /logistics-management-software | /mobile-pos | /order-management | /pos-case-studies | /pos-case-studies/cupcake-queen-bakery-pos-qatar | /pos-case-studies/farhan-caterers-pos-karachi | /pos-case-studies/implementing-a-pos-system-for-retail-the-laptop-store | /pos-case-studies/implementing-pos-systems-for-medical-euquipment-industry | /pos-case-studies/real-tech-pos-system-karachi | /pos-software-ksa | /pos-software-qatar | /pos-software-uae | /pos-software-usa | /pricing | /privacy-policy | /purchase-orders | /reporting-module | /terms-and-conditions | /vendors-management | /website | /zatca","200","","200","/","true"
"/blog/best-point-of-sale-system-for-small-business-in-pakistan","/author/hulm-solutions-editorial-team | /blog/best-free-pos-software-and-system | /blog/best-point-of-sale-system-for-small-business-in-pakistan | /blog/how-does-pos-machine-work | /blog/what-is-a-pos-person-meaning-and-responsibilities | /blog/what-is-a-pos-purchase | /blog/what-is-point-of-sale-transaction | /blog/what-is-pos-skills-understand-pos-skill-meaning | /blogs","200","","200","/blog/best-point-of-sale-system-for-small-business-in-pakistan","true"
"/blog/best-point-of-sale-system-for-small-business-in-pakistan","/author/hulm-solutions-editorial-team | /blog/best-free-pos-software-and-system | /blog/best-point-of-sale-system-for-small-business-in-pakistan | /blog/how-does-pos-machine-work | /blog/what-is-a-pos-person-meaning-and-responsibilities | /blog/what-is-a-pos-purchase | /blog/what-is-point-of-sale-transaction | /blog/what-is-pos-skills-understand-pos-skill-meaning | /blogs","200","","200","/blog/best-point-of-sale-system-for-small-business-in-pakistan","true"
"/blog/best-point-of-sale-system-for-small-business-in-pakistan","/author/hulm-solutions-editorial-team | /blog/best-free-pos-software-and-system | /blog/best-point-of-sale-system-for-small-business-in-pakistan | /blog/how-does-pos-machine-work | /blog/what-is-a-pos-person-meaning-and-responsibilities | /blog/what-is-a-pos-purchase | /blog/what-is-point-of-sale-transaction | /blog/what-is-pos-skills-understand-pos-skill-meaning | /blogs","200","","200","/blog/best-point-of-sale-system-for-small-business-in-pakistan","true"
"/blog/best-point-of-sale-system-for-small-business-in-pakistan","/author/hulm-solutions-editorial-team | /blog/best-free-pos-software-and-system | /blog/best-point-of-sale-system-for-small-business-in-pakistan | /blog/how-does-pos-machine-work | /blog/what-is-a-pos-person-meaning-and-responsibilities | /blog/what-is-a-pos-purchase | /blog/what-is-point-of-sale-transaction | /blog/what-is-pos-skills-understand-pos-skill-meaning | /blogs","200","","200","/blog/best-point-of-sale-system-for-small-business-in-pakistan","true"
"/blog/best-point-of-sale-system-for-small-business-in-pakistan","/author/hulm-solutions-editorial-team | /blog/best-free-pos-software-and-system | /blog/best-point-of-sale-system-for-small-business-in-pakistan | /blog/how-does-pos-machine-work | /blog/what-is-a-pos-person-meaning-and-responsibilities | /blog/what-is-a-pos-purchase | /blog/what-is-point-of-sale-transaction | /blog/what-is-pos-skills-understand-pos-skill-meaning | /blogs","200","","200","/blog/best-point-of-sale-system-for-small-business-in-pakistan","true"
"/blog/best-point-of-sale-system-for-small-business-in-pakistan","/author/hulm-solutions-editorial-team | /blog/best-free-pos-software-and-system | /blog/best-point-of-sale-system-for-small-business-in-pakistan | /blog/how-does-pos-machine-work | /blog/what-is-a-pos-person-meaning-and-responsibilities | /blog/what-is-a-pos-purchase | /blog/what-is-point-of-sale-transaction | /blog/what-is-pos-skills-understand-pos-skill-meaning | /blogs","200","","200","/blog/best-point-of-sale-system-for-small-business-in-pakistan","true"
"/blog/best-point-of-sale-system-for-small-business-in-pakistan","/author/hulm-solutions-editorial-team | /blog/best-free-pos-software-and-system | /blog/best-point-of-sale-system-for-small-business-in-pakistan | /blog/how-does-pos-machine-work | /blog/what-is-a-pos-person-meaning-and-responsibilities | /blog/what-is-a-pos-purchase | /blog/what-is-point-of-sale-transaction | /blog/what-is-pos-skills-understand-pos-skill-meaning | /blogs","200","","200","/blog/best-point-of-sale-system-for-small-business-in-pakistan","true"
"/blog/best-point-of-sale-system-for-small-business-in-pakistan","/author/hulm-solutions-editorial-team | /blog/best-free-pos-software-and-system | /blog/best-point-of-sale-system-for-small-business-in-pakistan | /blog/how-does-pos-machine-work | /blog/what-is-a-pos-person-meaning-and-responsibilities | /blog/what-is-a-pos-purchase | /blog/what-is-point-of-sale-transaction | /blog/what-is-pos-skills-understand-pos-skill-meaning | /blogs","200","","200","/blog/best-point-of-sale-system-for-small-business-in-pakistan","true"
"/blog/best-point-of-sale-system-for-small-business-in-pakistan","/author/hulm-solutions-editorial-team | /blog/best-free-pos-software-and-system | /blog/best-point-of-sale-system-for-small-business-in-pakistan | /blog/how-does-pos-machine-work | /blog/what-is-a-pos-person-meaning-and-responsibilities | /blog/what-is-a-pos-purchase | /blog/what-is-point-of-sale-transaction | /blog/what-is-pos-skills-understand-pos-skill-meaning | /blogs","200","","200","/blog/best-point-of-sale-system-for-small-business-in-pakistan","true"
"/blog/best-point-of-sale-system-for-small-business-in-pakistan","/author/hulm-solutions-editorial-team | /blog/best-free-pos-software-and-system | /blog/best-point-of-sale-system-for-small-business-in-pakistan | /blog/how-does-pos-machine-work | /blog/what-is-a-pos-person-meaning-and-responsibilities | /blog/what-is-a-pos-purchase | /blog/what-is-point-of-sale-transaction | /blog/what-is-pos-skills-understand-pos-skill-meaning | /blogs","200","","200","/blog/best-point-of-sale-system-for-small-business-in-pakistan","true"
"/blog/best-point-of-sale-system-for-small-business-in-pakistan","/author/hulm-solutions-editorial-team | /blog/best-free-pos-software-and-system | /blog/best-point-of-sale-system-for-small-business-in-pakistan | /blog/how-does-pos-machine-work | /blog/what-is-a-pos-person-meaning-and-responsibilities | /blog/what-is-a-pos-purchase | /blog/what-is-point-of-sale-transaction | /blog/what-is-pos-skills-understand-pos-skill-meaning | /blogs","200","","200","/blog/best-point-of-sale-system-for-small-business-in-pakistan","true"
"/blog/best-point-of-sale-system-for-small-business-in-pakistan","/author/hulm-solutions-editorial-team | /blog/best-free-pos-software-and-system | /blog/best-point-of-sale-system-for-small-business-in-pakistan | /blog/how-does-pos-machine-work | /blog/what-is-a-pos-person-meaning-and-responsibilities | /blog/what-is-a-pos-purchase | /blog/what-is-point-of-sale-transaction | /blog/what-is-pos-skills-understand-pos-skill-meaning | /blogs","200","","200","/blog/best-point-of-sale-system-for-small-business-in-pakistan","true"
"/blog/best-point-of-sale-system-for-small-business-in-pakistan","/author/hulm-solutions-editorial-team | /blog/best-free-pos-software-and-system | /blog/best-point-of-sale-system-for-small-business-in-pakistan | /blog/how-does-pos-machine-work | /blog/what-is-a-pos-person-meaning-and-responsibilities | /blog/what-is-a-pos-purchase | /blog/what-is-point-of-sale-transaction | /blog/what-is-pos-skills-understand-pos-skill-meaning | /blogs","200","","200","/blog/best-point-of-sale-system-for-small-business-in-pakistan","true"
"/blog/best-point-of-sale-system-for-small-business-in-pakistan","/author/hulm-solutions-editorial-team | /blog/best-free-pos-software-and-system | /blog/best-point-of-sale-system-for-small-business-in-pakistan | /blog/how-does-pos-machine-work | /blog/what-is-a-pos-person-meaning-and-responsibilities | /blog/what-is-a-pos-purchase | /blog/what-is-point-of-sale-transaction | /blog/what-is-pos-skills-understand-pos-skill-meaning | /blogs","200","","200","/blog/best-point-of-sale-system-for-small-business-in-pakistan","true"
"/blog/best-point-of-sale-system-for-small-business-in-pakistan","/author/hulm-solutions-editorial-team | /blog/best-free-pos-software-and-system | /blog/best-point-of-sale-system-for-small-business-in-pakistan | /blog/how-does-pos-machine-work | /blog/what-is-a-pos-person-meaning-and-responsibilities | /blog/what-is-a-pos-purchase | /blog/what-is-point-of-sale-transaction | /blog/what-is-pos-skills-understand-pos-skill-meaning | /blogs","200","","200","/blog/best-point-of-sale-system-for-small-business-in-pakistan","true"
"/blog/best-point-of-sale-system-for-small-business-in-pakistan","/author/hulm-solutions-editorial-team | /blog/best-free-pos-software-and-system | /blog/best-point-of-sale-system-for-small-business-in-pakistan | /blog/how-does-pos-machine-work | /blog/what-is-a-pos-person-meaning-and-responsibilities | /blog/what-is-a-pos-purchase | /blog/what-is-point-of-sale-transaction | /blog/what-is-pos-skills-understand-pos-skill-meaning | /blogs","200","","200","/blog/best-point-of-sale-system-for-small-business-in-pakistan","true"
"/blog/best-point-of-sale-system-for-small-business-in-pakistan","/author/hulm-solutions-editorial-team | /blog/best-free-pos-software-and-system | /blog/best-point-of-sale-system-for-small-business-in-pakistan | /blog/how-does-pos-machine-work | /blog/what-is-a-pos-person-meaning-and-responsibilities | /blog/what-is-a-pos-purchase | /blog/what-is-point-of-sale-transaction | /blog/what-is-pos-skills-understand-pos-skill-meaning | /blogs","200","","200","/blog/best-point-of-sale-system-for-small-business-in-pakistan","true"
"/blog/best-point-of-sale-system-for-small-business-in-pakistan","/author/hulm-solutions-editorial-team | /blog/best-free-pos-software-and-system | /blog/best-point-of-sale-system-for-small-business-in-pakistan | /blog/how-does-pos-machine-work | /blog/what-is-a-pos-person-meaning-and-responsibilities | /blog/what-is-a-pos-purchase | /blog/what-is-point-of-sale-transaction | /blog/what-is-pos-skills-understand-pos-skill-meaning | /blogs","200","","200","/blog/best-point-of-sale-system-for-small-business-in-pakistan","true"
"/blog/best-point-of-sale-system-for-small-business-in-pakistan","/author/hulm-solutions-editorial-team | /blog/best-free-pos-software-and-system | /blog/best-point-of-sale-system-for-small-business-in-pakistan | /blog/how-does-pos-machine-work | /blog/what-is-a-pos-person-meaning-and-responsibilities | /blog/what-is-a-pos-purchase | /blog/what-is-point-of-sale-transaction | /blog/what-is-pos-skills-understand-pos-skill-meaning | /blogs","200","","200","/blog/best-point-of-sale-system-for-small-business-in-pakistan","true"
"/blog/best-point-of-sale-system-for-small-business-in-pakistan","/author/hulm-solutions-editorial-team | /blog/best-free-pos-software-and-system | /blog/best-point-of-sale-system-for-small-business-in-pakistan | /blog/how-does-pos-machine-work | /blog/what-is-a-pos-person-meaning-and-responsibilities | /blog/what-is-a-pos-purchase | /blog/what-is-point-of-sale-transaction | /blog/what-is-pos-skills-understand-pos-skill-meaning | /blogs","200","","200","/blog/best-point-of-sale-system-for-small-business-in-pakistan","true"
"/blog/best-point-of-sale-system-for-small-business-in-pakistan","/author/hulm-solutions-editorial-team | /blog/best-free-pos-software-and-system | /blog/best-point-of-sale-system-for-small-business-in-pakistan | /blog/how-does-pos-machine-work | /blog/what-is-a-pos-person-meaning-and-responsibilities | /blog/what-is-a-pos-purchase | /blog/what-is-point-of-sale-transaction | /blog/what-is-pos-skills-understand-pos-skill-meaning | /blogs","200","","200","/blog/best-point-of-sale-system-for-small-business-in-pakistan","true"
"/blog/best-point-of-sale-system-for-small-business-in-pakistan","/author/hulm-solutions-editorial-team | /blog/best-free-pos-software-and-system | /blog/best-point-of-sale-system-for-small-business-in-pakistan | /blog/how-does-pos-machine-work | /blog/what-is-a-pos-person-meaning-and-responsibilities | /blog/what-is-a-pos-purchase | /blog/what-is-point-of-sale-transaction | /blog/what-is-pos-skills-understand-pos-skill-meaning | /blogs","200","","200","/blog/best-point-of-sale-system-for-small-business-in-pakistan","true"
"/wp-content/uploads/2026/09/Fix-It-Free-10-Point-Checklist-1.pdf","/blog/best-point-of-sale-system-for-small-business-in-pakistan","200","","200","/wp-content/uploads/2026/09/Fix-It-Free-10-Point-Checklist-1.pdf","true"
"/industries/furniture-store","/blog/best-point-of-sale-system-for-small-business-in-pakistan | /industries | /pos-software-ksa | /pos-software-qatar | /pos-software-uae | /pos-software-usa","200","","200","/industries/furniture-store","true"
"/industries/toys-store","/blog/best-point-of-sale-system-for-small-business-in-pakistan | /industries | /pos-software-ksa | /pos-software-qatar | /pos-software-uae | /pos-software-usa","200","","200","/industries/toys-store","true"
"/industries/jewellery-shop","/blog/best-point-of-sale-system-for-small-business-in-pakistan | /industries | /pos-software-ksa | /pos-software-qatar | /pos-software-uae | /pos-software-usa","200","","200","/industries/jewellery-shop","true"
"/industries/electric-store","/blog/best-point-of-sale-system-for-small-business-in-pakistan | /blog/what-is-pos-debit-meaning | /industries | /pos-software-ksa | /pos-software-qatar | /pos-software-uae | /pos-software-usa","200","","200","/industries/electric-store","true"
"/industries/cafe","/blog/best-point-of-sale-system-for-small-business-in-pakistan | /blog/what-is-pos-experience-12-tips-to-satisfy-your-customers | /industries | /pos-software-ksa | /pos-software-qatar | /pos-software-uae | /pos-software-usa","200","","200","/industries/cafe","true"
"/","/ | /about | /apps | /author/hulm-solutions-editorial-team | /blog/best-free-pos-software-and-system | /blog/best-point-of-sale-system-for-small-business-in-pakistan | /blog/best-pos-system-for-retail | /blog/cloud-pos-software-for-retail-stores | /blog/how-does-pos-machine-work | /blog/pos-reconciliation | /blog/what-is-a-pos-person-meaning-and-responsibilities | /blog/what-is-a-pos-purchase | /blog/what-is-point-of-sale-transaction | /blog/what-is-pos | /blog/what-is-pos-debit-meaning | /blog/what-is-pos-experience-12-tips-to-satisfy-your-customers | /blog/what-is-pos-skills-understand-pos-skill-meaning | /blogs | /cattle-management-software | /contact | /customer-management | /fbr-integrated-pos-pakistan | /features | /industries | /industries/bakery-pos-system | /industries/cafe | /industries/clothing-store | /industries/electric-store | /industries/furniture-store | /industries/jewellery-shop | /industries/manufacturing-industries | /industries/pharmacy-store | /industries/restaurant-pos | /industries/retail-store | /industries/salon-pos | /industries/toys-store | /integration | /inventory-management | /logistics-management-software | /mobile-pos | /order-management | /pos-case-studies | /pos-case-studies/cupcake-queen-bakery-pos-qatar | /pos-case-studies/farhan-caterers-pos-karachi | /pos-case-studies/implementing-a-pos-system-for-retail-the-laptop-store | /pos-case-studies/implementing-pos-systems-for-medical-euquipment-industry | /pos-case-studies/real-tech-pos-system-karachi | /pos-software-ksa | /pos-software-qatar | /pos-software-uae | /pos-software-usa | /pricing | /privacy-policy | /purchase-orders | /reporting-module | /terms-and-conditions | /vendors-management | /website | /zatca","200","","200","/","true"
"/pos-case-studies/implementing-a-pos-system-for-retail-the-laptop-store","/blog/best-point-of-sale-system-for-small-business-in-pakistan | /pos-case-studies | /pos-case-studies/cupcake-queen-bakery-pos-qatar | /pos-case-studies/farhan-caterers-pos-karachi | /pos-case-studies/implementing-pos-systems-for-medical-euquipment-industry | /pos-case-studies/real-tech-pos-system-karachi","200","","200","/pos-case-studies/implementing-a-pos-system-for-retail-the-laptop-store","true"
"/blog/best-pos-system-for-retail","/author/hulm-solutions-editorial-team | /blog/best-free-pos-software-and-system | /blog/best-point-of-sale-system-for-small-business-in-pakistan | /blog/best-pos-system-for-retail | /blog/cloud-pos-software-for-retail-stores | /blog/how-does-pos-machine-work | /blog/pos-reconciliation | /blog/what-is-a-pos-person-meaning-and-responsibilities | /blog/what-is-a-pos-purchase | /blog/what-is-point-of-sale-transaction | /blog/what-is-pos | /blog/what-is-pos-debit-meaning | /blog/what-is-pos-experience-12-tips-to-satisfy-your-customers | /blog/what-is-pos-skills-understand-pos-skill-meaning | /blogs","200","","200","/blog/best-pos-system-for-retail","true"
"/blog/best-pos-system-for-retail","/author/hulm-solutions-editorial-team | /blog/best-free-pos-software-and-system | /blog/best-point-of-sale-system-for-small-business-in-pakistan | /blog/best-pos-system-for-retail | /blog/cloud-pos-software-for-retail-stores | /blog/how-does-pos-machine-work | /blog/pos-reconciliation | /blog/what-is-a-pos-person-meaning-and-responsibilities | /blog/what-is-a-pos-purchase | /blog/what-is-point-of-sale-transaction | /blog/what-is-pos | /blog/what-is-pos-debit-meaning | /blog/what-is-pos-experience-12-tips-to-satisfy-your-customers | /blog/what-is-pos-skills-understand-pos-skill-meaning | /blogs","200","","200","/blog/best-pos-system-for-retail","true"
"/blog/best-pos-system-for-retail","/author/hulm-solutions-editorial-team | /blog/best-free-pos-software-and-system | /blog/best-point-of-sale-system-for-small-business-in-pakistan | /blog/best-pos-system-for-retail | /blog/cloud-pos-software-for-retail-stores | /blog/how-does-pos-machine-work | /blog/pos-reconciliation | /blog/what-is-a-pos-person-meaning-and-responsibilities | /blog/what-is-a-pos-purchase | /blog/what-is-point-of-sale-transaction | /blog/what-is-pos | /blog/what-is-pos-debit-meaning | /blog/what-is-pos-experience-12-tips-to-satisfy-your-customers | /blog/what-is-pos-skills-understand-pos-skill-meaning | /blogs","200","","200","/blog/best-pos-system-for-retail","true"
"/blog/best-pos-system-for-retail","/author/hulm-solutions-editorial-team | /blog/best-free-pos-software-and-system | /blog/best-point-of-sale-system-for-small-business-in-pakistan | /blog/best-pos-system-for-retail | /blog/cloud-pos-software-for-retail-stores | /blog/how-does-pos-machine-work | /blog/pos-reconciliation | /blog/what-is-a-pos-person-meaning-and-responsibilities | /blog/what-is-a-pos-purchase | /blog/what-is-point-of-sale-transaction | /blog/what-is-pos | /blog/what-is-pos-debit-meaning | /blog/what-is-pos-experience-12-tips-to-satisfy-your-customers | /blog/what-is-pos-skills-understand-pos-skill-meaning | /blogs","200","","200","/blog/best-pos-system-for-retail","true"
"/blog/best-pos-system-for-retail","/author/hulm-solutions-editorial-team | /blog/best-free-pos-software-and-system | /blog/best-point-of-sale-system-for-small-business-in-pakistan | /blog/best-pos-system-for-retail | /blog/cloud-pos-software-for-retail-stores | /blog/how-does-pos-machine-work | /blog/pos-reconciliation | /blog/what-is-a-pos-person-meaning-and-responsibilities | /blog/what-is-a-pos-purchase | /blog/what-is-point-of-sale-transaction | /blog/what-is-pos | /blog/what-is-pos-debit-meaning | /blog/what-is-pos-experience-12-tips-to-satisfy-your-customers | /blog/what-is-pos-skills-understand-pos-skill-meaning | /blogs","200","","200","/blog/best-pos-system-for-retail","true"
"/blog/best-pos-system-for-retail","/author/hulm-solutions-editorial-team | /blog/best-free-pos-software-and-system | /blog/best-point-of-sale-system-for-small-business-in-pakistan | /blog/best-pos-system-for-retail | /blog/cloud-pos-software-for-retail-stores | /blog/how-does-pos-machine-work | /blog/pos-reconciliation | /blog/what-is-a-pos-person-meaning-and-responsibilities | /blog/what-is-a-pos-purchase | /blog/what-is-point-of-sale-transaction | /blog/what-is-pos | /blog/what-is-pos-debit-meaning | /blog/what-is-pos-experience-12-tips-to-satisfy-your-customers | /blog/what-is-pos-skills-understand-pos-skill-meaning | /blogs","200","","200","/blog/best-pos-system-for-retail","true"
"/blog/best-pos-system-for-retail","/author/hulm-solutions-editorial-team | /blog/best-free-pos-software-and-system | /blog/best-point-of-sale-system-for-small-business-in-pakistan | /blog/best-pos-system-for-retail | /blog/cloud-pos-software-for-retail-stores | /blog/how-does-pos-machine-work | /blog/pos-reconciliation | /blog/what-is-a-pos-person-meaning-and-responsibilities | /blog/what-is-a-pos-purchase | /blog/what-is-point-of-sale-transaction | /blog/what-is-pos | /blog/what-is-pos-debit-meaning | /blog/what-is-pos-experience-12-tips-to-satisfy-your-customers | /blog/what-is-pos-skills-understand-pos-skill-meaning | /blogs","200","","200","/blog/best-pos-system-for-retail","true"
"/blog/best-pos-system-for-retail","/author/hulm-solutions-editorial-team | /blog/best-free-pos-software-and-system | /blog/best-point-of-sale-system-for-small-business-in-pakistan | /blog/best-pos-system-for-retail | /blog/cloud-pos-software-for-retail-stores | /blog/how-does-pos-machine-work | /blog/pos-reconciliation | /blog/what-is-a-pos-person-meaning-and-responsibilities | /blog/what-is-a-pos-purchase | /blog/what-is-point-of-sale-transaction | /blog/what-is-pos | /blog/what-is-pos-debit-meaning | /blog/what-is-pos-experience-12-tips-to-satisfy-your-customers | /blog/what-is-pos-skills-understand-pos-skill-meaning | /blogs","200","","200","/blog/best-pos-system-for-retail","true"
"/blog/best-pos-system-for-retail","/author/hulm-solutions-editorial-team | /blog/best-free-pos-software-and-system | /blog/best-point-of-sale-system-for-small-business-in-pakistan | /blog/best-pos-system-for-retail | /blog/cloud-pos-software-for-retail-stores | /blog/how-does-pos-machine-work | /blog/pos-reconciliation | /blog/what-is-a-pos-person-meaning-and-responsibilities | /blog/what-is-a-pos-purchase | /blog/what-is-point-of-sale-transaction | /blog/what-is-pos | /blog/what-is-pos-debit-meaning | /blog/what-is-pos-experience-12-tips-to-satisfy-your-customers | /blog/what-is-pos-skills-understand-pos-skill-meaning | /blogs","200","","200","/blog/best-pos-system-for-retail","true"
"/blog/best-pos-system-for-retail","/author/hulm-solutions-editorial-team | /blog/best-free-pos-software-and-system | /blog/best-point-of-sale-system-for-small-business-in-pakistan | /blog/best-pos-system-for-retail | /blog/cloud-pos-software-for-retail-stores | /blog/how-does-pos-machine-work | /blog/pos-reconciliation | /blog/what-is-a-pos-person-meaning-and-responsibilities | /blog/what-is-a-pos-purchase | /blog/what-is-point-of-sale-transaction | /blog/what-is-pos | /blog/what-is-pos-debit-meaning | /blog/what-is-pos-experience-12-tips-to-satisfy-your-customers | /blog/what-is-pos-skills-understand-pos-skill-meaning | /blogs","200","","200","/blog/best-pos-system-for-retail","true"
"/blog/best-pos-system-for-retail","/author/hulm-solutions-editorial-team | /blog/best-free-pos-software-and-system | /blog/best-point-of-sale-system-for-small-business-in-pakistan | /blog/best-pos-system-for-retail | /blog/cloud-pos-software-for-retail-stores | /blog/how-does-pos-machine-work | /blog/pos-reconciliation | /blog/what-is-a-pos-person-meaning-and-responsibilities | /blog/what-is-a-pos-purchase | /blog/what-is-point-of-sale-transaction | /blog/what-is-pos | /blog/what-is-pos-debit-meaning | /blog/what-is-pos-experience-12-tips-to-satisfy-your-customers | /blog/what-is-pos-skills-understand-pos-skill-meaning | /blogs","200","","200","/blog/best-pos-system-for-retail","true"
"/blog/best-pos-system-for-retail","/author/hulm-solutions-editorial-team | /blog/best-free-pos-software-and-system | /blog/best-point-of-sale-system-for-small-business-in-pakistan | /blog/best-pos-system-for-retail | /blog/cloud-pos-software-for-retail-stores | /blog/how-does-pos-machine-work | /blog/pos-reconciliation | /blog/what-is-a-pos-person-meaning-and-responsibilities | /blog/what-is-a-pos-purchase | /blog/what-is-point-of-sale-transaction | /blog/what-is-pos | /blog/what-is-pos-debit-meaning | /blog/what-is-pos-experience-12-tips-to-satisfy-your-customers | /blog/what-is-pos-skills-understand-pos-skill-meaning | /blogs","200","","200","/blog/best-pos-system-for-retail","true"
"/blog/best-pos-system-for-retail","/author/hulm-solutions-editorial-team | /blog/best-free-pos-software-and-system | /blog/best-point-of-sale-system-for-small-business-in-pakistan | /blog/best-pos-system-for-retail | /blog/cloud-pos-software-for-retail-stores | /blog/how-does-pos-machine-work | /blog/pos-reconciliation | /blog/what-is-a-pos-person-meaning-and-responsibilities | /blog/what-is-a-pos-purchase | /blog/what-is-point-of-sale-transaction | /blog/what-is-pos | /blog/what-is-pos-debit-meaning | /blog/what-is-pos-experience-12-tips-to-satisfy-your-customers | /blog/what-is-pos-skills-understand-pos-skill-meaning | /blogs","200","","200","/blog/best-pos-system-for-retail","true"
"/blog/best-pos-system-for-retail","/author/hulm-solutions-editorial-team | /blog/best-free-pos-software-and-system | /blog/best-point-of-sale-system-for-small-business-in-pakistan | /blog/best-pos-system-for-retail | /blog/cloud-pos-software-for-retail-stores | /blog/how-does-pos-machine-work | /blog/pos-reconciliation | /blog/what-is-a-pos-person-meaning-and-responsibilities | /blog/what-is-a-pos-purchase | /blog/what-is-point-of-sale-transaction | /blog/what-is-pos | /blog/what-is-pos-debit-meaning | /blog/what-is-pos-experience-12-tips-to-satisfy-your-customers | /blog/what-is-pos-skills-understand-pos-skill-meaning | /blogs","200","","200","/blog/best-pos-system-for-retail","true"
"/blog/cloud-pos-software-for-retail-stores","/author/hulm-solutions-editorial-team | /blog/best-pos-system-for-retail | /blog/cloud-pos-software-for-retail-stores | /blog/pos-reconciliation | /blog/what-is-a-pos-purchase | /blog/what-is-pos-skills-understand-pos-skill-meaning | /blogs","200","","200","/blog/cloud-pos-software-for-retail-stores","true"
"/blog/cloud-pos-software-for-retail-stores","/author/hulm-solutions-editorial-team | /blog/best-pos-system-for-retail | /blog/cloud-pos-software-for-retail-stores | /blog/pos-reconciliation | /blog/what-is-a-pos-purchase | /blog/what-is-pos-skills-understand-pos-skill-meaning | /blogs","200","","200","/blog/cloud-pos-software-for-retail-stores","true"
"/blog/cloud-pos-software-for-retail-stores","/author/hulm-solutions-editorial-team | /blog/best-pos-system-for-retail | /blog/cloud-pos-software-for-retail-stores | /blog/pos-reconciliation | /blog/what-is-a-pos-purchase | /blog/what-is-pos-skills-understand-pos-skill-meaning | /blogs","200","","200","/blog/cloud-pos-software-for-retail-stores","true"
"/blog/cloud-pos-software-for-retail-stores","/author/hulm-solutions-editorial-team | /blog/best-pos-system-for-retail | /blog/cloud-pos-software-for-retail-stores | /blog/pos-reconciliation | /blog/what-is-a-pos-purchase | /blog/what-is-pos-skills-understand-pos-skill-meaning | /blogs","200","","200","/blog/cloud-pos-software-for-retail-stores","true"
"/blog/cloud-pos-software-for-retail-stores","/author/hulm-solutions-editorial-team | /blog/best-pos-system-for-retail | /blog/cloud-pos-software-for-retail-stores | /blog/pos-reconciliation | /blog/what-is-a-pos-purchase | /blog/what-is-pos-skills-understand-pos-skill-meaning | /blogs","200","","200","/blog/cloud-pos-software-for-retail-stores","true"
"/blog/cloud-pos-software-for-retail-stores","/author/hulm-solutions-editorial-team | /blog/best-pos-system-for-retail | /blog/cloud-pos-software-for-retail-stores | /blog/pos-reconciliation | /blog/what-is-a-pos-purchase | /blog/what-is-pos-skills-understand-pos-skill-meaning | /blogs","200","","200","/blog/cloud-pos-software-for-retail-stores","true"
"/blog/cloud-pos-software-for-retail-stores","/author/hulm-solutions-editorial-team | /blog/best-pos-system-for-retail | /blog/cloud-pos-software-for-retail-stores | /blog/pos-reconciliation | /blog/what-is-a-pos-purchase | /blog/what-is-pos-skills-understand-pos-skill-meaning | /blogs","200","","200","/blog/cloud-pos-software-for-retail-stores","true"
"/blog/how-does-pos-machine-work","/author/hulm-solutions-editorial-team | /blog/best-free-pos-software-and-system | /blog/how-does-pos-machine-work | /blog/what-is-a-pos-purchase | /blog/what-is-pos-debit-meaning | /blogs","200","","200","/blog/how-does-pos-machine-work","true"
"/blog/how-does-pos-machine-work","/author/hulm-solutions-editorial-team | /blog/best-free-pos-software-and-system | /blog/how-does-pos-machine-work | /blog/what-is-a-pos-purchase | /blog/what-is-pos-debit-meaning | /blogs","200","","200","/blog/how-does-pos-machine-work","true"
"/blog/how-does-pos-machine-work","/author/hulm-solutions-editorial-team | /blog/best-free-pos-software-and-system | /blog/how-does-pos-machine-work | /blog/what-is-a-pos-purchase | /blog/what-is-pos-debit-meaning | /blogs","200","","200","/blog/how-does-pos-machine-work","true"
"/blog/how-does-pos-machine-work","/author/hulm-solutions-editorial-team | /blog/best-free-pos-software-and-system | /blog/how-does-pos-machine-work | /blog/what-is-a-pos-purchase | /blog/what-is-pos-debit-meaning | /blogs","200","","200","/blog/how-does-pos-machine-work","true"
"/blog/how-does-pos-machine-work","/author/hulm-solutions-editorial-team | /blog/best-free-pos-software-and-system | /blog/how-does-pos-machine-work | /blog/what-is-a-pos-purchase | /blog/what-is-pos-debit-meaning | /blogs","200","","200","/blog/how-does-pos-machine-work","true"
"/blog/how-does-pos-machine-work","/author/hulm-solutions-editorial-team | /blog/best-free-pos-software-and-system | /blog/how-does-pos-machine-work | /blog/what-is-a-pos-purchase | /blog/what-is-pos-debit-meaning | /blogs","200","","200","/blog/how-does-pos-machine-work","true"
"/blog/how-does-pos-machine-work","/author/hulm-solutions-editorial-team | /blog/best-free-pos-software-and-system | /blog/how-does-pos-machine-work | /blog/what-is-a-pos-purchase | /blog/what-is-pos-debit-meaning | /blogs","200","","200","/blog/how-does-pos-machine-work","true"
"/blog/how-does-pos-machine-work","/author/hulm-solutions-editorial-team | /blog/best-free-pos-software-and-system | /blog/how-does-pos-machine-work | /blog/what-is-a-pos-purchase | /blog/what-is-pos-debit-meaning | /blogs","200","","200","/blog/how-does-pos-machine-work","true"
"/blog/how-does-pos-machine-work","/author/hulm-solutions-editorial-team | /blog/best-free-pos-software-and-system | /blog/how-does-pos-machine-work | /blog/what-is-a-pos-purchase | /blog/what-is-pos-debit-meaning | /blogs","200","","200","/blog/how-does-pos-machine-work","true"
"/blog/how-does-pos-machine-work","/author/hulm-solutions-editorial-team | /blog/best-free-pos-software-and-system | /blog/how-does-pos-machine-work | /blog/what-is-a-pos-purchase | /blog/what-is-pos-debit-meaning | /blogs","200","","200","/blog/how-does-pos-machine-work","true"
"/blog/how-does-pos-machine-work","/author/hulm-solutions-editorial-team | /blog/best-free-pos-software-and-system | /blog/how-does-pos-machine-work | /blog/what-is-a-pos-purchase | /blog/what-is-pos-debit-meaning | /blogs","200","","200","/blog/how-does-pos-machine-work","true"
"/blog/how-does-pos-machine-work","/author/hulm-solutions-editorial-team | /blog/best-free-pos-software-and-system | /blog/how-does-pos-machine-work | /blog/what-is-a-pos-purchase | /blog/what-is-pos-debit-meaning | /blogs","200","","200","/blog/how-does-pos-machine-work","true"
"/blog/how-does-pos-machine-work","/author/hulm-solutions-editorial-team | /blog/best-free-pos-software-and-system | /blog/how-does-pos-machine-work | /blog/what-is-a-pos-purchase | /blog/what-is-pos-debit-meaning | /blogs","200","","200","/blog/how-does-pos-machine-work","true"
"/blog/how-does-pos-machine-work","/author/hulm-solutions-editorial-team | /blog/best-free-pos-software-and-system | /blog/how-does-pos-machine-work | /blog/what-is-a-pos-purchase | /blog/what-is-pos-debit-meaning | /blogs","200","","200","/blog/how-does-pos-machine-work","true"
"/blog/pos-reconciliation","/author/hulm-solutions-editorial-team | /blog/best-pos-system-for-retail | /blog/pos-reconciliation | /blog/what-is-a-pos-person-meaning-and-responsibilities | /blog/what-is-a-pos-purchase | /blog/what-is-pos-debit-meaning | /blog/what-is-pos-experience-12-tips-to-satisfy-your-customers | /blog/what-is-pos-skills-understand-pos-skill-meaning | /blogs","200","","200","/blog/pos-reconciliation","true"
"/blog/pos-reconciliation","/author/hulm-solutions-editorial-team | /blog/best-pos-system-for-retail | /blog/pos-reconciliation | /blog/what-is-a-pos-person-meaning-and-responsibilities | /blog/what-is-a-pos-purchase | /blog/what-is-pos-debit-meaning | /blog/what-is-pos-experience-12-tips-to-satisfy-your-customers | /blog/what-is-pos-skills-understand-pos-skill-meaning | /blogs","200","","200","/blog/pos-reconciliation","true"
"/blog/pos-reconciliation","/author/hulm-solutions-editorial-team | /blog/best-pos-system-for-retail | /blog/pos-reconciliation | /blog/what-is-a-pos-person-meaning-and-responsibilities | /blog/what-is-a-pos-purchase | /blog/what-is-pos-debit-meaning | /blog/what-is-pos-experience-12-tips-to-satisfy-your-customers | /blog/what-is-pos-skills-understand-pos-skill-meaning | /blogs","200","","200","/blog/pos-reconciliation","true"
"/blog/pos-reconciliation","/author/hulm-solutions-editorial-team | /blog/best-pos-system-for-retail | /blog/pos-reconciliation | /blog/what-is-a-pos-person-meaning-and-responsibilities | /blog/what-is-a-pos-purchase | /blog/what-is-pos-debit-meaning | /blog/what-is-pos-experience-12-tips-to-satisfy-your-customers | /blog/what-is-pos-skills-understand-pos-skill-meaning | /blogs","200","","200","/blog/pos-reconciliation","true"
"/blog/pos-reconciliation","/author/hulm-solutions-editorial-team | /blog/best-pos-system-for-retail | /blog/pos-reconciliation | /blog/what-is-a-pos-person-meaning-and-responsibilities | /blog/what-is-a-pos-purchase | /blog/what-is-pos-debit-meaning | /blog/what-is-pos-experience-12-tips-to-satisfy-your-customers | /blog/what-is-pos-skills-understand-pos-skill-meaning | /blogs","200","","200","/blog/pos-reconciliation","true"
"/blog/pos-reconciliation","/author/hulm-solutions-editorial-team | /blog/best-pos-system-for-retail | /blog/pos-reconciliation | /blog/what-is-a-pos-person-meaning-and-responsibilities | /blog/what-is-a-pos-purchase | /blog/what-is-pos-debit-meaning | /blog/what-is-pos-experience-12-tips-to-satisfy-your-customers | /blog/what-is-pos-skills-understand-pos-skill-meaning | /blogs","200","","200","/blog/pos-reconciliation","true"
"/blog/pos-reconciliation","/author/hulm-solutions-editorial-team | /blog/best-pos-system-for-retail | /blog/pos-reconciliation | /blog/what-is-a-pos-person-meaning-and-responsibilities | /blog/what-is-a-pos-purchase | /blog/what-is-pos-debit-meaning | /blog/what-is-pos-experience-12-tips-to-satisfy-your-customers | /blog/what-is-pos-skills-understand-pos-skill-meaning | /blogs","200","","200","/blog/pos-reconciliation","true"
"/blog/pos-reconciliation","/author/hulm-solutions-editorial-team | /blog/best-pos-system-for-retail | /blog/pos-reconciliation | /blog/what-is-a-pos-person-meaning-and-responsibilities | /blog/what-is-a-pos-purchase | /blog/what-is-pos-debit-meaning | /blog/what-is-pos-experience-12-tips-to-satisfy-your-customers | /blog/what-is-pos-skills-understand-pos-skill-meaning | /blogs","200","","200","/blog/pos-reconciliation","true"
"/blog/what-is-a-pos-person-meaning-and-responsibilities","/author/hulm-solutions-editorial-team | /blog/best-pos-system-for-retail | /blog/what-is-a-pos-person-meaning-and-responsibilities | /blog/what-is-a-pos-purchase | /blog/what-is-pos-experience-12-tips-to-satisfy-your-customers | /blog/what-is-pos-skills-understand-pos-skill-meaning | /blogs","200","","200","/blog/what-is-a-pos-person-meaning-and-responsibilities","true"
"/blog/what-is-a-pos-person-meaning-and-responsibilities","/author/hulm-solutions-editorial-team | /blog/best-pos-system-for-retail | /blog/what-is-a-pos-person-meaning-and-responsibilities | /blog/what-is-a-pos-purchase | /blog/what-is-pos-experience-12-tips-to-satisfy-your-customers | /blog/what-is-pos-skills-understand-pos-skill-meaning | /blogs","200","","200","/blog/what-is-a-pos-person-meaning-and-responsibilities","true"
"/blog/what-is-a-pos-person-meaning-and-responsibilities","/author/hulm-solutions-editorial-team | /blog/best-pos-system-for-retail | /blog/what-is-a-pos-person-meaning-and-responsibilities | /blog/what-is-a-pos-purchase | /blog/what-is-pos-experience-12-tips-to-satisfy-your-customers | /blog/what-is-pos-skills-understand-pos-skill-meaning | /blogs","200","","200","/blog/what-is-a-pos-person-meaning-and-responsibilities","true"
"/blog/what-is-a-pos-person-meaning-and-responsibilities","/author/hulm-solutions-editorial-team | /blog/best-pos-system-for-retail | /blog/what-is-a-pos-person-meaning-and-responsibilities | /blog/what-is-a-pos-purchase | /blog/what-is-pos-experience-12-tips-to-satisfy-your-customers | /blog/what-is-pos-skills-understand-pos-skill-meaning | /blogs","200","","200","/blog/what-is-a-pos-person-meaning-and-responsibilities","true"
"/blog/what-is-a-pos-person-meaning-and-responsibilities","/author/hulm-solutions-editorial-team | /blog/best-pos-system-for-retail | /blog/what-is-a-pos-person-meaning-and-responsibilities | /blog/what-is-a-pos-purchase | /blog/what-is-pos-experience-12-tips-to-satisfy-your-customers | /blog/what-is-pos-skills-understand-pos-skill-meaning | /blogs","200","","200","/blog/what-is-a-pos-person-meaning-and-responsibilities","true"
"/blog/what-is-a-pos-person-meaning-and-responsibilities","/author/hulm-solutions-editorial-team | /blog/best-pos-system-for-retail | /blog/what-is-a-pos-person-meaning-and-responsibilities | /blog/what-is-a-pos-purchase | /blog/what-is-pos-experience-12-tips-to-satisfy-your-customers | /blog/what-is-pos-skills-understand-pos-skill-meaning | /blogs","200","","200","/blog/what-is-a-pos-person-meaning-and-responsibilities","true"
"/blog/what-is-a-pos-person-meaning-and-responsibilities","/author/hulm-solutions-editorial-team | /blog/best-pos-system-for-retail | /blog/what-is-a-pos-person-meaning-and-responsibilities | /blog/what-is-a-pos-purchase | /blog/what-is-pos-experience-12-tips-to-satisfy-your-customers | /blog/what-is-pos-skills-understand-pos-skill-meaning | /blogs","200","","200","/blog/what-is-a-pos-person-meaning-and-responsibilities","true"
"/blog/what-is-a-pos-person-meaning-and-responsibilities","/author/hulm-solutions-editorial-team | /blog/best-pos-system-for-retail | /blog/what-is-a-pos-person-meaning-and-responsibilities | /blog/what-is-a-pos-purchase | /blog/what-is-pos-experience-12-tips-to-satisfy-your-customers | /blog/what-is-pos-skills-understand-pos-skill-meaning | /blogs","200","","200","/blog/what-is-a-pos-person-meaning-and-responsibilities","true"
"/blog/what-is-a-pos-person-meaning-and-responsibilities","/author/hulm-solutions-editorial-team | /blog/best-pos-system-for-retail | /blog/what-is-a-pos-person-meaning-and-responsibilities | /blog/what-is-a-pos-purchase | /blog/what-is-pos-experience-12-tips-to-satisfy-your-customers | /blog/what-is-pos-skills-understand-pos-skill-meaning | /blogs","200","","200","/blog/what-is-a-pos-person-meaning-and-responsibilities","true"
"/blog/what-is-a-pos-person-meaning-and-responsibilities","/author/hulm-solutions-editorial-team | /blog/best-pos-system-for-retail | /blog/what-is-a-pos-person-meaning-and-responsibilities | /blog/what-is-a-pos-purchase | /blog/what-is-pos-experience-12-tips-to-satisfy-your-customers | /blog/what-is-pos-skills-understand-pos-skill-meaning | /blogs","200","","200","/blog/what-is-a-pos-person-meaning-and-responsibilities","true"
"/blog/what-is-a-pos-person-meaning-and-responsibilities","/author/hulm-solutions-editorial-team | /blog/best-pos-system-for-retail | /blog/what-is-a-pos-person-meaning-and-responsibilities | /blog/what-is-a-pos-purchase | /blog/what-is-pos-experience-12-tips-to-satisfy-your-customers | /blog/what-is-pos-skills-understand-pos-skill-meaning | /blogs","200","","200","/blog/what-is-a-pos-person-meaning-and-responsibilities","true"
"/blog/what-is-a-pos-person-meaning-and-responsibilities","/author/hulm-solutions-editorial-team | /blog/best-pos-system-for-retail | /blog/what-is-a-pos-person-meaning-and-responsibilities | /blog/what-is-a-pos-purchase | /blog/what-is-pos-experience-12-tips-to-satisfy-your-customers | /blog/what-is-pos-skills-understand-pos-skill-meaning | /blogs","200","","200","/blog/what-is-a-pos-person-meaning-and-responsibilities","true"
"/blog/what-is-a-pos-person-meaning-and-responsibilities","/author/hulm-solutions-editorial-team | /blog/best-pos-system-for-retail | /blog/what-is-a-pos-person-meaning-and-responsibilities | /blog/what-is-a-pos-purchase | /blog/what-is-pos-experience-12-tips-to-satisfy-your-customers | /blog/what-is-pos-skills-understand-pos-skill-meaning | /blogs","200","","200","/blog/what-is-a-pos-person-meaning-and-responsibilities","true"
"/industries/manufacturing-industries","/blog/what-is-a-pos-person-meaning-and-responsibilities | /industries | /pos-software-ksa | /pos-software-qatar | /pos-software-uae | /pos-software-usa","200","","200","/industries/manufacturing-industries","true"
"/blog/what-is-a-pos-purchase","/author/hulm-solutions-editorial-team | /blog/best-pos-system-for-retail | /blog/what-is-a-pos-purchase | /blog/what-is-pos | /blog/what-is-pos-debit-meaning | /blogs","200","","200","/blog/what-is-a-pos-purchase","true"
"/blog/what-is-a-pos-purchase","/author/hulm-solutions-editorial-team | /blog/best-pos-system-for-retail | /blog/what-is-a-pos-purchase | /blog/what-is-pos | /blog/what-is-pos-debit-meaning | /blogs","200","","200","/blog/what-is-a-pos-purchase","true"
"/blog/what-is-a-pos-purchase","/author/hulm-solutions-editorial-team | /blog/best-pos-system-for-retail | /blog/what-is-a-pos-purchase | /blog/what-is-pos | /blog/what-is-pos-debit-meaning | /blogs","200","","200","/blog/what-is-a-pos-purchase","true"
"/blog/what-is-a-pos-purchase","/author/hulm-solutions-editorial-team | /blog/best-pos-system-for-retail | /blog/what-is-a-pos-purchase | /blog/what-is-pos | /blog/what-is-pos-debit-meaning | /blogs","200","","200","/blog/what-is-a-pos-purchase","true"
"/blog/what-is-a-pos-purchase","/author/hulm-solutions-editorial-team | /blog/best-pos-system-for-retail | /blog/what-is-a-pos-purchase | /blog/what-is-pos | /blog/what-is-pos-debit-meaning | /blogs","200","","200","/blog/what-is-a-pos-purchase","true"
"/blog/what-is-a-pos-purchase","/author/hulm-solutions-editorial-team | /blog/best-pos-system-for-retail | /blog/what-is-a-pos-purchase | /blog/what-is-pos | /blog/what-is-pos-debit-meaning | /blogs","200","","200","/blog/what-is-a-pos-purchase","true"
"/blog/what-is-a-pos-purchase","/author/hulm-solutions-editorial-team | /blog/best-pos-system-for-retail | /blog/what-is-a-pos-purchase | /blog/what-is-pos | /blog/what-is-pos-debit-meaning | /blogs","200","","200","/blog/what-is-a-pos-purchase","true"
"/blog/what-is-a-pos-purchase","/author/hulm-solutions-editorial-team | /blog/best-pos-system-for-retail | /blog/what-is-a-pos-purchase | /blog/what-is-pos | /blog/what-is-pos-debit-meaning | /blogs","200","","200","/blog/what-is-a-pos-purchase","true"
"/blog/what-is-a-pos-purchase","/author/hulm-solutions-editorial-team | /blog/best-pos-system-for-retail | /blog/what-is-a-pos-purchase | /blog/what-is-pos | /blog/what-is-pos-debit-meaning | /blogs","200","","200","/blog/what-is-a-pos-purchase","true"
"/blog/what-is-a-pos-purchase","/author/hulm-solutions-editorial-team | /blog/best-pos-system-for-retail | /blog/what-is-a-pos-purchase | /blog/what-is-pos | /blog/what-is-pos-debit-meaning | /blogs","200","","200","/blog/what-is-a-pos-purchase","true"
"/blog/what-is-a-pos-purchase","/author/hulm-solutions-editorial-team | /blog/best-pos-system-for-retail | /blog/what-is-a-pos-purchase | /blog/what-is-pos | /blog/what-is-pos-debit-meaning | /blogs","200","","200","/blog/what-is-a-pos-purchase","true"
"/blog/what-is-point-of-sale-transaction","/author/hulm-solutions-editorial-team | /blog/best-pos-system-for-retail | /blog/cloud-pos-software-for-retail-stores | /blog/what-is-a-pos-person-meaning-and-responsibilities | /blog/what-is-a-pos-purchase | /blog/what-is-point-of-sale-transaction | /blog/what-is-pos-debit-meaning | /blog/what-is-pos-experience-12-tips-to-satisfy-your-customers | /blog/what-is-pos-skills-understand-pos-skill-meaning | /blogs","200","","200","/blog/what-is-point-of-sale-transaction","true"
"/blog/what-is-point-of-sale-transaction","/author/hulm-solutions-editorial-team | /blog/best-pos-system-for-retail | /blog/cloud-pos-software-for-retail-stores | /blog/what-is-a-pos-person-meaning-and-responsibilities | /blog/what-is-a-pos-purchase | /blog/what-is-point-of-sale-transaction | /blog/what-is-pos-debit-meaning | /blog/what-is-pos-experience-12-tips-to-satisfy-your-customers | /blog/what-is-pos-skills-understand-pos-skill-meaning | /blogs","200","","200","/blog/what-is-point-of-sale-transaction","true"
"/blog/what-is-point-of-sale-transaction","/author/hulm-solutions-editorial-team | /blog/best-pos-system-for-retail | /blog/cloud-pos-software-for-retail-stores | /blog/what-is-a-pos-person-meaning-and-responsibilities | /blog/what-is-a-pos-purchase | /blog/what-is-point-of-sale-transaction | /blog/what-is-pos-debit-meaning | /blog/what-is-pos-experience-12-tips-to-satisfy-your-customers | /blog/what-is-pos-skills-understand-pos-skill-meaning | /blogs","200","","200","/blog/what-is-point-of-sale-transaction","true"
"/blog/what-is-point-of-sale-transaction","/author/hulm-solutions-editorial-team | /blog/best-pos-system-for-retail | /blog/cloud-pos-software-for-retail-stores | /blog/what-is-a-pos-person-meaning-and-responsibilities | /blog/what-is-a-pos-purchase | /blog/what-is-point-of-sale-transaction | /blog/what-is-pos-debit-meaning | /blog/what-is-pos-experience-12-tips-to-satisfy-your-customers | /blog/what-is-pos-skills-understand-pos-skill-meaning | /blogs","200","","200","/blog/what-is-point-of-sale-transaction","true"
"/blog/what-is-point-of-sale-transaction","/author/hulm-solutions-editorial-team | /blog/best-pos-system-for-retail | /blog/cloud-pos-software-for-retail-stores | /blog/what-is-a-pos-person-meaning-and-responsibilities | /blog/what-is-a-pos-purchase | /blog/what-is-point-of-sale-transaction | /blog/what-is-pos-debit-meaning | /blog/what-is-pos-experience-12-tips-to-satisfy-your-customers | /blog/what-is-pos-skills-understand-pos-skill-meaning | /blogs","200","","200","/blog/what-is-point-of-sale-transaction","true"
"/blog/what-is-point-of-sale-transaction","/author/hulm-solutions-editorial-team | /blog/best-pos-system-for-retail | /blog/cloud-pos-software-for-retail-stores | /blog/what-is-a-pos-person-meaning-and-responsibilities | /blog/what-is-a-pos-purchase | /blog/what-is-point-of-sale-transaction | /blog/what-is-pos-debit-meaning | /blog/what-is-pos-experience-12-tips-to-satisfy-your-customers | /blog/what-is-pos-skills-understand-pos-skill-meaning | /blogs","200","","200","/blog/what-is-point-of-sale-transaction","true"
"/blog/what-is-point-of-sale-transaction","/author/hulm-solutions-editorial-team | /blog/best-pos-system-for-retail | /blog/cloud-pos-software-for-retail-stores | /blog/what-is-a-pos-person-meaning-and-responsibilities | /blog/what-is-a-pos-purchase | /blog/what-is-point-of-sale-transaction | /blog/what-is-pos-debit-meaning | /blog/what-is-pos-experience-12-tips-to-satisfy-your-customers | /blog/what-is-pos-skills-understand-pos-skill-meaning | /blogs","200","","200","/blog/what-is-point-of-sale-transaction","true"
"/blog/what-is-point-of-sale-transaction","/author/hulm-solutions-editorial-team | /blog/best-pos-system-for-retail | /blog/cloud-pos-software-for-retail-stores | /blog/what-is-a-pos-person-meaning-and-responsibilities | /blog/what-is-a-pos-purchase | /blog/what-is-point-of-sale-transaction | /blog/what-is-pos-debit-meaning | /blog/what-is-pos-experience-12-tips-to-satisfy-your-customers | /blog/what-is-pos-skills-understand-pos-skill-meaning | /blogs","200","","200","/blog/what-is-point-of-sale-transaction","true"
"/blog/what-is-point-of-sale-transaction","/author/hulm-solutions-editorial-team | /blog/best-pos-system-for-retail | /blog/cloud-pos-software-for-retail-stores | /blog/what-is-a-pos-person-meaning-and-responsibilities | /blog/what-is-a-pos-purchase | /blog/what-is-point-of-sale-transaction | /blog/what-is-pos-debit-meaning | /blog/what-is-pos-experience-12-tips-to-satisfy-your-customers | /blog/what-is-pos-skills-understand-pos-skill-meaning | /blogs","200","","200","/blog/what-is-point-of-sale-transaction","true"
"/blog/what-is-point-of-sale-transaction","/author/hulm-solutions-editorial-team | /blog/best-pos-system-for-retail | /blog/cloud-pos-software-for-retail-stores | /blog/what-is-a-pos-person-meaning-and-responsibilities | /blog/what-is-a-pos-purchase | /blog/what-is-point-of-sale-transaction | /blog/what-is-pos-debit-meaning | /blog/what-is-pos-experience-12-tips-to-satisfy-your-customers | /blog/what-is-pos-skills-understand-pos-skill-meaning | /blogs","200","","200","/blog/what-is-point-of-sale-transaction","true"
"/blog/what-is-point-of-sale-transaction","/author/hulm-solutions-editorial-team | /blog/best-pos-system-for-retail | /blog/cloud-pos-software-for-retail-stores | /blog/what-is-a-pos-person-meaning-and-responsibilities | /blog/what-is-a-pos-purchase | /blog/what-is-point-of-sale-transaction | /blog/what-is-pos-debit-meaning | /blog/what-is-pos-experience-12-tips-to-satisfy-your-customers | /blog/what-is-pos-skills-understand-pos-skill-meaning | /blogs","200","","200","/blog/what-is-point-of-sale-transaction","true"
"/blog/what-is-point-of-sale-transaction","/author/hulm-solutions-editorial-team | /blog/best-pos-system-for-retail | /blog/cloud-pos-software-for-retail-stores | /blog/what-is-a-pos-person-meaning-and-responsibilities | /blog/what-is-a-pos-purchase | /blog/what-is-point-of-sale-transaction | /blog/what-is-pos-debit-meaning | /blog/what-is-pos-experience-12-tips-to-satisfy-your-customers | /blog/what-is-pos-skills-understand-pos-skill-meaning | /blogs","200","","200","/blog/what-is-point-of-sale-transaction","true"
"/blog/what-is-point-of-sale-transaction","/author/hulm-solutions-editorial-team | /blog/best-pos-system-for-retail | /blog/cloud-pos-software-for-retail-stores | /blog/what-is-a-pos-person-meaning-and-responsibilities | /blog/what-is-a-pos-purchase | /blog/what-is-point-of-sale-transaction | /blog/what-is-pos-debit-meaning | /blog/what-is-pos-experience-12-tips-to-satisfy-your-customers | /blog/what-is-pos-skills-understand-pos-skill-meaning | /blogs","200","","200","/blog/what-is-point-of-sale-transaction","true"
"/blog/what-is-pos","/author/hulm-solutions-editorial-team | /blog/best-free-pos-software-and-system | /blog/best-point-of-sale-system-for-small-business-in-pakistan | /blog/cloud-pos-software-for-retail-stores | /blog/how-does-pos-machine-work | /blog/pos-reconciliation | /blog/what-is-a-pos-person-meaning-and-responsibilities | /blog/what-is-a-pos-purchase | /blog/what-is-point-of-sale-transaction | /blog/what-is-pos | /blog/what-is-pos-debit-meaning | /blog/what-is-pos-experience-12-tips-to-satisfy-your-customers | /blog/what-is-pos-skills-understand-pos-skill-meaning | /blogs","200","","200","/blog/what-is-pos","true"
"/blog/what-is-pos","/author/hulm-solutions-editorial-team | /blog/best-free-pos-software-and-system | /blog/best-point-of-sale-system-for-small-business-in-pakistan | /blog/cloud-pos-software-for-retail-stores | /blog/how-does-pos-machine-work | /blog/pos-reconciliation | /blog/what-is-a-pos-person-meaning-and-responsibilities | /blog/what-is-a-pos-purchase | /blog/what-is-point-of-sale-transaction | /blog/what-is-pos | /blog/what-is-pos-debit-meaning | /blog/what-is-pos-experience-12-tips-to-satisfy-your-customers | /blog/what-is-pos-skills-understand-pos-skill-meaning | /blogs","200","","200","/blog/what-is-pos","true"
"/blog/what-is-pos","/author/hulm-solutions-editorial-team | /blog/best-free-pos-software-and-system | /blog/best-point-of-sale-system-for-small-business-in-pakistan | /blog/cloud-pos-software-for-retail-stores | /blog/how-does-pos-machine-work | /blog/pos-reconciliation | /blog/what-is-a-pos-person-meaning-and-responsibilities | /blog/what-is-a-pos-purchase | /blog/what-is-point-of-sale-transaction | /blog/what-is-pos | /blog/what-is-pos-debit-meaning | /blog/what-is-pos-experience-12-tips-to-satisfy-your-customers | /blog/what-is-pos-skills-understand-pos-skill-meaning | /blogs","200","","200","/blog/what-is-pos","true"
"/blog/what-is-pos","/author/hulm-solutions-editorial-team | /blog/best-free-pos-software-and-system | /blog/best-point-of-sale-system-for-small-business-in-pakistan | /blog/cloud-pos-software-for-retail-stores | /blog/how-does-pos-machine-work | /blog/pos-reconciliation | /blog/what-is-a-pos-person-meaning-and-responsibilities | /blog/what-is-a-pos-purchase | /blog/what-is-point-of-sale-transaction | /blog/what-is-pos | /blog/what-is-pos-debit-meaning | /blog/what-is-pos-experience-12-tips-to-satisfy-your-customers | /blog/what-is-pos-skills-understand-pos-skill-meaning | /blogs","200","","200","/blog/what-is-pos","true"
"/blog/what-is-pos","/author/hulm-solutions-editorial-team | /blog/best-free-pos-software-and-system | /blog/best-point-of-sale-system-for-small-business-in-pakistan | /blog/cloud-pos-software-for-retail-stores | /blog/how-does-pos-machine-work | /blog/pos-reconciliation | /blog/what-is-a-pos-person-meaning-and-responsibilities | /blog/what-is-a-pos-purchase | /blog/what-is-point-of-sale-transaction | /blog/what-is-pos | /blog/what-is-pos-debit-meaning | /blog/what-is-pos-experience-12-tips-to-satisfy-your-customers | /blog/what-is-pos-skills-understand-pos-skill-meaning | /blogs","200","","200","/blog/what-is-pos","true"
"/blog/what-is-pos","/author/hulm-solutions-editorial-team | /blog/best-free-pos-software-and-system | /blog/best-point-of-sale-system-for-small-business-in-pakistan | /blog/cloud-pos-software-for-retail-stores | /blog/how-does-pos-machine-work | /blog/pos-reconciliation | /blog/what-is-a-pos-person-meaning-and-responsibilities | /blog/what-is-a-pos-purchase | /blog/what-is-point-of-sale-transaction | /blog/what-is-pos | /blog/what-is-pos-debit-meaning | /blog/what-is-pos-experience-12-tips-to-satisfy-your-customers | /blog/what-is-pos-skills-understand-pos-skill-meaning | /blogs","200","","200","/blog/what-is-pos","true"
"/blog/what-is-pos","/author/hulm-solutions-editorial-team | /blog/best-free-pos-software-and-system | /blog/best-point-of-sale-system-for-small-business-in-pakistan | /blog/cloud-pos-software-for-retail-stores | /blog/how-does-pos-machine-work | /blog/pos-reconciliation | /blog/what-is-a-pos-person-meaning-and-responsibilities | /blog/what-is-a-pos-purchase | /blog/what-is-point-of-sale-transaction | /blog/what-is-pos | /blog/what-is-pos-debit-meaning | /blog/what-is-pos-experience-12-tips-to-satisfy-your-customers | /blog/what-is-pos-skills-understand-pos-skill-meaning | /blogs","200","","200","/blog/what-is-pos","true"
"/blog/what-is-pos","/author/hulm-solutions-editorial-team | /blog/best-free-pos-software-and-system | /blog/best-point-of-sale-system-for-small-business-in-pakistan | /blog/cloud-pos-software-for-retail-stores | /blog/how-does-pos-machine-work | /blog/pos-reconciliation | /blog/what-is-a-pos-person-meaning-and-responsibilities | /blog/what-is-a-pos-purchase | /blog/what-is-point-of-sale-transaction | /blog/what-is-pos | /blog/what-is-pos-debit-meaning | /blog/what-is-pos-experience-12-tips-to-satisfy-your-customers | /blog/what-is-pos-skills-understand-pos-skill-meaning | /blogs","200","","200","/blog/what-is-pos","true"
"/blog/what-is-pos","/author/hulm-solutions-editorial-team | /blog/best-free-pos-software-and-system | /blog/best-point-of-sale-system-for-small-business-in-pakistan | /blog/cloud-pos-software-for-retail-stores | /blog/how-does-pos-machine-work | /blog/pos-reconciliation | /blog/what-is-a-pos-person-meaning-and-responsibilities | /blog/what-is-a-pos-purchase | /blog/what-is-point-of-sale-transaction | /blog/what-is-pos | /blog/what-is-pos-debit-meaning | /blog/what-is-pos-experience-12-tips-to-satisfy-your-customers | /blog/what-is-pos-skills-understand-pos-skill-meaning | /blogs","200","","200","/blog/what-is-pos","true"
"/blog/what-is-pos","/author/hulm-solutions-editorial-team | /blog/best-free-pos-software-and-system | /blog/best-point-of-sale-system-for-small-business-in-pakistan | /blog/cloud-pos-software-for-retail-stores | /blog/how-does-pos-machine-work | /blog/pos-reconciliation | /blog/what-is-a-pos-person-meaning-and-responsibilities | /blog/what-is-a-pos-purchase | /blog/what-is-point-of-sale-transaction | /blog/what-is-pos | /blog/what-is-pos-debit-meaning | /blog/what-is-pos-experience-12-tips-to-satisfy-your-customers | /blog/what-is-pos-skills-understand-pos-skill-meaning | /blogs","200","","200","/blog/what-is-pos","true"
"/blog/what-is-pos-debit-meaning","/author/hulm-solutions-editorial-team | /blog/best-free-pos-software-and-system | /blog/best-point-of-sale-system-for-small-business-in-pakistan | /blog/best-pos-system-for-retail | /blog/cloud-pos-software-for-retail-stores | /blog/how-does-pos-machine-work | /blog/pos-reconciliation | /blog/what-is-a-pos-person-meaning-and-responsibilities | /blog/what-is-a-pos-purchase | /blog/what-is-point-of-sale-transaction | /blog/what-is-pos | /blog/what-is-pos-debit-meaning | /blog/what-is-pos-experience-12-tips-to-satisfy-your-customers | /blog/what-is-pos-skills-understand-pos-skill-meaning | /blogs","200","","200","/blog/what-is-pos-debit-meaning","true"
"/blog/what-is-pos-debit-meaning","/author/hulm-solutions-editorial-team | /blog/best-free-pos-software-and-system | /blog/best-point-of-sale-system-for-small-business-in-pakistan | /blog/best-pos-system-for-retail | /blog/cloud-pos-software-for-retail-stores | /blog/how-does-pos-machine-work | /blog/pos-reconciliation | /blog/what-is-a-pos-person-meaning-and-responsibilities | /blog/what-is-a-pos-purchase | /blog/what-is-point-of-sale-transaction | /blog/what-is-pos | /blog/what-is-pos-debit-meaning | /blog/what-is-pos-experience-12-tips-to-satisfy-your-customers | /blog/what-is-pos-skills-understand-pos-skill-meaning | /blogs","200","","200","/blog/what-is-pos-debit-meaning","true"
"/blog/what-is-pos-debit-meaning","/author/hulm-solutions-editorial-team | /blog/best-free-pos-software-and-system | /blog/best-point-of-sale-system-for-small-business-in-pakistan | /blog/best-pos-system-for-retail | /blog/cloud-pos-software-for-retail-stores | /blog/how-does-pos-machine-work | /blog/pos-reconciliation | /blog/what-is-a-pos-person-meaning-and-responsibilities | /blog/what-is-a-pos-purchase | /blog/what-is-point-of-sale-transaction | /blog/what-is-pos | /blog/what-is-pos-debit-meaning | /blog/what-is-pos-experience-12-tips-to-satisfy-your-customers | /blog/what-is-pos-skills-understand-pos-skill-meaning | /blogs","200","","200","/blog/what-is-pos-debit-meaning","true"
"/blog/what-is-pos-debit-meaning","/author/hulm-solutions-editorial-team | /blog/best-free-pos-software-and-system | /blog/best-point-of-sale-system-for-small-business-in-pakistan | /blog/best-pos-system-for-retail | /blog/cloud-pos-software-for-retail-stores | /blog/how-does-pos-machine-work | /blog/pos-reconciliation | /blog/what-is-a-pos-person-meaning-and-responsibilities | /blog/what-is-a-pos-purchase | /blog/what-is-point-of-sale-transaction | /blog/what-is-pos | /blog/what-is-pos-debit-meaning | /blog/what-is-pos-experience-12-tips-to-satisfy-your-customers | /blog/what-is-pos-skills-understand-pos-skill-meaning | /blogs","200","","200","/blog/what-is-pos-debit-meaning","true"
"/blog/what-is-pos-debit-meaning","/author/hulm-solutions-editorial-team | /blog/best-free-pos-software-and-system | /blog/best-point-of-sale-system-for-small-business-in-pakistan | /blog/best-pos-system-for-retail | /blog/cloud-pos-software-for-retail-stores | /blog/how-does-pos-machine-work | /blog/pos-reconciliation | /blog/what-is-a-pos-person-meaning-and-responsibilities | /blog/what-is-a-pos-purchase | /blog/what-is-point-of-sale-transaction | /blog/what-is-pos | /blog/what-is-pos-debit-meaning | /blog/what-is-pos-experience-12-tips-to-satisfy-your-customers | /blog/what-is-pos-skills-understand-pos-skill-meaning | /blogs","200","","200","/blog/what-is-pos-debit-meaning","true"
"/blog/what-is-pos-debit-meaning","/author/hulm-solutions-editorial-team | /blog/best-free-pos-software-and-system | /blog/best-point-of-sale-system-for-small-business-in-pakistan | /blog/best-pos-system-for-retail | /blog/cloud-pos-software-for-retail-stores | /blog/how-does-pos-machine-work | /blog/pos-reconciliation | /blog/what-is-a-pos-person-meaning-and-responsibilities | /blog/what-is-a-pos-purchase | /blog/what-is-point-of-sale-transaction | /blog/what-is-pos | /blog/what-is-pos-debit-meaning | /blog/what-is-pos-experience-12-tips-to-satisfy-your-customers | /blog/what-is-pos-skills-understand-pos-skill-meaning | /blogs","200","","200","/blog/what-is-pos-debit-meaning","true"
"/blog/what-is-pos-debit-meaning","/author/hulm-solutions-editorial-team | /blog/best-free-pos-software-and-system | /blog/best-point-of-sale-system-for-small-business-in-pakistan | /blog/best-pos-system-for-retail | /blog/cloud-pos-software-for-retail-stores | /blog/how-does-pos-machine-work | /blog/pos-reconciliation | /blog/what-is-a-pos-person-meaning-and-responsibilities | /blog/what-is-a-pos-purchase | /blog/what-is-point-of-sale-transaction | /blog/what-is-pos | /blog/what-is-pos-debit-meaning | /blog/what-is-pos-experience-12-tips-to-satisfy-your-customers | /blog/what-is-pos-skills-understand-pos-skill-meaning | /blogs","200","","200","/blog/what-is-pos-debit-meaning","true"
"/blog/what-is-pos-debit-meaning","/author/hulm-solutions-editorial-team | /blog/best-free-pos-software-and-system | /blog/best-point-of-sale-system-for-small-business-in-pakistan | /blog/best-pos-system-for-retail | /blog/cloud-pos-software-for-retail-stores | /blog/how-does-pos-machine-work | /blog/pos-reconciliation | /blog/what-is-a-pos-person-meaning-and-responsibilities | /blog/what-is-a-pos-purchase | /blog/what-is-point-of-sale-transaction | /blog/what-is-pos | /blog/what-is-pos-debit-meaning | /blog/what-is-pos-experience-12-tips-to-satisfy-your-customers | /blog/what-is-pos-skills-understand-pos-skill-meaning | /blogs","200","","200","/blog/what-is-pos-debit-meaning","true"
"/blog/what-is-pos-debit-meaning","/author/hulm-solutions-editorial-team | /blog/best-free-pos-software-and-system | /blog/best-point-of-sale-system-for-small-business-in-pakistan | /blog/best-pos-system-for-retail | /blog/cloud-pos-software-for-retail-stores | /blog/how-does-pos-machine-work | /blog/pos-reconciliation | /blog/what-is-a-pos-person-meaning-and-responsibilities | /blog/what-is-a-pos-purchase | /blog/what-is-point-of-sale-transaction | /blog/what-is-pos | /blog/what-is-pos-debit-meaning | /blog/what-is-pos-experience-12-tips-to-satisfy-your-customers | /blog/what-is-pos-skills-understand-pos-skill-meaning | /blogs","200","","200","/blog/what-is-pos-debit-meaning","true"
"/blog/what-is-pos-debit-meaning","/author/hulm-solutions-editorial-team | /blog/best-free-pos-software-and-system | /blog/best-point-of-sale-system-for-small-business-in-pakistan | /blog/best-pos-system-for-retail | /blog/cloud-pos-software-for-retail-stores | /blog/how-does-pos-machine-work | /blog/pos-reconciliation | /blog/what-is-a-pos-person-meaning-and-responsibilities | /blog/what-is-a-pos-purchase | /blog/what-is-point-of-sale-transaction | /blog/what-is-pos | /blog/what-is-pos-debit-meaning | /blog/what-is-pos-experience-12-tips-to-satisfy-your-customers | /blog/what-is-pos-skills-understand-pos-skill-meaning | /blogs","200","","200","/blog/what-is-pos-debit-meaning","true"
"/blog/what-is-pos-debit-meaning","/author/hulm-solutions-editorial-team | /blog/best-free-pos-software-and-system | /blog/best-point-of-sale-system-for-small-business-in-pakistan | /blog/best-pos-system-for-retail | /blog/cloud-pos-software-for-retail-stores | /blog/how-does-pos-machine-work | /blog/pos-reconciliation | /blog/what-is-a-pos-person-meaning-and-responsibilities | /blog/what-is-a-pos-purchase | /blog/what-is-point-of-sale-transaction | /blog/what-is-pos | /blog/what-is-pos-debit-meaning | /blog/what-is-pos-experience-12-tips-to-satisfy-your-customers | /blog/what-is-pos-skills-understand-pos-skill-meaning | /blogs","200","","200","/blog/what-is-pos-debit-meaning","true"
"/blog/what-is-pos-debit-meaning","/author/hulm-solutions-editorial-team | /blog/best-free-pos-software-and-system | /blog/best-point-of-sale-system-for-small-business-in-pakistan | /blog/best-pos-system-for-retail | /blog/cloud-pos-software-for-retail-stores | /blog/how-does-pos-machine-work | /blog/pos-reconciliation | /blog/what-is-a-pos-person-meaning-and-responsibilities | /blog/what-is-a-pos-purchase | /blog/what-is-point-of-sale-transaction | /blog/what-is-pos | /blog/what-is-pos-debit-meaning | /blog/what-is-pos-experience-12-tips-to-satisfy-your-customers | /blog/what-is-pos-skills-understand-pos-skill-meaning | /blogs","200","","200","/blog/what-is-pos-debit-meaning","true"
"/blog/what-is-pos-debit-meaning","/author/hulm-solutions-editorial-team | /blog/best-free-pos-software-and-system | /blog/best-point-of-sale-system-for-small-business-in-pakistan | /blog/best-pos-system-for-retail | /blog/cloud-pos-software-for-retail-stores | /blog/how-does-pos-machine-work | /blog/pos-reconciliation | /blog/what-is-a-pos-person-meaning-and-responsibilities | /blog/what-is-a-pos-purchase | /blog/what-is-point-of-sale-transaction | /blog/what-is-pos | /blog/what-is-pos-debit-meaning | /blog/what-is-pos-experience-12-tips-to-satisfy-your-customers | /blog/what-is-pos-skills-understand-pos-skill-meaning | /blogs","200","","200","/blog/what-is-pos-debit-meaning","true"
"/blog/what-is-pos-debit-meaning","/author/hulm-solutions-editorial-team | /blog/best-free-pos-software-and-system | /blog/best-point-of-sale-system-for-small-business-in-pakistan | /blog/best-pos-system-for-retail | /blog/cloud-pos-software-for-retail-stores | /blog/how-does-pos-machine-work | /blog/pos-reconciliation | /blog/what-is-a-pos-person-meaning-and-responsibilities | /blog/what-is-a-pos-purchase | /blog/what-is-point-of-sale-transaction | /blog/what-is-pos | /blog/what-is-pos-debit-meaning | /blog/what-is-pos-experience-12-tips-to-satisfy-your-customers | /blog/what-is-pos-skills-understand-pos-skill-meaning | /blogs","200","","200","/blog/what-is-pos-debit-meaning","true"
"/blog/what-is-pos-debit-meaning","/author/hulm-solutions-editorial-team | /blog/best-free-pos-software-and-system | /blog/best-point-of-sale-system-for-small-business-in-pakistan | /blog/best-pos-system-for-retail | /blog/cloud-pos-software-for-retail-stores | /blog/how-does-pos-machine-work | /blog/pos-reconciliation | /blog/what-is-a-pos-person-meaning-and-responsibilities | /blog/what-is-a-pos-purchase | /blog/what-is-point-of-sale-transaction | /blog/what-is-pos | /blog/what-is-pos-debit-meaning | /blog/what-is-pos-experience-12-tips-to-satisfy-your-customers | /blog/what-is-pos-skills-understand-pos-skill-meaning | /blogs","200","","200","/blog/what-is-pos-debit-meaning","true"
"/blog/what-is-pos-debit-meaning","/author/hulm-solutions-editorial-team | /blog/best-free-pos-software-and-system | /blog/best-point-of-sale-system-for-small-business-in-pakistan | /blog/best-pos-system-for-retail | /blog/cloud-pos-software-for-retail-stores | /blog/how-does-pos-machine-work | /blog/pos-reconciliation | /blog/what-is-a-pos-person-meaning-and-responsibilities | /blog/what-is-a-pos-purchase | /blog/what-is-point-of-sale-transaction | /blog/what-is-pos | /blog/what-is-pos-debit-meaning | /blog/what-is-pos-experience-12-tips-to-satisfy-your-customers | /blog/what-is-pos-skills-understand-pos-skill-meaning | /blogs","200","","200","/blog/what-is-pos-debit-meaning","true"
"/blog/what-is-pos-experience-12-tips-to-satisfy-your-customers","/author/hulm-solutions-editorial-team | /blog/what-is-a-pos-person-meaning-and-responsibilities | /blog/what-is-a-pos-purchase | /blog/what-is-pos-debit-meaning | /blog/what-is-pos-experience-12-tips-to-satisfy-your-customers | /blog/what-is-pos-skills-understand-pos-skill-meaning | /blogs","200","","200","/blog/what-is-pos-experience-12-tips-to-satisfy-your-customers","true"
"/blog/what-is-pos-experience-12-tips-to-satisfy-your-customers","/author/hulm-solutions-editorial-team | /blog/what-is-a-pos-person-meaning-and-responsibilities | /blog/what-is-a-pos-purchase | /blog/what-is-pos-debit-meaning | /blog/what-is-pos-experience-12-tips-to-satisfy-your-customers | /blog/what-is-pos-skills-understand-pos-skill-meaning | /blogs","200","","200","/blog/what-is-pos-experience-12-tips-to-satisfy-your-customers","true"
"/blog/what-is-pos-experience-12-tips-to-satisfy-your-customers","/author/hulm-solutions-editorial-team | /blog/what-is-a-pos-person-meaning-and-responsibilities | /blog/what-is-a-pos-purchase | /blog/what-is-pos-debit-meaning | /blog/what-is-pos-experience-12-tips-to-satisfy-your-customers | /blog/what-is-pos-skills-understand-pos-skill-meaning | /blogs","200","","200","/blog/what-is-pos-experience-12-tips-to-satisfy-your-customers","true"
"/blog/what-is-pos-experience-12-tips-to-satisfy-your-customers","/author/hulm-solutions-editorial-team | /blog/what-is-a-pos-person-meaning-and-responsibilities | /blog/what-is-a-pos-purchase | /blog/what-is-pos-debit-meaning | /blog/what-is-pos-experience-12-tips-to-satisfy-your-customers | /blog/what-is-pos-skills-understand-pos-skill-meaning | /blogs","200","","200","/blog/what-is-pos-experience-12-tips-to-satisfy-your-customers","true"
"/blog/what-is-pos-experience-12-tips-to-satisfy-your-customers","/author/hulm-solutions-editorial-team | /blog/what-is-a-pos-person-meaning-and-responsibilities | /blog/what-is-a-pos-purchase | /blog/what-is-pos-debit-meaning | /blog/what-is-pos-experience-12-tips-to-satisfy-your-customers | /blog/what-is-pos-skills-understand-pos-skill-meaning | /blogs","200","","200","/blog/what-is-pos-experience-12-tips-to-satisfy-your-customers","true"
"/blog/what-is-pos-experience-12-tips-to-satisfy-your-customers","/author/hulm-solutions-editorial-team | /blog/what-is-a-pos-person-meaning-and-responsibilities | /blog/what-is-a-pos-purchase | /blog/what-is-pos-debit-meaning | /blog/what-is-pos-experience-12-tips-to-satisfy-your-customers | /blog/what-is-pos-skills-understand-pos-skill-meaning | /blogs","200","","200","/blog/what-is-pos-experience-12-tips-to-satisfy-your-customers","true"
"/blog/what-is-pos-experience-12-tips-to-satisfy-your-customers","/author/hulm-solutions-editorial-team | /blog/what-is-a-pos-person-meaning-and-responsibilities | /blog/what-is-a-pos-purchase | /blog/what-is-pos-debit-meaning | /blog/what-is-pos-experience-12-tips-to-satisfy-your-customers | /blog/what-is-pos-skills-understand-pos-skill-meaning | /blogs","200","","200","/blog/what-is-pos-experience-12-tips-to-satisfy-your-customers","true"
"/blog/what-is-pos-experience-12-tips-to-satisfy-your-customers","/author/hulm-solutions-editorial-team | /blog/what-is-a-pos-person-meaning-and-responsibilities | /blog/what-is-a-pos-purchase | /blog/what-is-pos-debit-meaning | /blog/what-is-pos-experience-12-tips-to-satisfy-your-customers | /blog/what-is-pos-skills-understand-pos-skill-meaning | /blogs","200","","200","/blog/what-is-pos-experience-12-tips-to-satisfy-your-customers","true"
"/blog/what-is-pos-experience-12-tips-to-satisfy-your-customers","/author/hulm-solutions-editorial-team | /blog/what-is-a-pos-person-meaning-and-responsibilities | /blog/what-is-a-pos-purchase | /blog/what-is-pos-debit-meaning | /blog/what-is-pos-experience-12-tips-to-satisfy-your-customers | /blog/what-is-pos-skills-understand-pos-skill-meaning | /blogs","200","","200","/blog/what-is-pos-experience-12-tips-to-satisfy-your-customers","true"
"/blog/what-is-pos-experience-12-tips-to-satisfy-your-customers","/author/hulm-solutions-editorial-team | /blog/what-is-a-pos-person-meaning-and-responsibilities | /blog/what-is-a-pos-purchase | /blog/what-is-pos-debit-meaning | /blog/what-is-pos-experience-12-tips-to-satisfy-your-customers | /blog/what-is-pos-skills-understand-pos-skill-meaning | /blogs","200","","200","/blog/what-is-pos-experience-12-tips-to-satisfy-your-customers","true"
"/blog/what-is-pos-experience-12-tips-to-satisfy-your-customers","/author/hulm-solutions-editorial-team | /blog/what-is-a-pos-person-meaning-and-responsibilities | /blog/what-is-a-pos-purchase | /blog/what-is-pos-debit-meaning | /blog/what-is-pos-experience-12-tips-to-satisfy-your-customers | /blog/what-is-pos-skills-understand-pos-skill-meaning | /blogs","200","","200","/blog/what-is-pos-experience-12-tips-to-satisfy-your-customers","true"
"/blog/what-is-pos-experience-12-tips-to-satisfy-your-customers","/author/hulm-solutions-editorial-team | /blog/what-is-a-pos-person-meaning-and-responsibilities | /blog/what-is-a-pos-purchase | /blog/what-is-pos-debit-meaning | /blog/what-is-pos-experience-12-tips-to-satisfy-your-customers | /blog/what-is-pos-skills-understand-pos-skill-meaning | /blogs","200","","200","/blog/what-is-pos-experience-12-tips-to-satisfy-your-customers","true"
"/blog/what-is-pos-skills-understand-pos-skill-meaning","/author/hulm-solutions-editorial-team | /blog/best-pos-system-for-retail | /blog/what-is-a-pos-person-meaning-and-responsibilities | /blog/what-is-a-pos-purchase | /blog/what-is-pos-debit-meaning | /blog/what-is-pos-skills-understand-pos-skill-meaning | /blogs","200","","200","/blog/what-is-pos-skills-understand-pos-skill-meaning","true"
"/blog/what-is-pos-skills-understand-pos-skill-meaning","/author/hulm-solutions-editorial-team | /blog/best-pos-system-for-retail | /blog/what-is-a-pos-person-meaning-and-responsibilities | /blog/what-is-a-pos-purchase | /blog/what-is-pos-debit-meaning | /blog/what-is-pos-skills-understand-pos-skill-meaning | /blogs","200","","200","/blog/what-is-pos-skills-understand-pos-skill-meaning","true"
"/blog/what-is-pos-skills-understand-pos-skill-meaning","/author/hulm-solutions-editorial-team | /blog/best-pos-system-for-retail | /blog/what-is-a-pos-person-meaning-and-responsibilities | /blog/what-is-a-pos-purchase | /blog/what-is-pos-debit-meaning | /blog/what-is-pos-skills-understand-pos-skill-meaning | /blogs","200","","200","/blog/what-is-pos-skills-understand-pos-skill-meaning","true"
"/blog/what-is-pos-skills-understand-pos-skill-meaning","/author/hulm-solutions-editorial-team | /blog/best-pos-system-for-retail | /blog/what-is-a-pos-person-meaning-and-responsibilities | /blog/what-is-a-pos-purchase | /blog/what-is-pos-debit-meaning | /blog/what-is-pos-skills-understand-pos-skill-meaning | /blogs","200","","200","/blog/what-is-pos-skills-understand-pos-skill-meaning","true"
"/blog/what-is-pos-skills-understand-pos-skill-meaning","/author/hulm-solutions-editorial-team | /blog/best-pos-system-for-retail | /blog/what-is-a-pos-person-meaning-and-responsibilities | /blog/what-is-a-pos-purchase | /blog/what-is-pos-debit-meaning | /blog/what-is-pos-skills-understand-pos-skill-meaning | /blogs","200","","200","/blog/what-is-pos-skills-understand-pos-skill-meaning","true"
"/blog/what-is-pos-skills-understand-pos-skill-meaning","/author/hulm-solutions-editorial-team | /blog/best-pos-system-for-retail | /blog/what-is-a-pos-person-meaning-and-responsibilities | /blog/what-is-a-pos-purchase | /blog/what-is-pos-debit-meaning | /blog/what-is-pos-skills-understand-pos-skill-meaning | /blogs","200","","200","/blog/what-is-pos-skills-understand-pos-skill-meaning","true"
"/blog/what-is-pos-skills-understand-pos-skill-meaning","/author/hulm-solutions-editorial-team | /blog/best-pos-system-for-retail | /blog/what-is-a-pos-person-meaning-and-responsibilities | /blog/what-is-a-pos-purchase | /blog/what-is-pos-debit-meaning | /blog/what-is-pos-skills-understand-pos-skill-meaning | /blogs","200","","200","/blog/what-is-pos-skills-understand-pos-skill-meaning","true"
"/blog/what-is-pos-skills-understand-pos-skill-meaning","/author/hulm-solutions-editorial-team | /blog/best-pos-system-for-retail | /blog/what-is-a-pos-person-meaning-and-responsibilities | /blog/what-is-a-pos-purchase | /blog/what-is-pos-debit-meaning | /blog/what-is-pos-skills-understand-pos-skill-meaning | /blogs","200","","200","/blog/what-is-pos-skills-understand-pos-skill-meaning","true"
"/blog/what-is-pos-skills-understand-pos-skill-meaning","/author/hulm-solutions-editorial-team | /blog/best-pos-system-for-retail | /blog/what-is-a-pos-person-meaning-and-responsibilities | /blog/what-is-a-pos-purchase | /blog/what-is-pos-debit-meaning | /blog/what-is-pos-skills-understand-pos-skill-meaning | /blogs","200","","200","/blog/what-is-pos-skills-understand-pos-skill-meaning","true"
"/blog/what-is-pos-skills-understand-pos-skill-meaning","/author/hulm-solutions-editorial-team | /blog/best-pos-system-for-retail | /blog/what-is-a-pos-person-meaning-and-responsibilities | /blog/what-is-a-pos-purchase | /blog/what-is-pos-debit-meaning | /blog/what-is-pos-skills-understand-pos-skill-meaning | /blogs","200","","200","/blog/what-is-pos-skills-understand-pos-skill-meaning","true"
"/blog/what-is-pos-skills-understand-pos-skill-meaning","/author/hulm-solutions-editorial-team | /blog/best-pos-system-for-retail | /blog/what-is-a-pos-person-meaning-and-responsibilities | /blog/what-is-a-pos-purchase | /blog/what-is-pos-debit-meaning | /blog/what-is-pos-skills-understand-pos-skill-meaning | /blogs","200","","200","/blog/what-is-pos-skills-understand-pos-skill-meaning","true"
"/blog/what-is-pos-skills-understand-pos-skill-meaning","/author/hulm-solutions-editorial-team | /blog/best-pos-system-for-retail | /blog/what-is-a-pos-person-meaning-and-responsibilities | /blog/what-is-a-pos-purchase | /blog/what-is-pos-debit-meaning | /blog/what-is-pos-skills-understand-pos-skill-meaning | /blogs","200","","200","/blog/what-is-pos-skills-understand-pos-skill-meaning","true"
"/pos-case-studies/real-tech-pos-system-karachi","/pos-case-studies | /pos-case-studies/cupcake-queen-bakery-pos-qatar | /pos-case-studies/farhan-caterers-pos-karachi | /pos-case-studies/implementing-a-pos-system-for-retail-the-laptop-store | /pos-case-studies/implementing-pos-systems-for-medical-euquipment-industry","200","","200","/pos-case-studies/real-tech-pos-system-karachi","true"
"/pos-case-studies/implementing-pos-systems-for-medical-euquipment-industry","/pos-case-studies | /pos-case-studies/cupcake-queen-bakery-pos-qatar | /pos-case-studies/farhan-caterers-pos-karachi | /pos-case-studies/implementing-a-pos-system-for-retail-the-laptop-store | /pos-case-studies/real-tech-pos-system-karachi","200","","200","/pos-case-studies/implementing-pos-systems-for-medical-euquipment-industry","true"
"/pos-case-studies/cupcake-queen-bakery-pos-qatar","/pos-case-studies | /pos-case-studies/farhan-caterers-pos-karachi | /pos-case-studies/implementing-a-pos-system-for-retail-the-laptop-store | /pos-case-studies/implementing-pos-systems-for-medical-euquipment-industry | /pos-case-studies/real-tech-pos-system-karachi","200","","200","/pos-case-studies/cupcake-queen-bakery-pos-qatar","true"
"/pos-case-studies/farhan-caterers-pos-karachi","/pos-case-studies | /pos-case-studies/cupcake-queen-bakery-pos-qatar | /pos-case-studies/implementing-a-pos-system-for-retail-the-laptop-store | /pos-case-studies/implementing-pos-systems-for-medical-euquipment-industry | /pos-case-studies/real-tech-pos-system-karachi","200","","200","/pos-case-studies/farhan-caterers-pos-karachi","true"