"linked_route","linked_path","source_routes","direct_status","redirect_location","final_status","final_path","direct_to_canonical"
"/","/","/ | /about | /apps | /author | /blog/best-free-pos-software-and-system | /blog/best-point-of-sale-system-for-small-business-in-pakistan | /blog/best-pos-system-for-retail | /blog/cloud-pos-software-for-retail-stores | /blog/how-does-pos-machine-work | /blog/pos-reconciliation | /blog/what-is-a-pos-person-meaning-and-responsibilities | /blog/what-is-a-pos-purchase | /blog/what-is-point-of-sale-transaction | /blog/what-is-pos-debit-meaning | /blog/what-is-pos-experience-12-tips-to-satisfy-your-customers | /blog/what-is-pos-skills-understand-pos-skill-meaning | /blog/what-is-pos | /blogs | /cattle-management-software | /contact | /customer-management | /fbr-integrated-pos-pakistan | /features | /industries | /industries/bakery-pos-system | /industries/cafe | /industries/clothing-store | /industries/electric-store | /industries/furniture-store | /industries/jewellery-shop | /industries/manufacturing-industries | /industries/pharmacy-store | /industries/restaurant-pos | /industries/retail-store | /industries/salon-pos | /industries/toys-store | /integration | /inventory-management | /logistics-management-software | /mobile-pos | /order-management | /pos-case-studies | /pos-case-studies/cupcake-queen-bakery-pos-qatar | /pos-case-studies/farhan-caterers-pos-karachi | /pos-case-studies/implementing-a-pos-system-for-retail-the-laptop-store | /pos-case-studies/implementing-pos-systems-for-medical-euquipment-industry | /pos-case-studies/real-tech-pos-system-karachi | /pos-software-ksa | /pos-software-qatar | /pos-software-uae | /pos-software-usa | /pricing | /privacy-policy | /purchase-orders | /reporting-module | /terms-and-conditions | /vendors-management | /website | /zatca","200","","200","/","true"
"/apps","/apps/","/ | /about | /apps | /author | /blog/best-free-pos-software-and-system | /blog/best-point-of-sale-system-for-small-business-in-pakistan | /blog/best-pos-system-for-retail | /blog/cloud-pos-software-for-retail-stores | /blog/how-does-pos-machine-work | /blog/pos-reconciliation | /blog/what-is-a-pos-person-meaning-and-responsibilities | /blog/what-is-a-pos-purchase | /blog/what-is-point-of-sale-transaction | /blog/what-is-pos-debit-meaning | /blog/what-is-pos-experience-12-tips-to-satisfy-your-customers | /blog/what-is-pos-skills-understand-pos-skill-meaning | /blog/what-is-pos | /blogs | /cattle-management-software | /contact | /customer-management | /fbr-integrated-pos-pakistan | /features | /industries | /industries/bakery-pos-system | /industries/cafe | /industries/clothing-store | /industries/electric-store | /industries/furniture-store | /industries/jewellery-shop | /industries/manufacturing-industries | /industries/pharmacy-store | /industries/restaurant-pos | /industries/retail-store | /industries/salon-pos | /industries/toys-store | /integration | /inventory-management | /logistics-management-software | /mobile-pos | /order-management | /pos-case-studies | /pos-case-studies/cupcake-queen-bakery-pos-qatar | /pos-case-studies/farhan-caterers-pos-karachi | /pos-case-studies/implementing-a-pos-system-for-retail-the-laptop-store | /pos-case-studies/implementing-pos-systems-for-medical-euquipment-industry | /pos-case-studies/real-tech-pos-system-karachi | /pos-software-ksa | /pos-software-qatar | /pos-software-uae | /pos-software-usa | /pricing | /privacy-policy | /purchase-orders | /reporting-module | /terms-and-conditions | /vendors-management | /website | /zatca","200","","200","/apps","true"
"/industries","/industries/","/ | /about | /apps | /author | /blog/best-free-pos-software-and-system | /blog/best-point-of-sale-system-for-small-business-in-pakistan | /blog/best-pos-system-for-retail | /blog/cloud-pos-software-for-retail-stores | /blog/how-does-pos-machine-work | /blog/pos-reconciliation | /blog/what-is-a-pos-person-meaning-and-responsibilities | /blog/what-is-a-pos-purchase | /blog/what-is-point-of-sale-transaction | /blog/what-is-pos-debit-meaning | /blog/what-is-pos-experience-12-tips-to-satisfy-your-customers | /blog/what-is-pos-skills-understand-pos-skill-meaning | /blog/what-is-pos | /blogs | /cattle-management-software | /contact | /customer-management | /fbr-integrated-pos-pakistan | /features | /industries | /industries/bakery-pos-system | /industries/cafe | /industries/clothing-store | /industries/electric-store | /industries/furniture-store | /industries/jewellery-shop | /industries/manufacturing-industries | /industries/pharmacy-store | /industries/restaurant-pos | /industries/retail-store | /industries/salon-pos | /industries/toys-store | /integration | /inventory-management | /logistics-management-software | /mobile-pos | /order-management | /pos-case-studies | /pos-case-studies/cupcake-queen-bakery-pos-qatar | /pos-case-studies/farhan-caterers-pos-karachi | /pos-case-studies/implementing-a-pos-system-for-retail-the-laptop-store | /pos-case-studies/implementing-pos-systems-for-medical-euquipment-industry | /pos-case-studies/real-tech-pos-system-karachi | /pos-software-ksa | /pos-software-qatar | /pos-software-uae | /pos-software-usa | /pricing | /privacy-policy | /purchase-orders | /reporting-module | /terms-and-conditions | /vendors-management | /website | /zatca","200","","200","/industries","true"
"/fbr-integrated-pos-pakistan","/fbr-integrated-pos-pakistan/","/ | /about | /apps | /author | /blog/best-free-pos-software-and-system | /blog/best-point-of-sale-system-for-small-business-in-pakistan | /blog/best-pos-system-for-retail | /blog/cloud-pos-software-for-retail-stores | /blog/how-does-pos-machine-work | /blog/pos-reconciliation | /blog/what-is-a-pos-person-meaning-and-responsibilities | /blog/what-is-a-pos-purchase | /blog/what-is-point-of-sale-transaction | /blog/what-is-pos-debit-meaning | /blog/what-is-pos-experience-12-tips-to-satisfy-your-customers | /blog/what-is-pos-skills-understand-pos-skill-meaning | /blog/what-is-pos | /blogs | /cattle-management-software | /contact | /customer-management | /fbr-integrated-pos-pakistan | /features | /industries | /industries/bakery-pos-system | /industries/cafe | /industries/clothing-store | /industries/electric-store | /industries/furniture-store | /industries/jewellery-shop | /industries/manufacturing-industries | /industries/pharmacy-store | /industries/restaurant-pos | /industries/retail-store | /industries/salon-pos | /industries/toys-store | /integration | /inventory-management | /logistics-management-software | /mobile-pos | /order-management | /pos-case-studies | /pos-case-studies/cupcake-queen-bakery-pos-qatar | /pos-case-studies/farhan-caterers-pos-karachi | /pos-case-studies/implementing-a-pos-system-for-retail-the-laptop-store | /pos-case-studies/implementing-pos-systems-for-medical-euquipment-industry | /pos-case-studies/real-tech-pos-system-karachi | /pos-software-ksa | /pos-software-qatar | /pos-software-uae | /pos-software-usa | /pricing | /privacy-policy | /purchase-orders | /reporting-module | /terms-and-conditions | /vendors-management | /website | /zatca","200","","200","/fbr-integrated-pos-pakistan","true"
"/pricing","/pricing/","/ | /about | /apps | /author | /blog/best-free-pos-software-and-system | /blog/best-point-of-sale-system-for-small-business-in-pakistan | /blog/best-pos-system-for-retail | /blog/cloud-pos-software-for-retail-stores | /blog/how-does-pos-machine-work | /blog/pos-reconciliation | /blog/what-is-a-pos-person-meaning-and-responsibilities | /blog/what-is-a-pos-purchase | /blog/what-is-point-of-sale-transaction | /blog/what-is-pos-debit-meaning | /blog/what-is-pos-experience-12-tips-to-satisfy-your-customers | /blog/what-is-pos-skills-understand-pos-skill-meaning | /blog/what-is-pos | /blogs | /cattle-management-software | /contact | /customer-management | /fbr-integrated-pos-pakistan | /features | /industries | /industries/bakery-pos-system | /industries/cafe | /industries/clothing-store | /industries/electric-store | /industries/furniture-store | /industries/jewellery-shop | /industries/manufacturing-industries | /industries/pharmacy-store | /industries/restaurant-pos | /industries/retail-store | /industries/salon-pos | /industries/toys-store | /integration | /inventory-management | /logistics-management-software | /mobile-pos | /order-management | /pos-case-studies | /pos-case-studies/cupcake-queen-bakery-pos-qatar | /pos-case-studies/farhan-caterers-pos-karachi | /pos-case-studies/implementing-a-pos-system-for-retail-the-laptop-store | /pos-case-studies/implementing-pos-systems-for-medical-euquipment-industry | /pos-case-studies/real-tech-pos-system-karachi | /pos-software-ksa | /pos-software-qatar | /pos-software-uae | /pos-software-usa | /pricing | /privacy-policy | /purchase-orders | /reporting-module | /terms-and-conditions | /vendors-management | /website | /zatca","200","","200","/pricing","true"
"/pos-case-studies","/pos-case-studies/","/ | /about | /apps | /author | /blog/best-free-pos-software-and-system | /blog/best-point-of-sale-system-for-small-business-in-pakistan | /blog/best-pos-system-for-retail | /blog/cloud-pos-software-for-retail-stores | /blog/how-does-pos-machine-work | /blog/pos-reconciliation | /blog/what-is-a-pos-person-meaning-and-responsibilities | /blog/what-is-a-pos-purchase | /blog/what-is-point-of-sale-transaction | /blog/what-is-pos-debit-meaning | /blog/what-is-pos-experience-12-tips-to-satisfy-your-customers | /blog/what-is-pos-skills-understand-pos-skill-meaning | /blog/what-is-pos | /blogs | /cattle-management-software | /contact | /customer-management | /fbr-integrated-pos-pakistan | /features | /industries | /industries/bakery-pos-system | /industries/cafe | /industries/clothing-store | /industries/electric-store | /industries/furniture-store | /industries/jewellery-shop | /industries/manufacturing-industries | /industries/pharmacy-store | /industries/restaurant-pos | /industries/retail-store | /industries/salon-pos | /industries/toys-store | /integration | /inventory-management | /logistics-management-software | /mobile-pos | /order-management | /pos-case-studies | /pos-case-studies/cupcake-queen-bakery-pos-qatar | /pos-case-studies/farhan-caterers-pos-karachi | /pos-case-studies/implementing-a-pos-system-for-retail-the-laptop-store | /pos-case-studies/implementing-pos-systems-for-medical-euquipment-industry | /pos-case-studies/real-tech-pos-system-karachi | /pos-software-ksa | /pos-software-qatar | /pos-software-uae | /pos-software-usa | /pricing | /privacy-policy | /purchase-orders | /reporting-module | /terms-and-conditions | /vendors-management | /website | /zatca","200","","200","/pos-case-studies","true"
"/blogs","/blogs/","/ | /about | /apps | /author | /blog/best-free-pos-software-and-system | /blog/best-point-of-sale-system-for-small-business-in-pakistan | /blog/best-pos-system-for-retail | /blog/cloud-pos-software-for-retail-stores | /blog/how-does-pos-machine-work | /blog/pos-reconciliation | /blog/what-is-a-pos-person-meaning-and-responsibilities | /blog/what-is-a-pos-purchase | /blog/what-is-point-of-sale-transaction | /blog/what-is-pos-debit-meaning | /blog/what-is-pos-experience-12-tips-to-satisfy-your-customers | /blog/what-is-pos-skills-understand-pos-skill-meaning | /blog/what-is-pos | /blogs | /cattle-management-software | /contact | /customer-management | /fbr-integrated-pos-pakistan | /features | /industries | /industries/bakery-pos-system | /industries/cafe | /industries/clothing-store | /industries/electric-store | /industries/furniture-store | /industries/jewellery-shop | /industries/manufacturing-industries | /industries/pharmacy-store | /industries/restaurant-pos | /industries/retail-store | /industries/salon-pos | /industries/toys-store | /integration | /inventory-management | /logistics-management-software | /mobile-pos | /order-management | /pos-case-studies | /pos-case-studies/cupcake-queen-bakery-pos-qatar | /pos-case-studies/farhan-caterers-pos-karachi | /pos-case-studies/implementing-a-pos-system-for-retail-the-laptop-store | /pos-case-studies/implementing-pos-systems-for-medical-euquipment-industry | /pos-case-studies/real-tech-pos-system-karachi | /pos-software-ksa | /pos-software-qatar | /pos-software-uae | /pos-software-usa | /pricing | /privacy-policy | /purchase-orders | /reporting-module | /terms-and-conditions | /vendors-management | /website | /zatca","200","","200","/blogs","true"
"/contact","/contact/","/ | /about | /apps | /author | /blog/best-free-pos-software-and-system | /blog/best-point-of-sale-system-for-small-business-in-pakistan | /blog/best-pos-system-for-retail | /blog/cloud-pos-software-for-retail-stores | /blog/how-does-pos-machine-work | /blog/pos-reconciliation | /blog/what-is-a-pos-person-meaning-and-responsibilities | /blog/what-is-a-pos-purchase | /blog/what-is-point-of-sale-transaction | /blog/what-is-pos-debit-meaning | /blog/what-is-pos-experience-12-tips-to-satisfy-your-customers | /blog/what-is-pos-skills-understand-pos-skill-meaning | /blog/what-is-pos | /blogs | /cattle-management-software | /contact | /customer-management | /fbr-integrated-pos-pakistan | /features | /industries | /industries/bakery-pos-system | /industries/cafe | /industries/clothing-store | /industries/electric-store | /industries/furniture-store | /industries/jewellery-shop | /industries/manufacturing-industries | /industries/pharmacy-store | /industries/restaurant-pos | /industries/retail-store | /industries/salon-pos | /industries/toys-store | /integration | /inventory-management | /logistics-management-software | /mobile-pos | /order-management | /pos-case-studies | /pos-case-studies/cupcake-queen-bakery-pos-qatar | /pos-case-studies/farhan-caterers-pos-karachi | /pos-case-studies/implementing-a-pos-system-for-retail-the-laptop-store | /pos-case-studies/implementing-pos-systems-for-medical-euquipment-industry | /pos-case-studies/real-tech-pos-system-karachi | /pos-software-ksa | /pos-software-qatar | /pos-software-uae | /pos-software-usa | /pricing | /privacy-policy | /purchase-orders | /reporting-module | /terms-and-conditions | /vendors-management | /website | /zatca","200","","200","/contact","true"
"/industries/manufacturing-industries","/industries/manufacturing-industries/","/ | /blog/what-is-a-pos-person-meaning-and-responsibilities | /industries | /industries/manufacturing-industries | /pos-software-ksa | /pos-software-qatar | /pos-software-uae | /pos-software-usa","200","","200","/industries/manufacturing-industries","true"
"/industries/furniture-store","/industries/furniture-store/","/ | /blog/best-point-of-sale-system-for-small-business-in-pakistan | /industries | /industries/furniture-store | /pos-software-ksa | /pos-software-qatar | /pos-software-uae | /pos-software-usa","200","","200","/industries/furniture-store","true"
"/industries/cafe","/industries/cafe/","/ | /blog/best-point-of-sale-system-for-small-business-in-pakistan | /blog/what-is-pos-experience-12-tips-to-satisfy-your-customers | /industries | /industries/cafe | /pos-software-ksa | /pos-software-qatar | /pos-software-uae | /pos-software-usa","200","","200","/industries/cafe","true"
"/industries/toys-store","/industries/toys-store/","/ | /blog/best-point-of-sale-system-for-small-business-in-pakistan | /industries | /industries/toys-store | /pos-software-ksa | /pos-software-qatar | /pos-software-uae | /pos-software-usa","200","","200","/industries/toys-store","true"
"/industries/jewellery-shop","/industries/jewellery-shop/","/ | /blog/best-point-of-sale-system-for-small-business-in-pakistan | /blog/what-is-pos | /industries | /industries/jewellery-shop | /pos-software-ksa | /pos-software-qatar | /pos-software-uae | /pos-software-usa","200","","200","/industries/jewellery-shop","true"
"/industries/electric-store","/industries/electric-store/","/ | /blog/best-point-of-sale-system-for-small-business-in-pakistan | /blog/what-is-pos-debit-meaning | /industries | /industries/electric-store | /pos-case-studies/implementing-a-pos-system-for-retail-the-laptop-store | /pos-software-ksa | /pos-software-qatar | /pos-software-uae | /pos-software-usa","200","","200","/industries/electric-store","true"
"/industries/bakery-pos-system","/industries/bakery-pos-system/","/ | /about | /apps | /author | /blog/best-free-pos-software-and-system | /blog/best-point-of-sale-system-for-small-business-in-pakistan | /blog/best-pos-system-for-retail | /blog/cloud-pos-software-for-retail-stores | /blog/how-does-pos-machine-work | /blog/pos-reconciliation | /blog/what-is-a-pos-person-meaning-and-responsibilities | /blog/what-is-a-pos-purchase | /blog/what-is-point-of-sale-transaction | /blog/what-is-pos-debit-meaning | /blog/what-is-pos-experience-12-tips-to-satisfy-your-customers | /blog/what-is-pos-skills-understand-pos-skill-meaning | /blog/what-is-pos | /blogs | /cattle-management-software | /contact | /customer-management | /fbr-integrated-pos-pakistan | /features | /industries | /industries/bakery-pos-system | /industries/cafe | /industries/clothing-store | /industries/electric-store | /industries/furniture-store | /industries/jewellery-shop | /industries/manufacturing-industries | /industries/pharmacy-store | /industries/restaurant-pos | /industries/retail-store | /industries/salon-pos | /industries/toys-store | /integration | /inventory-management | /logistics-management-software | /mobile-pos | /order-management | /pos-case-studies | /pos-case-studies/cupcake-queen-bakery-pos-qatar | /pos-case-studies/farhan-caterers-pos-karachi | /pos-case-studies/implementing-a-pos-system-for-retail-the-laptop-store | /pos-case-studies/implementing-pos-systems-for-medical-euquipment-industry | /pos-case-studies/real-tech-pos-system-karachi | /pos-software-ksa | /pos-software-qatar | /pos-software-uae | /pos-software-usa | /pricing | /privacy-policy | /purchase-orders | /reporting-module | /terms-and-conditions | /vendors-management | /website | /zatca","200","","200","/industries/bakery-pos-system","true"
"/industries/salon-pos","/industries/salon-pos/","/ | /about | /apps | /author | /blog/best-free-pos-software-and-system | /blog/best-point-of-sale-system-for-small-business-in-pakistan | /blog/best-pos-system-for-retail | /blog/cloud-pos-software-for-retail-stores | /blog/how-does-pos-machine-work | /blog/pos-reconciliation | /blog/what-is-a-pos-person-meaning-and-responsibilities | /blog/what-is-a-pos-purchase | /blog/what-is-point-of-sale-transaction | /blog/what-is-pos-debit-meaning | /blog/what-is-pos-experience-12-tips-to-satisfy-your-customers | /blog/what-is-pos-skills-understand-pos-skill-meaning | /blog/what-is-pos | /blogs | /cattle-management-software | /contact | /customer-management | /fbr-integrated-pos-pakistan | /features | /industries | /industries/bakery-pos-system | /industries/cafe | /industries/clothing-store | /industries/electric-store | /industries/furniture-store | /industries/jewellery-shop | /industries/manufacturing-industries | /industries/pharmacy-store | /industries/restaurant-pos | /industries/retail-store | /industries/salon-pos | /industries/toys-store | /integration | /inventory-management | /logistics-management-software | /mobile-pos | /order-management | /pos-case-studies | /pos-case-studies/cupcake-queen-bakery-pos-qatar | /pos-case-studies/farhan-caterers-pos-karachi | /pos-case-studies/implementing-a-pos-system-for-retail-the-laptop-store | /pos-case-studies/implementing-pos-systems-for-medical-euquipment-industry | /pos-case-studies/real-tech-pos-system-karachi | /pos-software-ksa | /pos-software-qatar | /pos-software-uae | /pos-software-usa | /pricing | /privacy-policy | /purchase-orders | /reporting-module | /terms-and-conditions | /vendors-management | /website | /zatca","200","","200","/industries/salon-pos","true"
"/industries/clothing-store","/industries/clothing-store/","/ | /blog/best-point-of-sale-system-for-small-business-in-pakistan | /blog/what-is-pos | /industries | /industries/clothing-store | /pos-software-ksa | /pos-software-qatar | /pos-software-uae | /pos-software-usa","200","","200","/industries/clothing-store","true"
"/industries/restaurant-pos","/industries/restaurant-pos/","/ | /about | /apps | /author | /blog/best-free-pos-software-and-system | /blog/best-point-of-sale-system-for-small-business-in-pakistan | /blog/best-pos-system-for-retail | /blog/cloud-pos-software-for-retail-stores | /blog/how-does-pos-machine-work | /blog/pos-reconciliation | /blog/what-is-a-pos-person-meaning-and-responsibilities | /blog/what-is-a-pos-purchase | /blog/what-is-point-of-sale-transaction | /blog/what-is-pos-debit-meaning | /blog/what-is-pos-experience-12-tips-to-satisfy-your-customers | /blog/what-is-pos-skills-understand-pos-skill-meaning | /blog/what-is-pos | /blogs | /cattle-management-software | /contact | /customer-management | /fbr-integrated-pos-pakistan | /features | /industries | /industries/bakery-pos-system | /industries/cafe | /industries/clothing-store | /industries/electric-store | /industries/furniture-store | /industries/jewellery-shop | /industries/manufacturing-industries | /industries/pharmacy-store | /industries/restaurant-pos | /industries/retail-store | /industries/salon-pos | /industries/toys-store | /integration | /inventory-management | /logistics-management-software | /mobile-pos | /order-management | /pos-case-studies | /pos-case-studies/cupcake-queen-bakery-pos-qatar | /pos-case-studies/farhan-caterers-pos-karachi | /pos-case-studies/implementing-a-pos-system-for-retail-the-laptop-store | /pos-case-studies/implementing-pos-systems-for-medical-euquipment-industry | /pos-case-studies/real-tech-pos-system-karachi | /pos-software-ksa | /pos-software-qatar | /pos-software-uae | /pos-software-usa | /pricing | /privacy-policy | /purchase-orders | /reporting-module | /terms-and-conditions | /vendors-management | /website | /zatca","200","","200","/industries/restaurant-pos","true"
"/industries/pharmacy-store","/industries/pharmacy-store/","/ | /about | /apps | /author | /blog/best-free-pos-software-and-system | /blog/best-point-of-sale-system-for-small-business-in-pakistan | /blog/best-pos-system-for-retail | /blog/cloud-pos-software-for-retail-stores | /blog/how-does-pos-machine-work | /blog/pos-reconciliation | /blog/what-is-a-pos-person-meaning-and-responsibilities | /blog/what-is-a-pos-purchase | /blog/what-is-point-of-sale-transaction | /blog/what-is-pos-debit-meaning | /blog/what-is-pos-experience-12-tips-to-satisfy-your-customers | /blog/what-is-pos-skills-understand-pos-skill-meaning | /blog/what-is-pos | /blogs | /cattle-management-software | /contact | /customer-management | /fbr-integrated-pos-pakistan | /features | /industries | /industries/bakery-pos-system | /industries/cafe | /industries/clothing-store | /industries/electric-store | /industries/furniture-store | /industries/jewellery-shop | /industries/manufacturing-industries | /industries/pharmacy-store | /industries/restaurant-pos | /industries/retail-store | /industries/salon-pos | /industries/toys-store | /integration | /inventory-management | /logistics-management-software | /mobile-pos | /order-management | /pos-case-studies | /pos-case-studies/cupcake-queen-bakery-pos-qatar | /pos-case-studies/farhan-caterers-pos-karachi | /pos-case-studies/implementing-a-pos-system-for-retail-the-laptop-store | /pos-case-studies/implementing-pos-systems-for-medical-euquipment-industry | /pos-case-studies/real-tech-pos-system-karachi | /pos-software-ksa | /pos-software-qatar | /pos-software-uae | /pos-software-usa | /pricing | /privacy-policy | /purchase-orders | /reporting-module | /terms-and-conditions | /vendors-management | /website | /zatca","200","","200","/industries/pharmacy-store","true"
"/industries/retail-store","/industries/retail-store/","/ | /about | /apps | /author | /blog/best-free-pos-software-and-system | /blog/best-point-of-sale-system-for-small-business-in-pakistan | /blog/best-pos-system-for-retail | /blog/cloud-pos-software-for-retail-stores | /blog/how-does-pos-machine-work | /blog/pos-reconciliation | /blog/what-is-a-pos-person-meaning-and-responsibilities | /blog/what-is-a-pos-purchase | /blog/what-is-point-of-sale-transaction | /blog/what-is-pos-debit-meaning | /blog/what-is-pos-experience-12-tips-to-satisfy-your-customers | /blog/what-is-pos-skills-understand-pos-skill-meaning | /blog/what-is-pos | /blogs | /cattle-management-software | /contact | /customer-management | /fbr-integrated-pos-pakistan | /features | /industries | /industries/bakery-pos-system | /industries/cafe | /industries/clothing-store | /industries/electric-store | /industries/furniture-store | /industries/jewellery-shop | /industries/manufacturing-industries | /industries/pharmacy-store | /industries/restaurant-pos | /industries/retail-store | /industries/salon-pos | /industries/toys-store | /integration | /inventory-management | /logistics-management-software | /mobile-pos | /order-management | /pos-case-studies | /pos-case-studies/cupcake-queen-bakery-pos-qatar | /pos-case-studies/farhan-caterers-pos-karachi | /pos-case-studies/implementing-a-pos-system-for-retail-the-laptop-store | /pos-case-studies/implementing-pos-systems-for-medical-euquipment-industry | /pos-case-studies/real-tech-pos-system-karachi | /pos-software-ksa | /pos-software-qatar | /pos-software-uae | /pos-software-usa | /pricing | /privacy-policy | /purchase-orders | /reporting-module | /terms-and-conditions | /vendors-management | /website | /zatca","200","","200","/industries/retail-store","true"
"/features","/features/","/ | /about | /apps | /author | /blog/best-free-pos-software-and-system | /blog/best-point-of-sale-system-for-small-business-in-pakistan | /blog/best-pos-system-for-retail | /blog/cloud-pos-software-for-retail-stores | /blog/how-does-pos-machine-work | /blog/pos-reconciliation | /blog/what-is-a-pos-person-meaning-and-responsibilities | /blog/what-is-a-pos-purchase | /blog/what-is-point-of-sale-transaction | /blog/what-is-pos-debit-meaning | /blog/what-is-pos-experience-12-tips-to-satisfy-your-customers | /blog/what-is-pos-skills-understand-pos-skill-meaning | /blog/what-is-pos | /blogs | /cattle-management-software | /contact | /customer-management | /fbr-integrated-pos-pakistan | /features | /industries | /industries/bakery-pos-system | /industries/cafe | /industries/clothing-store | /industries/electric-store | /industries/furniture-store | /industries/jewellery-shop | /industries/manufacturing-industries | /industries/pharmacy-store | /industries/restaurant-pos | /industries/retail-store | /industries/salon-pos | /industries/toys-store | /integration | /inventory-management | /logistics-management-software | /mobile-pos | /order-management | /pos-case-studies | /pos-case-studies/cupcake-queen-bakery-pos-qatar | /pos-case-studies/farhan-caterers-pos-karachi | /pos-case-studies/implementing-a-pos-system-for-retail-the-laptop-store | /pos-case-studies/implementing-pos-systems-for-medical-euquipment-industry | /pos-case-studies/real-tech-pos-system-karachi | /pos-software-ksa | /pos-software-qatar | /pos-software-uae | /pos-software-usa | /pricing | /privacy-policy | /purchase-orders | /reporting-module | /terms-and-conditions | /vendors-management | /website | /zatca","200","","200","/features","true"
"/inventory-management","/inventory-management/","/ | /about | /apps | /author | /blog/best-free-pos-software-and-system | /blog/best-point-of-sale-system-for-small-business-in-pakistan | /blog/best-pos-system-for-retail | /blog/cloud-pos-software-for-retail-stores | /blog/how-does-pos-machine-work | /blog/pos-reconciliation | /blog/what-is-a-pos-person-meaning-and-responsibilities | /blog/what-is-a-pos-purchase | /blog/what-is-point-of-sale-transaction | /blog/what-is-pos-debit-meaning | /blog/what-is-pos-experience-12-tips-to-satisfy-your-customers | /blog/what-is-pos-skills-understand-pos-skill-meaning | /blog/what-is-pos | /blogs | /cattle-management-software | /contact | /customer-management | /fbr-integrated-pos-pakistan | /features | /industries | /industries/bakery-pos-system | /industries/cafe | /industries/clothing-store | /industries/electric-store | /industries/furniture-store | /industries/jewellery-shop | /industries/manufacturing-industries | /industries/pharmacy-store | /industries/restaurant-pos | /industries/retail-store | /industries/salon-pos | /industries/toys-store | /integration | /inventory-management | /logistics-management-software | /mobile-pos | /order-management | /pos-case-studies | /pos-case-studies/cupcake-queen-bakery-pos-qatar | /pos-case-studies/farhan-caterers-pos-karachi | /pos-case-studies/implementing-a-pos-system-for-retail-the-laptop-store | /pos-case-studies/implementing-pos-systems-for-medical-euquipment-industry | /pos-case-studies/real-tech-pos-system-karachi | /pos-software-ksa | /pos-software-qatar | /pos-software-uae | /pos-software-usa | /pricing | /privacy-policy | /purchase-orders | /reporting-module | /terms-and-conditions | /vendors-management | /website | /zatca","200","","200","/inventory-management","true"
"/purchase-orders","/purchase-orders/","/ | /about | /apps | /author | /blog/best-free-pos-software-and-system | /blog/best-point-of-sale-system-for-small-business-in-pakistan | /blog/best-pos-system-for-retail | /blog/cloud-pos-software-for-retail-stores | /blog/how-does-pos-machine-work | /blog/pos-reconciliation | /blog/what-is-a-pos-person-meaning-and-responsibilities | /blog/what-is-a-pos-purchase | /blog/what-is-point-of-sale-transaction | /blog/what-is-pos-debit-meaning | /blog/what-is-pos-experience-12-tips-to-satisfy-your-customers | /blog/what-is-pos-skills-understand-pos-skill-meaning | /blog/what-is-pos | /blogs | /cattle-management-software | /contact | /customer-management | /fbr-integrated-pos-pakistan | /features | /industries | /industries/bakery-pos-system | /industries/cafe | /industries/clothing-store | /industries/electric-store | /industries/furniture-store | /industries/jewellery-shop | /industries/manufacturing-industries | /industries/pharmacy-store | /industries/restaurant-pos | /industries/retail-store | /industries/salon-pos | /industries/toys-store | /integration | /inventory-management | /logistics-management-software | /mobile-pos | /order-management | /pos-case-studies | /pos-case-studies/cupcake-queen-bakery-pos-qatar | /pos-case-studies/farhan-caterers-pos-karachi | /pos-case-studies/implementing-a-pos-system-for-retail-the-laptop-store | /pos-case-studies/implementing-pos-systems-for-medical-euquipment-industry | /pos-case-studies/real-tech-pos-system-karachi | /pos-software-ksa | /pos-software-qatar | /pos-software-uae | /pos-software-usa | /pricing | /privacy-policy | /purchase-orders | /reporting-module | /terms-and-conditions | /vendors-management | /website | /zatca","200","","200","/purchase-orders","true"
"/customer-management","/customer-management/","/ | /about | /apps | /author | /blog/best-free-pos-software-and-system | /blog/best-point-of-sale-system-for-small-business-in-pakistan | /blog/best-pos-system-for-retail | /blog/cloud-pos-software-for-retail-stores | /blog/how-does-pos-machine-work | /blog/pos-reconciliation | /blog/what-is-a-pos-person-meaning-and-responsibilities | /blog/what-is-a-pos-purchase | /blog/what-is-point-of-sale-transaction | /blog/what-is-pos-debit-meaning | /blog/what-is-pos-experience-12-tips-to-satisfy-your-customers | /blog/what-is-pos-skills-understand-pos-skill-meaning | /blog/what-is-pos | /blogs | /cattle-management-software | /contact | /customer-management | /fbr-integrated-pos-pakistan | /features | /industries | /industries/bakery-pos-system | /industries/cafe | /industries/clothing-store | /industries/electric-store | /industries/furniture-store | /industries/jewellery-shop | /industries/manufacturing-industries | /industries/pharmacy-store | /industries/restaurant-pos | /industries/retail-store | /industries/salon-pos | /industries/toys-store | /integration | /inventory-management | /logistics-management-software | /mobile-pos | /order-management | /pos-case-studies | /pos-case-studies/cupcake-queen-bakery-pos-qatar | /pos-case-studies/farhan-caterers-pos-karachi | /pos-case-studies/implementing-a-pos-system-for-retail-the-laptop-store | /pos-case-studies/implementing-pos-systems-for-medical-euquipment-industry | /pos-case-studies/real-tech-pos-system-karachi | /pos-software-ksa | /pos-software-qatar | /pos-software-uae | /pos-software-usa | /pricing | /privacy-policy | /purchase-orders | /reporting-module | /terms-and-conditions | /vendors-management | /website | /zatca","200","","200","/customer-management","true"
"/reporting-module","/reporting-module/","/ | /about | /apps | /author | /blog/best-free-pos-software-and-system | /blog/best-point-of-sale-system-for-small-business-in-pakistan | /blog/best-pos-system-for-retail | /blog/cloud-pos-software-for-retail-stores | /blog/how-does-pos-machine-work | /blog/pos-reconciliation | /blog/what-is-a-pos-person-meaning-and-responsibilities | /blog/what-is-a-pos-purchase | /blog/what-is-point-of-sale-transaction | /blog/what-is-pos-debit-meaning | /blog/what-is-pos-experience-12-tips-to-satisfy-your-customers | /blog/what-is-pos-skills-understand-pos-skill-meaning | /blog/what-is-pos | /blogs | /cattle-management-software | /contact | /customer-management | /fbr-integrated-pos-pakistan | /features | /industries | /industries/bakery-pos-system | /industries/cafe | /industries/clothing-store | /industries/electric-store | /industries/furniture-store | /industries/jewellery-shop | /industries/manufacturing-industries | /industries/pharmacy-store | /industries/restaurant-pos | /industries/retail-store | /industries/salon-pos | /industries/toys-store | /integration | /inventory-management | /logistics-management-software | /mobile-pos | /order-management | /pos-case-studies | /pos-case-studies/cupcake-queen-bakery-pos-qatar | /pos-case-studies/farhan-caterers-pos-karachi | /pos-case-studies/implementing-a-pos-system-for-retail-the-laptop-store | /pos-case-studies/implementing-pos-systems-for-medical-euquipment-industry | /pos-case-studies/real-tech-pos-system-karachi | /pos-software-ksa | /pos-software-qatar | /pos-software-uae | /pos-software-usa | /pricing | /privacy-policy | /purchase-orders | /reporting-module | /terms-and-conditions | /vendors-management | /website | /zatca","200","","200","/reporting-module","true"
"/integration","/integration/","/ | /about | /apps | /author | /blog/best-free-pos-software-and-system | /blog/best-point-of-sale-system-for-small-business-in-pakistan | /blog/best-pos-system-for-retail | /blog/cloud-pos-software-for-retail-stores | /blog/how-does-pos-machine-work | /blog/pos-reconciliation | /blog/what-is-a-pos-person-meaning-and-responsibilities | /blog/what-is-a-pos-purchase | /blog/what-is-point-of-sale-transaction | /blog/what-is-pos-debit-meaning | /blog/what-is-pos-experience-12-tips-to-satisfy-your-customers | /blog/what-is-pos-skills-understand-pos-skill-meaning | /blog/what-is-pos | /blogs | /cattle-management-software | /contact | /customer-management | /fbr-integrated-pos-pakistan | /features | /industries | /industries/bakery-pos-system | /industries/cafe | /industries/clothing-store | /industries/electric-store | /industries/furniture-store | /industries/jewellery-shop | /industries/manufacturing-industries | /industries/pharmacy-store | /industries/restaurant-pos | /industries/retail-store | /industries/salon-pos | /industries/toys-store | /integration | /inventory-management | /logistics-management-software | /mobile-pos | /order-management | /pos-case-studies | /pos-case-studies/cupcake-queen-bakery-pos-qatar | /pos-case-studies/farhan-caterers-pos-karachi | /pos-case-studies/implementing-a-pos-system-for-retail-the-laptop-store | /pos-case-studies/implementing-pos-systems-for-medical-euquipment-industry | /pos-case-studies/real-tech-pos-system-karachi | /pos-software-ksa | /pos-software-qatar | /pos-software-uae | /pos-software-usa | /pricing | /privacy-policy | /purchase-orders | /reporting-module | /terms-and-conditions | /vendors-management | /website | /zatca","200","","200","/integration","true"
"/about","/about/","/ | /about | /apps | /author | /blog/best-free-pos-software-and-system | /blog/best-point-of-sale-system-for-small-business-in-pakistan | /blog/best-pos-system-for-retail | /blog/cloud-pos-software-for-retail-stores | /blog/how-does-pos-machine-work | /blog/pos-reconciliation | /blog/what-is-a-pos-person-meaning-and-responsibilities | /blog/what-is-a-pos-purchase | /blog/what-is-point-of-sale-transaction | /blog/what-is-pos-debit-meaning | /blog/what-is-pos-experience-12-tips-to-satisfy-your-customers | /blog/what-is-pos-skills-understand-pos-skill-meaning | /blog/what-is-pos | /blogs | /cattle-management-software | /contact | /customer-management | /fbr-integrated-pos-pakistan | /features | /industries | /industries/bakery-pos-system | /industries/cafe | /industries/clothing-store | /industries/electric-store | /industries/furniture-store | /industries/jewellery-shop | /industries/manufacturing-industries | /industries/pharmacy-store | /industries/restaurant-pos | /industries/retail-store | /industries/salon-pos | /industries/toys-store | /integration | /inventory-management | /logistics-management-software | /mobile-pos | /order-management | /pos-case-studies | /pos-case-studies/cupcake-queen-bakery-pos-qatar | /pos-case-studies/farhan-caterers-pos-karachi | /pos-case-studies/implementing-a-pos-system-for-retail-the-laptop-store | /pos-case-studies/implementing-pos-systems-for-medical-euquipment-industry | /pos-case-studies/real-tech-pos-system-karachi | /pos-software-ksa | /pos-software-qatar | /pos-software-uae | /pos-software-usa | /pricing | /privacy-policy | /purchase-orders | /reporting-module | /terms-and-conditions | /vendors-management | /website | /zatca","200","","200","/about","true"
"/pos-software-ksa","/pos-software-ksa/","/ | /about | /apps | /author | /blog/best-free-pos-software-and-system | /blog/best-point-of-sale-system-for-small-business-in-pakistan | /blog/best-pos-system-for-retail | /blog/cloud-pos-software-for-retail-stores | /blog/how-does-pos-machine-work | /blog/pos-reconciliation | /blog/what-is-a-pos-person-meaning-and-responsibilities | /blog/what-is-a-pos-purchase | /blog/what-is-point-of-sale-transaction | /blog/what-is-pos-debit-meaning | /blog/what-is-pos-experience-12-tips-to-satisfy-your-customers | /blog/what-is-pos-skills-understand-pos-skill-meaning | /blog/what-is-pos | /blogs | /cattle-management-software | /contact | /customer-management | /fbr-integrated-pos-pakistan | /features | /industries | /industries/bakery-pos-system | /industries/cafe | /industries/clothing-store | /industries/electric-store | /industries/furniture-store | /industries/jewellery-shop | /industries/manufacturing-industries | /industries/pharmacy-store | /industries/restaurant-pos | /industries/retail-store | /industries/salon-pos | /industries/toys-store | /integration | /inventory-management | /logistics-management-software | /mobile-pos | /order-management | /pos-case-studies | /pos-case-studies/cupcake-queen-bakery-pos-qatar | /pos-case-studies/farhan-caterers-pos-karachi | /pos-case-studies/implementing-a-pos-system-for-retail-the-laptop-store | /pos-case-studies/implementing-pos-systems-for-medical-euquipment-industry | /pos-case-studies/real-tech-pos-system-karachi | /pos-software-ksa | /pos-software-qatar | /pos-software-uae | /pos-software-usa | /pricing | /privacy-policy | /purchase-orders | /reporting-module | /terms-and-conditions | /vendors-management | /website | /zatca","200","","200","/pos-software-ksa","true"
"/pos-software-uae","/pos-software-uae/","/ | /about | /apps | /author | /blog/best-free-pos-software-and-system | /blog/best-point-of-sale-system-for-small-business-in-pakistan | /blog/best-pos-system-for-retail | /blog/cloud-pos-software-for-retail-stores | /blog/how-does-pos-machine-work | /blog/pos-reconciliation | /blog/what-is-a-pos-person-meaning-and-responsibilities | /blog/what-is-a-pos-purchase | /blog/what-is-point-of-sale-transaction | /blog/what-is-pos-debit-meaning | /blog/what-is-pos-experience-12-tips-to-satisfy-your-customers | /blog/what-is-pos-skills-understand-pos-skill-meaning | /blog/what-is-pos | /blogs | /cattle-management-software | /contact | /customer-management | /fbr-integrated-pos-pakistan | /features | /industries | /industries/bakery-pos-system | /industries/cafe | /industries/clothing-store | /industries/electric-store | /industries/furniture-store | /industries/jewellery-shop | /industries/manufacturing-industries | /industries/pharmacy-store | /industries/restaurant-pos | /industries/retail-store | /industries/salon-pos | /industries/toys-store | /integration | /inventory-management | /logistics-management-software | /mobile-pos | /order-management | /pos-case-studies | /pos-case-studies/cupcake-queen-bakery-pos-qatar | /pos-case-studies/farhan-caterers-pos-karachi | /pos-case-studies/implementing-a-pos-system-for-retail-the-laptop-store | /pos-case-studies/implementing-pos-systems-for-medical-euquipment-industry | /pos-case-studies/real-tech-pos-system-karachi | /pos-software-ksa | /pos-software-qatar | /pos-software-uae | /pos-software-usa | /pricing | /privacy-policy | /purchase-orders | /reporting-module | /terms-and-conditions | /vendors-management | /website | /zatca","200","","200","/pos-software-uae","true"
"/pos-software-usa","/pos-software-usa/","/ | /about | /apps | /author | /blog/best-free-pos-software-and-system | /blog/best-point-of-sale-system-for-small-business-in-pakistan | /blog/best-pos-system-for-retail | /blog/cloud-pos-software-for-retail-stores | /blog/how-does-pos-machine-work | /blog/pos-reconciliation | /blog/what-is-a-pos-person-meaning-and-responsibilities | /blog/what-is-a-pos-purchase | /blog/what-is-point-of-sale-transaction | /blog/what-is-pos-debit-meaning | /blog/what-is-pos-experience-12-tips-to-satisfy-your-customers | /blog/what-is-pos-skills-understand-pos-skill-meaning | /blog/what-is-pos | /blogs | /cattle-management-software | /contact | /customer-management | /fbr-integrated-pos-pakistan | /features | /industries | /industries/bakery-pos-system | /industries/cafe | /industries/clothing-store | /industries/electric-store | /industries/furniture-store | /industries/jewellery-shop | /industries/manufacturing-industries | /industries/pharmacy-store | /industries/restaurant-pos | /industries/retail-store | /industries/salon-pos | /industries/toys-store | /integration | /inventory-management | /logistics-management-software | /mobile-pos | /order-management | /pos-case-studies | /pos-case-studies/cupcake-queen-bakery-pos-qatar | /pos-case-studies/farhan-caterers-pos-karachi | /pos-case-studies/implementing-a-pos-system-for-retail-the-laptop-store | /pos-case-studies/implementing-pos-systems-for-medical-euquipment-industry | /pos-case-studies/real-tech-pos-system-karachi | /pos-software-ksa | /pos-software-qatar | /pos-software-uae | /pos-software-usa | /pricing | /privacy-policy | /purchase-orders | /reporting-module | /terms-and-conditions | /vendors-management | /website | /zatca","200","","200","/pos-software-usa","true"
"/pos-software-qatar","/pos-software-qatar/","/ | /about | /apps | /author | /blog/best-free-pos-software-and-system | /blog/best-point-of-sale-system-for-small-business-in-pakistan | /blog/best-pos-system-for-retail | /blog/cloud-pos-software-for-retail-stores | /blog/how-does-pos-machine-work | /blog/pos-reconciliation | /blog/what-is-a-pos-person-meaning-and-responsibilities | /blog/what-is-a-pos-purchase | /blog/what-is-point-of-sale-transaction | /blog/what-is-pos-debit-meaning | /blog/what-is-pos-experience-12-tips-to-satisfy-your-customers | /blog/what-is-pos-skills-understand-pos-skill-meaning | /blog/what-is-pos | /blogs | /cattle-management-software | /contact | /customer-management | /fbr-integrated-pos-pakistan | /features | /industries | /industries/bakery-pos-system | /industries/cafe | /industries/clothing-store | /industries/electric-store | /industries/furniture-store | /industries/jewellery-shop | /industries/manufacturing-industries | /industries/pharmacy-store | /industries/restaurant-pos | /industries/retail-store | /industries/salon-pos | /industries/toys-store | /integration | /inventory-management | /logistics-management-software | /mobile-pos | /order-management | /pos-case-studies | /pos-case-studies/cupcake-queen-bakery-pos-qatar | /pos-case-studies/farhan-caterers-pos-karachi | /pos-case-studies/implementing-a-pos-system-for-retail-the-laptop-store | /pos-case-studies/implementing-pos-systems-for-medical-euquipment-industry | /pos-case-studies/real-tech-pos-system-karachi | /pos-software-ksa | /pos-software-qatar | /pos-software-uae | /pos-software-usa | /pricing | /privacy-policy | /purchase-orders | /reporting-module | /terms-and-conditions | /vendors-management | /website | /zatca","200","","200","/pos-software-qatar","true"
"/privacy-policy","/privacy-policy/","/ | /about | /apps | /author | /blog/best-free-pos-software-and-system | /blog/best-point-of-sale-system-for-small-business-in-pakistan | /blog/best-pos-system-for-retail | /blog/cloud-pos-software-for-retail-stores | /blog/how-does-pos-machine-work | /blog/pos-reconciliation | /blog/what-is-a-pos-person-meaning-and-responsibilities | /blog/what-is-a-pos-purchase | /blog/what-is-point-of-sale-transaction | /blog/what-is-pos-debit-meaning | /blog/what-is-pos-experience-12-tips-to-satisfy-your-customers | /blog/what-is-pos-skills-understand-pos-skill-meaning | /blog/what-is-pos | /blogs | /cattle-management-software | /contact | /customer-management | /fbr-integrated-pos-pakistan | /features | /industries | /industries/bakery-pos-system | /industries/cafe | /industries/clothing-store | /industries/electric-store | /industries/furniture-store | /industries/jewellery-shop | /industries/manufacturing-industries | /industries/pharmacy-store | /industries/restaurant-pos | /industries/retail-store | /industries/salon-pos | /industries/toys-store | /integration | /inventory-management | /logistics-management-software | /mobile-pos | /order-management | /pos-case-studies | /pos-case-studies/cupcake-queen-bakery-pos-qatar | /pos-case-studies/farhan-caterers-pos-karachi | /pos-case-studies/implementing-a-pos-system-for-retail-the-laptop-store | /pos-case-studies/implementing-pos-systems-for-medical-euquipment-industry | /pos-case-studies/real-tech-pos-system-karachi | /pos-software-ksa | /pos-software-qatar | /pos-software-uae | /pos-software-usa | /pricing | /privacy-policy | /purchase-orders | /reporting-module | /terms-and-conditions | /vendors-management | /website | /zatca","200","","200","/privacy-policy","true"
"/terms-and-conditions","/terms-and-conditions/","/ | /about | /apps | /author | /blog/best-free-pos-software-and-system | /blog/best-point-of-sale-system-for-small-business-in-pakistan | /blog/best-pos-system-for-retail | /blog/cloud-pos-software-for-retail-stores | /blog/how-does-pos-machine-work | /blog/pos-reconciliation | /blog/what-is-a-pos-person-meaning-and-responsibilities | /blog/what-is-a-pos-purchase | /blog/what-is-point-of-sale-transaction | /blog/what-is-pos-debit-meaning | /blog/what-is-pos-experience-12-tips-to-satisfy-your-customers | /blog/what-is-pos-skills-understand-pos-skill-meaning | /blog/what-is-pos | /blogs | /cattle-management-software | /contact | /customer-management | /fbr-integrated-pos-pakistan | /features | /industries | /industries/bakery-pos-system | /industries/cafe | /industries/clothing-store | /industries/electric-store | /industries/furniture-store | /industries/jewellery-shop | /industries/manufacturing-industries | /industries/pharmacy-store | /industries/restaurant-pos | /industries/retail-store | /industries/salon-pos | /industries/toys-store | /integration | /inventory-management | /logistics-management-software | /mobile-pos | /order-management | /pos-case-studies | /pos-case-studies/cupcake-queen-bakery-pos-qatar | /pos-case-studies/farhan-caterers-pos-karachi | /pos-case-studies/implementing-a-pos-system-for-retail-the-laptop-store | /pos-case-studies/implementing-pos-systems-for-medical-euquipment-industry | /pos-case-studies/real-tech-pos-system-karachi | /pos-software-ksa | /pos-software-qatar | /pos-software-uae | /pos-software-usa | /pricing | /privacy-policy | /purchase-orders | /reporting-module | /terms-and-conditions | /vendors-management | /website | /zatca","200","","200","/terms-and-conditions","true"
"/order-management","/order-management/","/apps | /blog/what-is-pos | /order-management | /pos-case-studies/cupcake-queen-bakery-pos-qatar | /pos-case-studies/farhan-caterers-pos-karachi","200","","200","/order-management","true"
"/mobile-pos","/mobile-pos/","/apps | /blog/best-point-of-sale-system-for-small-business-in-pakistan","200","","200","/mobile-pos","true"
"/website","/website/","/apps","200","","200","/website","true"
"/blog/what-is-pos-debit-meaning","/blog/what-is-pos-debit-meaning/","/author | /blog/best-free-pos-software-and-system | /blog/best-point-of-sale-system-for-small-business-in-pakistan | /blog/best-pos-system-for-retail | /blog/cloud-pos-software-for-retail-stores | /blog/how-does-pos-machine-work | /blog/pos-reconciliation | /blog/what-is-a-pos-person-meaning-and-responsibilities | /blog/what-is-a-pos-purchase | /blog/what-is-point-of-sale-transaction | /blog/what-is-pos-experience-12-tips-to-satisfy-your-customers | /blog/what-is-pos-skills-understand-pos-skill-meaning | /blog/what-is-pos | /blogs","200","","200","/blog/what-is-pos-debit-meaning","true"
"/blog/best-pos-system-for-retail","/blog/best-pos-system-for-retail/","/author | /blog/best-free-pos-software-and-system | /blog/best-point-of-sale-system-for-small-business-in-pakistan | /blog/cloud-pos-software-for-retail-stores | /blog/how-does-pos-machine-work | /blog/pos-reconciliation | /blog/what-is-a-pos-person-meaning-and-responsibilities | /blog/what-is-a-pos-purchase | /blog/what-is-point-of-sale-transaction | /blog/what-is-pos-debit-meaning | /blog/what-is-pos-experience-12-tips-to-satisfy-your-customers | /blog/what-is-pos-skills-understand-pos-skill-meaning | /blog/what-is-pos | /blogs","200","","200","/blog/best-pos-system-for-retail","true"
"/blog/what-is-a-pos-purchase","/blog/what-is-a-pos-purchase/","/author | /blog/best-free-pos-software-and-system | /blog/best-point-of-sale-system-for-small-business-in-pakistan | /blog/best-pos-system-for-retail | /blog/cloud-pos-software-for-retail-stores | /blog/how-does-pos-machine-work | /blog/pos-reconciliation | /blog/what-is-a-pos-person-meaning-and-responsibilities | /blog/what-is-point-of-sale-transaction | /blog/what-is-pos-debit-meaning | /blog/what-is-pos-experience-12-tips-to-satisfy-your-customers | /blog/what-is-pos-skills-understand-pos-skill-meaning | /blog/what-is-pos | /blogs","200","","200","/blog/what-is-a-pos-purchase","true"
"/blog/what-is-pos-skills-understand-pos-skill-meaning","/blog/what-is-pos-skills-understand-pos-skill-meaning/","/author | /blog/best-free-pos-software-and-system | /blog/best-point-of-sale-system-for-small-business-in-pakistan | /blog/best-pos-system-for-retail | /blog/cloud-pos-software-for-retail-stores | /blog/how-does-pos-machine-work | /blog/pos-reconciliation | /blog/what-is-a-pos-person-meaning-and-responsibilities | /blog/what-is-a-pos-purchase | /blog/what-is-point-of-sale-transaction | /blog/what-is-pos-debit-meaning | /blog/what-is-pos-experience-12-tips-to-satisfy-your-customers | /blog/what-is-pos","200","","200","/blog/what-is-pos-skills-understand-pos-skill-meaning","true"
"/blog/what-is-a-pos-person-meaning-and-responsibilities","/blog/what-is-a-pos-person-meaning-and-responsibilities/","/author | /blog/best-free-pos-software-and-system | /blog/best-point-of-sale-system-for-small-business-in-pakistan | /blog/best-pos-system-for-retail | /blog/cloud-pos-software-for-retail-stores | /blog/how-does-pos-machine-work | /blog/pos-reconciliation | /blog/what-is-a-pos-purchase | /blog/what-is-point-of-sale-transaction | /blog/what-is-pos-debit-meaning | /blog/what-is-pos-experience-12-tips-to-satisfy-your-customers | /blog/what-is-pos-skills-understand-pos-skill-meaning | /blog/what-is-pos | /blogs","200","","200","/blog/what-is-a-pos-person-meaning-and-responsibilities","true"
"/blog/pos-reconciliation","/blog/pos-reconciliation/","/author | /blog/best-free-pos-software-and-system | /blog/best-point-of-sale-system-for-small-business-in-pakistan | /blog/best-pos-system-for-retail | /blog/cloud-pos-software-for-retail-stores | /blog/how-does-pos-machine-work | /blog/what-is-a-pos-person-meaning-and-responsibilities | /blog/what-is-a-pos-purchase | /blog/what-is-point-of-sale-transaction | /blog/what-is-pos-debit-meaning | /blog/what-is-pos-experience-12-tips-to-satisfy-your-customers | /blog/what-is-pos-skills-understand-pos-skill-meaning | /blog/what-is-pos | /blogs","200","","200","/blog/pos-reconciliation","true"
"/blog/cloud-pos-software-for-retail-stores","/blog/cloud-pos-software-for-retail-stores/","/author | /blog/best-pos-system-for-retail | /blog/pos-reconciliation | /blog/what-is-a-pos-person-meaning-and-responsibilities | /blog/what-is-a-pos-purchase | /blog/what-is-pos-debit-meaning | /blog/what-is-pos-skills-understand-pos-skill-meaning | /blog/what-is-pos","200","","200","/blog/cloud-pos-software-for-retail-stores","true"
"/blog/what-is-pos-experience-12-tips-to-satisfy-your-customers","/blog/what-is-pos-experience-12-tips-to-satisfy-your-customers/","/author | /blog/what-is-a-pos-person-meaning-and-responsibilities | /blog/what-is-a-pos-purchase | /blog/what-is-pos-debit-meaning | /blog/what-is-pos-skills-understand-pos-skill-meaning | /blog/what-is-pos","200","","200","/blog/what-is-pos-experience-12-tips-to-satisfy-your-customers","true"
"/","/","/ | /about | /apps | /author | /blog/best-free-pos-software-and-system | /blog/best-point-of-sale-system-for-small-business-in-pakistan | /blog/best-pos-system-for-retail | /blog/cloud-pos-software-for-retail-stores | /blog/how-does-pos-machine-work | /blog/pos-reconciliation | /blog/what-is-a-pos-person-meaning-and-responsibilities | /blog/what-is-a-pos-purchase | /blog/what-is-point-of-sale-transaction | /blog/what-is-pos-debit-meaning | /blog/what-is-pos-experience-12-tips-to-satisfy-your-customers | /blog/what-is-pos-skills-understand-pos-skill-meaning | /blog/what-is-pos | /blogs | /cattle-management-software | /contact | /customer-management | /fbr-integrated-pos-pakistan | /features | /industries | /industries/bakery-pos-system | /industries/cafe | /industries/clothing-store | /industries/electric-store | /industries/furniture-store | /industries/jewellery-shop | /industries/manufacturing-industries | /industries/pharmacy-store | /industries/restaurant-pos | /industries/retail-store | /industries/salon-pos | /industries/toys-store | /integration | /inventory-management | /logistics-management-software | /mobile-pos | /order-management | /pos-case-studies | /pos-case-studies/cupcake-queen-bakery-pos-qatar | /pos-case-studies/farhan-caterers-pos-karachi | /pos-case-studies/implementing-a-pos-system-for-retail-the-laptop-store | /pos-case-studies/implementing-pos-systems-for-medical-euquipment-industry | /pos-case-studies/real-tech-pos-system-karachi | /pos-software-ksa | /pos-software-qatar | /pos-software-uae | /pos-software-usa | /pricing | /privacy-policy | /purchase-orders | /reporting-module | /terms-and-conditions | /vendors-management | /website | /zatca","200","","200","/","true"
"/","/","/ | /about | /apps | /author | /blog/best-free-pos-software-and-system | /blog/best-point-of-sale-system-for-small-business-in-pakistan | /blog/best-pos-system-for-retail | /blog/cloud-pos-software-for-retail-stores | /blog/how-does-pos-machine-work | /blog/pos-reconciliation | /blog/what-is-a-pos-person-meaning-and-responsibilities | /blog/what-is-a-pos-purchase | /blog/what-is-point-of-sale-transaction | /blog/what-is-pos-debit-meaning | /blog/what-is-pos-experience-12-tips-to-satisfy-your-customers | /blog/what-is-pos-skills-understand-pos-skill-meaning | /blog/what-is-pos | /blogs | /cattle-management-software | /contact | /customer-management | /fbr-integrated-pos-pakistan | /features | /industries | /industries/bakery-pos-system | /industries/cafe | /industries/clothing-store | /industries/electric-store | /industries/furniture-store | /industries/jewellery-shop | /industries/manufacturing-industries | /industries/pharmacy-store | /industries/restaurant-pos | /industries/retail-store | /industries/salon-pos | /industries/toys-store | /integration | /inventory-management | /logistics-management-software | /mobile-pos | /order-management | /pos-case-studies | /pos-case-studies/cupcake-queen-bakery-pos-qatar | /pos-case-studies/farhan-caterers-pos-karachi | /pos-case-studies/implementing-a-pos-system-for-retail-the-laptop-store | /pos-case-studies/implementing-pos-systems-for-medical-euquipment-industry | /pos-case-studies/real-tech-pos-system-karachi | /pos-software-ksa | /pos-software-qatar | /pos-software-uae | /pos-software-usa | /pricing | /privacy-policy | /purchase-orders | /reporting-module | /terms-and-conditions | /vendors-management | /website | /zatca","200","","200","/","true"
"/","/","/ | /about | /apps | /author | /blog/best-free-pos-software-and-system | /blog/best-point-of-sale-system-for-small-business-in-pakistan | /blog/best-pos-system-for-retail | /blog/cloud-pos-software-for-retail-stores | /blog/how-does-pos-machine-work | /blog/pos-reconciliation | /blog/what-is-a-pos-person-meaning-and-responsibilities | /blog/what-is-a-pos-purchase | /blog/what-is-point-of-sale-transaction | /blog/what-is-pos-debit-meaning | /blog/what-is-pos-experience-12-tips-to-satisfy-your-customers | /blog/what-is-pos-skills-understand-pos-skill-meaning | /blog/what-is-pos | /blogs | /cattle-management-software | /contact | /customer-management | /fbr-integrated-pos-pakistan | /features | /industries | /industries/bakery-pos-system | /industries/cafe | /industries/clothing-store | /industries/electric-store | /industries/furniture-store | /industries/jewellery-shop | /industries/manufacturing-industries | /industries/pharmacy-store | /industries/restaurant-pos | /industries/retail-store | /industries/salon-pos | /industries/toys-store | /integration | /inventory-management | /logistics-management-software | /mobile-pos | /order-management | /pos-case-studies | /pos-case-studies/cupcake-queen-bakery-pos-qatar | /pos-case-studies/farhan-caterers-pos-karachi | /pos-case-studies/implementing-a-pos-system-for-retail-the-laptop-store | /pos-case-studies/implementing-pos-systems-for-medical-euquipment-industry | /pos-case-studies/real-tech-pos-system-karachi | /pos-software-ksa | /pos-software-qatar | /pos-software-uae | /pos-software-usa | /pricing | /privacy-policy | /purchase-orders | /reporting-module | /terms-and-conditions | /vendors-management | /website | /zatca","200","","200","/","true"
"/","/","/ | /about | /apps | /author | /blog/best-free-pos-software-and-system | /blog/best-point-of-sale-system-for-small-business-in-pakistan | /blog/best-pos-system-for-retail | /blog/cloud-pos-software-for-retail-stores | /blog/how-does-pos-machine-work | /blog/pos-reconciliation | /blog/what-is-a-pos-person-meaning-and-responsibilities | /blog/what-is-a-pos-purchase | /blog/what-is-point-of-sale-transaction | /blog/what-is-pos-debit-meaning | /blog/what-is-pos-experience-12-tips-to-satisfy-your-customers | /blog/what-is-pos-skills-understand-pos-skill-meaning | /blog/what-is-pos | /blogs | /cattle-management-software | /contact | /customer-management | /fbr-integrated-pos-pakistan | /features | /industries | /industries/bakery-pos-system | /industries/cafe | /industries/clothing-store | /industries/electric-store | /industries/furniture-store | /industries/jewellery-shop | /industries/manufacturing-industries | /industries/pharmacy-store | /industries/restaurant-pos | /industries/retail-store | /industries/salon-pos | /industries/toys-store | /integration | /inventory-management | /logistics-management-software | /mobile-pos | /order-management | /pos-case-studies | /pos-case-studies/cupcake-queen-bakery-pos-qatar | /pos-case-studies/farhan-caterers-pos-karachi | /pos-case-studies/implementing-a-pos-system-for-retail-the-laptop-store | /pos-case-studies/implementing-pos-systems-for-medical-euquipment-industry | /pos-case-studies/real-tech-pos-system-karachi | /pos-software-ksa | /pos-software-qatar | /pos-software-uae | /pos-software-usa | /pricing | /privacy-policy | /purchase-orders | /reporting-module | /terms-and-conditions | /vendors-management | /website | /zatca","200","","200","/","true"
"/","/","/ | /about | /apps | /author | /blog/best-free-pos-software-and-system | /blog/best-point-of-sale-system-for-small-business-in-pakistan | /blog/best-pos-system-for-retail | /blog/cloud-pos-software-for-retail-stores | /blog/how-does-pos-machine-work | /blog/pos-reconciliation | /blog/what-is-a-pos-person-meaning-and-responsibilities | /blog/what-is-a-pos-purchase | /blog/what-is-point-of-sale-transaction | /blog/what-is-pos-debit-meaning | /blog/what-is-pos-experience-12-tips-to-satisfy-your-customers | /blog/what-is-pos-skills-understand-pos-skill-meaning | /blog/what-is-pos | /blogs | /cattle-management-software | /contact | /customer-management | /fbr-integrated-pos-pakistan | /features | /industries | /industries/bakery-pos-system | /industries/cafe | /industries/clothing-store | /industries/electric-store | /industries/furniture-store | /industries/jewellery-shop | /industries/manufacturing-industries | /industries/pharmacy-store | /industries/restaurant-pos | /industries/retail-store | /industries/salon-pos | /industries/toys-store | /integration | /inventory-management | /logistics-management-software | /mobile-pos | /order-management | /pos-case-studies | /pos-case-studies/cupcake-queen-bakery-pos-qatar | /pos-case-studies/farhan-caterers-pos-karachi | /pos-case-studies/implementing-a-pos-system-for-retail-the-laptop-store | /pos-case-studies/implementing-pos-systems-for-medical-euquipment-industry | /pos-case-studies/real-tech-pos-system-karachi | /pos-software-ksa | /pos-software-qatar | /pos-software-uae | /pos-software-usa | /pricing | /privacy-policy | /purchase-orders | /reporting-module | /terms-and-conditions | /vendors-management | /website | /zatca","200","","200","/","true"
"/","/","/ | /about | /apps | /author | /blog/best-free-pos-software-and-system | /blog/best-point-of-sale-system-for-small-business-in-pakistan | /blog/best-pos-system-for-retail | /blog/cloud-pos-software-for-retail-stores | /blog/how-does-pos-machine-work | /blog/pos-reconciliation | /blog/what-is-a-pos-person-meaning-and-responsibilities | /blog/what-is-a-pos-purchase | /blog/what-is-point-of-sale-transaction | /blog/what-is-pos-debit-meaning | /blog/what-is-pos-experience-12-tips-to-satisfy-your-customers | /blog/what-is-pos-skills-understand-pos-skill-meaning | /blog/what-is-pos | /blogs | /cattle-management-software | /contact | /customer-management | /fbr-integrated-pos-pakistan | /features | /industries | /industries/bakery-pos-system | /industries/cafe | /industries/clothing-store | /industries/electric-store | /industries/furniture-store | /industries/jewellery-shop | /industries/manufacturing-industries | /industries/pharmacy-store | /industries/restaurant-pos | /industries/retail-store | /industries/salon-pos | /industries/toys-store | /integration | /inventory-management | /logistics-management-software | /mobile-pos | /order-management | /pos-case-studies | /pos-case-studies/cupcake-queen-bakery-pos-qatar | /pos-case-studies/farhan-caterers-pos-karachi | /pos-case-studies/implementing-a-pos-system-for-retail-the-laptop-store | /pos-case-studies/implementing-pos-systems-for-medical-euquipment-industry | /pos-case-studies/real-tech-pos-system-karachi | /pos-software-ksa | /pos-software-qatar | /pos-software-uae | /pos-software-usa | /pricing | /privacy-policy | /purchase-orders | /reporting-module | /terms-and-conditions | /vendors-management | /website | /zatca","200","","200","/","true"
"/","/","/ | /about | /apps | /author | /blog/best-free-pos-software-and-system | /blog/best-point-of-sale-system-for-small-business-in-pakistan | /blog/best-pos-system-for-retail | /blog/cloud-pos-software-for-retail-stores | /blog/how-does-pos-machine-work | /blog/pos-reconciliation | /blog/what-is-a-pos-person-meaning-and-responsibilities | /blog/what-is-a-pos-purchase | /blog/what-is-point-of-sale-transaction | /blog/what-is-pos-debit-meaning | /blog/what-is-pos-experience-12-tips-to-satisfy-your-customers | /blog/what-is-pos-skills-understand-pos-skill-meaning | /blog/what-is-pos | /blogs | /cattle-management-software | /contact | /customer-management | /fbr-integrated-pos-pakistan | /features | /industries | /industries/bakery-pos-system | /industries/cafe | /industries/clothing-store | /industries/electric-store | /industries/furniture-store | /industries/jewellery-shop | /industries/manufacturing-industries | /industries/pharmacy-store | /industries/restaurant-pos | /industries/retail-store | /industries/salon-pos | /industries/toys-store | /integration | /inventory-management | /logistics-management-software | /mobile-pos | /order-management | /pos-case-studies | /pos-case-studies/cupcake-queen-bakery-pos-qatar | /pos-case-studies/farhan-caterers-pos-karachi | /pos-case-studies/implementing-a-pos-system-for-retail-the-laptop-store | /pos-case-studies/implementing-pos-systems-for-medical-euquipment-industry | /pos-case-studies/real-tech-pos-system-karachi | /pos-software-ksa | /pos-software-qatar | /pos-software-uae | /pos-software-usa | /pricing | /privacy-policy | /purchase-orders | /reporting-module | /terms-and-conditions | /vendors-management | /website | /zatca","200","","200","/","true"
"/","/","/ | /about | /apps | /author | /blog/best-free-pos-software-and-system | /blog/best-point-of-sale-system-for-small-business-in-pakistan | /blog/best-pos-system-for-retail | /blog/cloud-pos-software-for-retail-stores | /blog/how-does-pos-machine-work | /blog/pos-reconciliation | /blog/what-is-a-pos-person-meaning-and-responsibilities | /blog/what-is-a-pos-purchase | /blog/what-is-point-of-sale-transaction | /blog/what-is-pos-debit-meaning | /blog/what-is-pos-experience-12-tips-to-satisfy-your-customers | /blog/what-is-pos-skills-understand-pos-skill-meaning | /blog/what-is-pos | /blogs | /cattle-management-software | /contact | /customer-management | /fbr-integrated-pos-pakistan | /features | /industries | /industries/bakery-pos-system | /industries/cafe | /industries/clothing-store | /industries/electric-store | /industries/furniture-store | /industries/jewellery-shop | /industries/manufacturing-industries | /industries/pharmacy-store | /industries/restaurant-pos | /industries/retail-store | /industries/salon-pos | /industries/toys-store | /integration | /inventory-management | /logistics-management-software | /mobile-pos | /order-management | /pos-case-studies | /pos-case-studies/cupcake-queen-bakery-pos-qatar | /pos-case-studies/farhan-caterers-pos-karachi | /pos-case-studies/implementing-a-pos-system-for-retail-the-laptop-store | /pos-case-studies/implementing-pos-systems-for-medical-euquipment-industry | /pos-case-studies/real-tech-pos-system-karachi | /pos-software-ksa | /pos-software-qatar | /pos-software-uae | /pos-software-usa | /pricing | /privacy-policy | /purchase-orders | /reporting-module | /terms-and-conditions | /vendors-management | /website | /zatca","200","","200","/","true"
"/","/","/ | /about | /apps | /author | /blog/best-free-pos-software-and-system | /blog/best-point-of-sale-system-for-small-business-in-pakistan | /blog/best-pos-system-for-retail | /blog/cloud-pos-software-for-retail-stores | /blog/how-does-pos-machine-work | /blog/pos-reconciliation | /blog/what-is-a-pos-person-meaning-and-responsibilities | /blog/what-is-a-pos-purchase | /blog/what-is-point-of-sale-transaction | /blog/what-is-pos-debit-meaning | /blog/what-is-pos-experience-12-tips-to-satisfy-your-customers | /blog/what-is-pos-skills-understand-pos-skill-meaning | /blog/what-is-pos | /blogs | /cattle-management-software | /contact | /customer-management | /fbr-integrated-pos-pakistan | /features | /industries | /industries/bakery-pos-system | /industries/cafe | /industries/clothing-store | /industries/electric-store | /industries/furniture-store | /industries/jewellery-shop | /industries/manufacturing-industries | /industries/pharmacy-store | /industries/restaurant-pos | /industries/retail-store | /industries/salon-pos | /industries/toys-store | /integration | /inventory-management | /logistics-management-software | /mobile-pos | /order-management | /pos-case-studies | /pos-case-studies/cupcake-queen-bakery-pos-qatar | /pos-case-studies/farhan-caterers-pos-karachi | /pos-case-studies/implementing-a-pos-system-for-retail-the-laptop-store | /pos-case-studies/implementing-pos-systems-for-medical-euquipment-industry | /pos-case-studies/real-tech-pos-system-karachi | /pos-software-ksa | /pos-software-qatar | /pos-software-uae | /pos-software-usa | /pricing | /privacy-policy | /purchase-orders | /reporting-module | /terms-and-conditions | /vendors-management | /website | /zatca","200","","200","/","true"
"/author","/author/","/blog/best-free-pos-software-and-system | /blog/best-point-of-sale-system-for-small-business-in-pakistan | /blog/best-pos-system-for-retail | /blog/cloud-pos-software-for-retail-stores | /blog/how-does-pos-machine-work | /blog/pos-reconciliation | /blog/what-is-a-pos-person-meaning-and-responsibilities | /blog/what-is-a-pos-purchase | /blog/what-is-point-of-sale-transaction | /blog/what-is-pos-debit-meaning | /blog/what-is-pos-experience-12-tips-to-satisfy-your-customers | /blog/what-is-pos-skills-understand-pos-skill-meaning | /blog/what-is-pos","200","","200","/author","true"
"/blog/what-is-pos","/blog/what-is-pos/","/blog/best-free-pos-software-and-system | /blog/best-point-of-sale-system-for-small-business-in-pakistan | /blog/cloud-pos-software-for-retail-stores | /blog/how-does-pos-machine-work | /blog/pos-reconciliation | /blog/what-is-a-pos-person-meaning-and-responsibilities | /blog/what-is-a-pos-purchase | /blog/what-is-point-of-sale-transaction | /blog/what-is-pos-debit-meaning | /blog/what-is-pos-experience-12-tips-to-satisfy-your-customers | /blog/what-is-pos-skills-understand-pos-skill-meaning","200","","200","/blog/what-is-pos","true"
"/blog/how-does-pos-machine-work","/blog/how-does-pos-machine-work/","/blog/best-free-pos-software-and-system | /blog/what-is-a-pos-purchase | /blog/what-is-pos-debit-meaning","200","","200","/blog/how-does-pos-machine-work","true"
"/vendors-management","/vendors-management/","/blog/best-free-pos-software-and-system | /blog/what-is-pos | /vendors-management","200","","200","/vendors-management","true"
"/blog/best-point-of-sale-system-for-small-business-in-pakistan","/blog/best-point-of-sale-system-for-small-business-in-pakistan/","/blog/best-free-pos-software-and-system | /blog/how-does-pos-machine-work | /blog/what-is-a-pos-person-meaning-and-responsibilities | /blog/what-is-a-pos-purchase | /blog/what-is-point-of-sale-transaction | /blog/what-is-pos-skills-understand-pos-skill-meaning | /blogs","200","","200","/blog/best-point-of-sale-system-for-small-business-in-pakistan","true"
"/","/","/ | /about | /apps | /author | /blog/best-free-pos-software-and-system | /blog/best-point-of-sale-system-for-small-business-in-pakistan | /blog/best-pos-system-for-retail | /blog/cloud-pos-software-for-retail-stores | /blog/how-does-pos-machine-work | /blog/pos-reconciliation | /blog/what-is-a-pos-person-meaning-and-responsibilities | /blog/what-is-a-pos-purchase | /blog/what-is-point-of-sale-transaction | /blog/what-is-pos-debit-meaning | /blog/what-is-pos-experience-12-tips-to-satisfy-your-customers | /blog/what-is-pos-skills-understand-pos-skill-meaning | /blog/what-is-pos | /blogs | /cattle-management-software | /contact | /customer-management | /fbr-integrated-pos-pakistan | /features | /industries | /industries/bakery-pos-system | /industries/cafe | /industries/clothing-store | /industries/electric-store | /industries/furniture-store | /industries/jewellery-shop | /industries/manufacturing-industries | /industries/pharmacy-store | /industries/restaurant-pos | /industries/retail-store | /industries/salon-pos | /industries/toys-store | /integration | /inventory-management | /logistics-management-software | /mobile-pos | /order-management | /pos-case-studies | /pos-case-studies/cupcake-queen-bakery-pos-qatar | /pos-case-studies/farhan-caterers-pos-karachi | /pos-case-studies/implementing-a-pos-system-for-retail-the-laptop-store | /pos-case-studies/implementing-pos-systems-for-medical-euquipment-industry | /pos-case-studies/real-tech-pos-system-karachi | /pos-software-ksa | /pos-software-qatar | /pos-software-uae | /pos-software-usa | /pricing | /privacy-policy | /purchase-orders | /reporting-module | /terms-and-conditions | /vendors-management | /website | /zatca","200","","200","/","true"
"/","/","/ | /about | /apps | /author | /blog/best-free-pos-software-and-system | /blog/best-point-of-sale-system-for-small-business-in-pakistan | /blog/best-pos-system-for-retail | /blog/cloud-pos-software-for-retail-stores | /blog/how-does-pos-machine-work | /blog/pos-reconciliation | /blog/what-is-a-pos-person-meaning-and-responsibilities | /blog/what-is-a-pos-purchase | /blog/what-is-point-of-sale-transaction | /blog/what-is-pos-debit-meaning | /blog/what-is-pos-experience-12-tips-to-satisfy-your-customers | /blog/what-is-pos-skills-understand-pos-skill-meaning | /blog/what-is-pos | /blogs | /cattle-management-software | /contact | /customer-management | /fbr-integrated-pos-pakistan | /features | /industries | /industries/bakery-pos-system | /industries/cafe | /industries/clothing-store | /industries/electric-store | /industries/furniture-store | /industries/jewellery-shop | /industries/manufacturing-industries | /industries/pharmacy-store | /industries/restaurant-pos | /industries/retail-store | /industries/salon-pos | /industries/toys-store | /integration | /inventory-management | /logistics-management-software | /mobile-pos | /order-management | /pos-case-studies | /pos-case-studies/cupcake-queen-bakery-pos-qatar | /pos-case-studies/farhan-caterers-pos-karachi | /pos-case-studies/implementing-a-pos-system-for-retail-the-laptop-store | /pos-case-studies/implementing-pos-systems-for-medical-euquipment-industry | /pos-case-studies/real-tech-pos-system-karachi | /pos-software-ksa | /pos-software-qatar | /pos-software-uae | /pos-software-usa | /pricing | /privacy-policy | /purchase-orders | /reporting-module | /terms-and-conditions | /vendors-management | /website | /zatca","200","","200","/","true"
"/","/","/ | /about | /apps | /author | /blog/best-free-pos-software-and-system | /blog/best-point-of-sale-system-for-small-business-in-pakistan | /blog/best-pos-system-for-retail | /blog/cloud-pos-software-for-retail-stores | /blog/how-does-pos-machine-work | /blog/pos-reconciliation | /blog/what-is-a-pos-person-meaning-and-responsibilities | /blog/what-is-a-pos-purchase | /blog/what-is-point-of-sale-transaction | /blog/what-is-pos-debit-meaning | /blog/what-is-pos-experience-12-tips-to-satisfy-your-customers | /blog/what-is-pos-skills-understand-pos-skill-meaning | /blog/what-is-pos | /blogs | /cattle-management-software | /contact | /customer-management | /fbr-integrated-pos-pakistan | /features | /industries | /industries/bakery-pos-system | /industries/cafe | /industries/clothing-store | /industries/electric-store | /industries/furniture-store | /industries/jewellery-shop | /industries/manufacturing-industries | /industries/pharmacy-store | /industries/restaurant-pos | /industries/retail-store | /industries/salon-pos | /industries/toys-store | /integration | /inventory-management | /logistics-management-software | /mobile-pos | /order-management | /pos-case-studies | /pos-case-studies/cupcake-queen-bakery-pos-qatar | /pos-case-studies/farhan-caterers-pos-karachi | /pos-case-studies/implementing-a-pos-system-for-retail-the-laptop-store | /pos-case-studies/implementing-pos-systems-for-medical-euquipment-industry | /pos-case-studies/real-tech-pos-system-karachi | /pos-software-ksa | /pos-software-qatar | /pos-software-uae | /pos-software-usa | /pricing | /privacy-policy | /purchase-orders | /reporting-module | /terms-and-conditions | /vendors-management | /website | /zatca","200","","200","/","true"
"/","/","/ | /about | /apps | /author | /blog/best-free-pos-software-and-system | /blog/best-point-of-sale-system-for-small-business-in-pakistan | /blog/best-pos-system-for-retail | /blog/cloud-pos-software-for-retail-stores | /blog/how-does-pos-machine-work | /blog/pos-reconciliation | /blog/what-is-a-pos-person-meaning-and-responsibilities | /blog/what-is-a-pos-purchase | /blog/what-is-point-of-sale-transaction | /blog/what-is-pos-debit-meaning | /blog/what-is-pos-experience-12-tips-to-satisfy-your-customers | /blog/what-is-pos-skills-understand-pos-skill-meaning | /blog/what-is-pos | /blogs | /cattle-management-software | /contact | /customer-management | /fbr-integrated-pos-pakistan | /features | /industries | /industries/bakery-pos-system | /industries/cafe | /industries/clothing-store | /industries/electric-store | /industries/furniture-store | /industries/jewellery-shop | /industries/manufacturing-industries | /industries/pharmacy-store | /industries/restaurant-pos | /industries/retail-store | /industries/salon-pos | /industries/toys-store | /integration | /inventory-management | /logistics-management-software | /mobile-pos | /order-management | /pos-case-studies | /pos-case-studies/cupcake-queen-bakery-pos-qatar | /pos-case-studies/farhan-caterers-pos-karachi | /pos-case-studies/implementing-a-pos-system-for-retail-the-laptop-store | /pos-case-studies/implementing-pos-systems-for-medical-euquipment-industry | /pos-case-studies/real-tech-pos-system-karachi | /pos-software-ksa | /pos-software-qatar | /pos-software-uae | /pos-software-usa | /pricing | /privacy-policy | /purchase-orders | /reporting-module | /terms-and-conditions | /vendors-management | /website | /zatca","200","","200","/","true"
"/","/","/ | /about | /apps | /author | /blog/best-free-pos-software-and-system | /blog/best-point-of-sale-system-for-small-business-in-pakistan | /blog/best-pos-system-for-retail | /blog/cloud-pos-software-for-retail-stores | /blog/how-does-pos-machine-work | /blog/pos-reconciliation | /blog/what-is-a-pos-person-meaning-and-responsibilities | /blog/what-is-a-pos-purchase | /blog/what-is-point-of-sale-transaction | /blog/what-is-pos-debit-meaning | /blog/what-is-pos-experience-12-tips-to-satisfy-your-customers | /blog/what-is-pos-skills-understand-pos-skill-meaning | /blog/what-is-pos | /blogs | /cattle-management-software | /contact | /customer-management | /fbr-integrated-pos-pakistan | /features | /industries | /industries/bakery-pos-system | /industries/cafe | /industries/clothing-store | /industries/electric-store | /industries/furniture-store | /industries/jewellery-shop | /industries/manufacturing-industries | /industries/pharmacy-store | /industries/restaurant-pos | /industries/retail-store | /industries/salon-pos | /industries/toys-store | /integration | /inventory-management | /logistics-management-software | /mobile-pos | /order-management | /pos-case-studies | /pos-case-studies/cupcake-queen-bakery-pos-qatar | /pos-case-studies/farhan-caterers-pos-karachi | /pos-case-studies/implementing-a-pos-system-for-retail-the-laptop-store | /pos-case-studies/implementing-pos-systems-for-medical-euquipment-industry | /pos-case-studies/real-tech-pos-system-karachi | /pos-software-ksa | /pos-software-qatar | /pos-software-uae | /pos-software-usa | /pricing | /privacy-policy | /purchase-orders | /reporting-module | /terms-and-conditions | /vendors-management | /website | /zatca","200","","200","/","true"
"/","/","/ | /about | /apps | /author | /blog/best-free-pos-software-and-system | /blog/best-point-of-sale-system-for-small-business-in-pakistan | /blog/best-pos-system-for-retail | /blog/cloud-pos-software-for-retail-stores | /blog/how-does-pos-machine-work | /blog/pos-reconciliation | /blog/what-is-a-pos-person-meaning-and-responsibilities | /blog/what-is-a-pos-purchase | /blog/what-is-point-of-sale-transaction | /blog/what-is-pos-debit-meaning | /blog/what-is-pos-experience-12-tips-to-satisfy-your-customers | /blog/what-is-pos-skills-understand-pos-skill-meaning | /blog/what-is-pos | /blogs | /cattle-management-software | /contact | /customer-management | /fbr-integrated-pos-pakistan | /features | /industries | /industries/bakery-pos-system | /industries/cafe | /industries/clothing-store | /industries/electric-store | /industries/furniture-store | /industries/jewellery-shop | /industries/manufacturing-industries | /industries/pharmacy-store | /industries/restaurant-pos | /industries/retail-store | /industries/salon-pos | /industries/toys-store | /integration | /inventory-management | /logistics-management-software | /mobile-pos | /order-management | /pos-case-studies | /pos-case-studies/cupcake-queen-bakery-pos-qatar | /pos-case-studies/farhan-caterers-pos-karachi | /pos-case-studies/implementing-a-pos-system-for-retail-the-laptop-store | /pos-case-studies/implementing-pos-systems-for-medical-euquipment-industry | /pos-case-studies/real-tech-pos-system-karachi | /pos-software-ksa | /pos-software-qatar | /pos-software-uae | /pos-software-usa | /pricing | /privacy-policy | /purchase-orders | /reporting-module | /terms-and-conditions | /vendors-management | /website | /zatca","200","","200","/","true"
"/","/","/ | /about | /apps | /author | /blog/best-free-pos-software-and-system | /blog/best-point-of-sale-system-for-small-business-in-pakistan | /blog/best-pos-system-for-retail | /blog/cloud-pos-software-for-retail-stores | /blog/how-does-pos-machine-work | /blog/pos-reconciliation | /blog/what-is-a-pos-person-meaning-and-responsibilities | /blog/what-is-a-pos-purchase | /blog/what-is-point-of-sale-transaction | /blog/what-is-pos-debit-meaning | /blog/what-is-pos-experience-12-tips-to-satisfy-your-customers | /blog/what-is-pos-skills-understand-pos-skill-meaning | /blog/what-is-pos | /blogs | /cattle-management-software | /contact | /customer-management | /fbr-integrated-pos-pakistan | /features | /industries | /industries/bakery-pos-system | /industries/cafe | /industries/clothing-store | /industries/electric-store | /industries/furniture-store | /industries/jewellery-shop | /industries/manufacturing-industries | /industries/pharmacy-store | /industries/restaurant-pos | /industries/retail-store | /industries/salon-pos | /industries/toys-store | /integration | /inventory-management | /logistics-management-software | /mobile-pos | /order-management | /pos-case-studies | /pos-case-studies/cupcake-queen-bakery-pos-qatar | /pos-case-studies/farhan-caterers-pos-karachi | /pos-case-studies/implementing-a-pos-system-for-retail-the-laptop-store | /pos-case-studies/implementing-pos-systems-for-medical-euquipment-industry | /pos-case-studies/real-tech-pos-system-karachi | /pos-software-ksa | /pos-software-qatar | /pos-software-uae | /pos-software-usa | /pricing | /privacy-policy | /purchase-orders | /reporting-module | /terms-and-conditions | /vendors-management | /website | /zatca","200","","200","/","true"
"/","/","/ | /about | /apps | /author | /blog/best-free-pos-software-and-system | /blog/best-point-of-sale-system-for-small-business-in-pakistan | /blog/best-pos-system-for-retail | /blog/cloud-pos-software-for-retail-stores | /blog/how-does-pos-machine-work | /blog/pos-reconciliation | /blog/what-is-a-pos-person-meaning-and-responsibilities | /blog/what-is-a-pos-purchase | /blog/what-is-point-of-sale-transaction | /blog/what-is-pos-debit-meaning | /blog/what-is-pos-experience-12-tips-to-satisfy-your-customers | /blog/what-is-pos-skills-understand-pos-skill-meaning | /blog/what-is-pos | /blogs | /cattle-management-software | /contact | /customer-management | /fbr-integrated-pos-pakistan | /features | /industries | /industries/bakery-pos-system | /industries/cafe | /industries/clothing-store | /industries/electric-store | /industries/furniture-store | /industries/jewellery-shop | /industries/manufacturing-industries | /industries/pharmacy-store | /industries/restaurant-pos | /industries/retail-store | /industries/salon-pos | /industries/toys-store | /integration | /inventory-management | /logistics-management-software | /mobile-pos | /order-management | /pos-case-studies | /pos-case-studies/cupcake-queen-bakery-pos-qatar | /pos-case-studies/farhan-caterers-pos-karachi | /pos-case-studies/implementing-a-pos-system-for-retail-the-laptop-store | /pos-case-studies/implementing-pos-systems-for-medical-euquipment-industry | /pos-case-studies/real-tech-pos-system-karachi | /pos-software-ksa | /pos-software-qatar | /pos-software-uae | /pos-software-usa | /pricing | /privacy-policy | /purchase-orders | /reporting-module | /terms-and-conditions | /vendors-management | /website | /zatca","200","","200","/","true"
"/","/","/ | /about | /apps | /author | /blog/best-free-pos-software-and-system | /blog/best-point-of-sale-system-for-small-business-in-pakistan | /blog/best-pos-system-for-retail | /blog/cloud-pos-software-for-retail-stores | /blog/how-does-pos-machine-work | /blog/pos-reconciliation | /blog/what-is-a-pos-person-meaning-and-responsibilities | /blog/what-is-a-pos-purchase | /blog/what-is-point-of-sale-transaction | /blog/what-is-pos-debit-meaning | /blog/what-is-pos-experience-12-tips-to-satisfy-your-customers | /blog/what-is-pos-skills-understand-pos-skill-meaning | /blog/what-is-pos | /blogs | /cattle-management-software | /contact | /customer-management | /fbr-integrated-pos-pakistan | /features | /industries | /industries/bakery-pos-system | /industries/cafe | /industries/clothing-store | /industries/electric-store | /industries/furniture-store | /industries/jewellery-shop | /industries/manufacturing-industries | /industries/pharmacy-store | /industries/restaurant-pos | /industries/retail-store | /industries/salon-pos | /industries/toys-store | /integration | /inventory-management | /logistics-management-software | /mobile-pos | /order-management | /pos-case-studies | /pos-case-studies/cupcake-queen-bakery-pos-qatar | /pos-case-studies/farhan-caterers-pos-karachi | /pos-case-studies/implementing-a-pos-system-for-retail-the-laptop-store | /pos-case-studies/implementing-pos-systems-for-medical-euquipment-industry | /pos-case-studies/real-tech-pos-system-karachi | /pos-software-ksa | /pos-software-qatar | /pos-software-uae | /pos-software-usa | /pricing | /privacy-policy | /purchase-orders | /reporting-module | /terms-and-conditions | /vendors-management | /website | /zatca","200","","200","/","true"
"/","/","/ | /about | /apps | /author | /blog/best-free-pos-software-and-system | /blog/best-point-of-sale-system-for-small-business-in-pakistan | /blog/best-pos-system-for-retail | /blog/cloud-pos-software-for-retail-stores | /blog/how-does-pos-machine-work | /blog/pos-reconciliation | /blog/what-is-a-pos-person-meaning-and-responsibilities | /blog/what-is-a-pos-purchase | /blog/what-is-point-of-sale-transaction | /blog/what-is-pos-debit-meaning | /blog/what-is-pos-experience-12-tips-to-satisfy-your-customers | /blog/what-is-pos-skills-understand-pos-skill-meaning | /blog/what-is-pos | /blogs | /cattle-management-software | /contact | /customer-management | /fbr-integrated-pos-pakistan | /features | /industries | /industries/bakery-pos-system | /industries/cafe | /industries/clothing-store | /industries/electric-store | /industries/furniture-store | /industries/jewellery-shop | /industries/manufacturing-industries | /industries/pharmacy-store | /industries/restaurant-pos | /industries/retail-store | /industries/salon-pos | /industries/toys-store | /integration | /inventory-management | /logistics-management-software | /mobile-pos | /order-management | /pos-case-studies | /pos-case-studies/cupcake-queen-bakery-pos-qatar | /pos-case-studies/farhan-caterers-pos-karachi | /pos-case-studies/implementing-a-pos-system-for-retail-the-laptop-store | /pos-case-studies/implementing-pos-systems-for-medical-euquipment-industry | /pos-case-studies/real-tech-pos-system-karachi | /pos-software-ksa | /pos-software-qatar | /pos-software-uae | /pos-software-usa | /pricing | /privacy-policy | /purchase-orders | /reporting-module | /terms-and-conditions | /vendors-management | /website | /zatca","200","","200","/","true"
"/","/","/ | /about | /apps | /author | /blog/best-free-pos-software-and-system | /blog/best-point-of-sale-system-for-small-business-in-pakistan | /blog/best-pos-system-for-retail | /blog/cloud-pos-software-for-retail-stores | /blog/how-does-pos-machine-work | /blog/pos-reconciliation | /blog/what-is-a-pos-person-meaning-and-responsibilities | /blog/what-is-a-pos-purchase | /blog/what-is-point-of-sale-transaction | /blog/what-is-pos-debit-meaning | /blog/what-is-pos-experience-12-tips-to-satisfy-your-customers | /blog/what-is-pos-skills-understand-pos-skill-meaning | /blog/what-is-pos | /blogs | /cattle-management-software | /contact | /customer-management | /fbr-integrated-pos-pakistan | /features | /industries | /industries/bakery-pos-system | /industries/cafe | /industries/clothing-store | /industries/electric-store | /industries/furniture-store | /industries/jewellery-shop | /industries/manufacturing-industries | /industries/pharmacy-store | /industries/restaurant-pos | /industries/retail-store | /industries/salon-pos | /industries/toys-store | /integration | /inventory-management | /logistics-management-software | /mobile-pos | /order-management | /pos-case-studies | /pos-case-studies/cupcake-queen-bakery-pos-qatar | /pos-case-studies/farhan-caterers-pos-karachi | /pos-case-studies/implementing-a-pos-system-for-retail-the-laptop-store | /pos-case-studies/implementing-pos-systems-for-medical-euquipment-industry | /pos-case-studies/real-tech-pos-system-karachi | /pos-software-ksa | /pos-software-qatar | /pos-software-uae | /pos-software-usa | /pricing | /privacy-policy | /purchase-orders | /reporting-module | /terms-and-conditions | /vendors-management | /website | /zatca","200","","200","/","true"
"/","/","/ | /about | /apps | /author | /blog/best-free-pos-software-and-system | /blog/best-point-of-sale-system-for-small-business-in-pakistan | /blog/best-pos-system-for-retail | /blog/cloud-pos-software-for-retail-stores | /blog/how-does-pos-machine-work | /blog/pos-reconciliation | /blog/what-is-a-pos-person-meaning-and-responsibilities | /blog/what-is-a-pos-purchase | /blog/what-is-point-of-sale-transaction | /blog/what-is-pos-debit-meaning | /blog/what-is-pos-experience-12-tips-to-satisfy-your-customers | /blog/what-is-pos-skills-understand-pos-skill-meaning | /blog/what-is-pos | /blogs | /cattle-management-software | /contact | /customer-management | /fbr-integrated-pos-pakistan | /features | /industries | /industries/bakery-pos-system | /industries/cafe | /industries/clothing-store | /industries/electric-store | /industries/furniture-store | /industries/jewellery-shop | /industries/manufacturing-industries | /industries/pharmacy-store | /industries/restaurant-pos | /industries/retail-store | /industries/salon-pos | /industries/toys-store | /integration | /inventory-management | /logistics-management-software | /mobile-pos | /order-management | /pos-case-studies | /pos-case-studies/cupcake-queen-bakery-pos-qatar | /pos-case-studies/farhan-caterers-pos-karachi | /pos-case-studies/implementing-a-pos-system-for-retail-the-laptop-store | /pos-case-studies/implementing-pos-systems-for-medical-euquipment-industry | /pos-case-studies/real-tech-pos-system-karachi | /pos-software-ksa | /pos-software-qatar | /pos-software-uae | /pos-software-usa | /pricing | /privacy-policy | /purchase-orders | /reporting-module | /terms-and-conditions | /vendors-management | /website | /zatca","200","","200","/","true"
"/","/","/ | /about | /apps | /author | /blog/best-free-pos-software-and-system | /blog/best-point-of-sale-system-for-small-business-in-pakistan | /blog/best-pos-system-for-retail | /blog/cloud-pos-software-for-retail-stores | /blog/how-does-pos-machine-work | /blog/pos-reconciliation | /blog/what-is-a-pos-person-meaning-and-responsibilities | /blog/what-is-a-pos-purchase | /blog/what-is-point-of-sale-transaction | /blog/what-is-pos-debit-meaning | /blog/what-is-pos-experience-12-tips-to-satisfy-your-customers | /blog/what-is-pos-skills-understand-pos-skill-meaning | /blog/what-is-pos | /blogs | /cattle-management-software | /contact | /customer-management | /fbr-integrated-pos-pakistan | /features | /industries | /industries/bakery-pos-system | /industries/cafe | /industries/clothing-store | /industries/electric-store | /industries/furniture-store | /industries/jewellery-shop | /industries/manufacturing-industries | /industries/pharmacy-store | /industries/restaurant-pos | /industries/retail-store | /industries/salon-pos | /industries/toys-store | /integration | /inventory-management | /logistics-management-software | /mobile-pos | /order-management | /pos-case-studies | /pos-case-studies/cupcake-queen-bakery-pos-qatar | /pos-case-studies/farhan-caterers-pos-karachi | /pos-case-studies/implementing-a-pos-system-for-retail-the-laptop-store | /pos-case-studies/implementing-pos-systems-for-medical-euquipment-industry | /pos-case-studies/real-tech-pos-system-karachi | /pos-software-ksa | /pos-software-qatar | /pos-software-uae | /pos-software-usa | /pricing | /privacy-policy | /purchase-orders | /reporting-module | /terms-and-conditions | /vendors-management | /website | /zatca","200","","200","/","true"
"/","/","/ | /about | /apps | /author | /blog/best-free-pos-software-and-system | /blog/best-point-of-sale-system-for-small-business-in-pakistan | /blog/best-pos-system-for-retail | /blog/cloud-pos-software-for-retail-stores | /blog/how-does-pos-machine-work | /blog/pos-reconciliation | /blog/what-is-a-pos-person-meaning-and-responsibilities | /blog/what-is-a-pos-purchase | /blog/what-is-point-of-sale-transaction | /blog/what-is-pos-debit-meaning | /blog/what-is-pos-experience-12-tips-to-satisfy-your-customers | /blog/what-is-pos-skills-understand-pos-skill-meaning | /blog/what-is-pos | /blogs | /cattle-management-software | /contact | /customer-management | /fbr-integrated-pos-pakistan | /features | /industries | /industries/bakery-pos-system | /industries/cafe | /industries/clothing-store | /industries/electric-store | /industries/furniture-store | /industries/jewellery-shop | /industries/manufacturing-industries | /industries/pharmacy-store | /industries/restaurant-pos | /industries/retail-store | /industries/salon-pos | /industries/toys-store | /integration | /inventory-management | /logistics-management-software | /mobile-pos | /order-management | /pos-case-studies | /pos-case-studies/cupcake-queen-bakery-pos-qatar | /pos-case-studies/farhan-caterers-pos-karachi | /pos-case-studies/implementing-a-pos-system-for-retail-the-laptop-store | /pos-case-studies/implementing-pos-systems-for-medical-euquipment-industry | /pos-case-studies/real-tech-pos-system-karachi | /pos-software-ksa | /pos-software-qatar | /pos-software-uae | /pos-software-usa | /pricing | /privacy-policy | /purchase-orders | /reporting-module | /terms-and-conditions | /vendors-management | /website | /zatca","200","","200","/","true"
"/","/","/ | /about | /apps | /author | /blog/best-free-pos-software-and-system | /blog/best-point-of-sale-system-for-small-business-in-pakistan | /blog/best-pos-system-for-retail | /blog/cloud-pos-software-for-retail-stores | /blog/how-does-pos-machine-work | /blog/pos-reconciliation | /blog/what-is-a-pos-person-meaning-and-responsibilities | /blog/what-is-a-pos-purchase | /blog/what-is-point-of-sale-transaction | /blog/what-is-pos-debit-meaning | /blog/what-is-pos-experience-12-tips-to-satisfy-your-customers | /blog/what-is-pos-skills-understand-pos-skill-meaning | /blog/what-is-pos | /blogs | /cattle-management-software | /contact | /customer-management | /fbr-integrated-pos-pakistan | /features | /industries | /industries/bakery-pos-system | /industries/cafe | /industries/clothing-store | /industries/electric-store | /industries/furniture-store | /industries/jewellery-shop | /industries/manufacturing-industries | /industries/pharmacy-store | /industries/restaurant-pos | /industries/retail-store | /industries/salon-pos | /industries/toys-store | /integration | /inventory-management | /logistics-management-software | /mobile-pos | /order-management | /pos-case-studies | /pos-case-studies/cupcake-queen-bakery-pos-qatar | /pos-case-studies/farhan-caterers-pos-karachi | /pos-case-studies/implementing-a-pos-system-for-retail-the-laptop-store | /pos-case-studies/implementing-pos-systems-for-medical-euquipment-industry | /pos-case-studies/real-tech-pos-system-karachi | /pos-software-ksa | /pos-software-qatar | /pos-software-uae | /pos-software-usa | /pricing | /privacy-policy | /purchase-orders | /reporting-module | /terms-and-conditions | /vendors-management | /website | /zatca","200","","200","/","true"
"/","/","/ | /about | /apps | /author | /blog/best-free-pos-software-and-system | /blog/best-point-of-sale-system-for-small-business-in-pakistan | /blog/best-pos-system-for-retail | /blog/cloud-pos-software-for-retail-stores | /blog/how-does-pos-machine-work | /blog/pos-reconciliation | /blog/what-is-a-pos-person-meaning-and-responsibilities | /blog/what-is-a-pos-purchase | /blog/what-is-point-of-sale-transaction | /blog/what-is-pos-debit-meaning | /blog/what-is-pos-experience-12-tips-to-satisfy-your-customers | /blog/what-is-pos-skills-understand-pos-skill-meaning | /blog/what-is-pos | /blogs | /cattle-management-software | /contact | /customer-management | /fbr-integrated-pos-pakistan | /features | /industries | /industries/bakery-pos-system | /industries/cafe | /industries/clothing-store | /industries/electric-store | /industries/furniture-store | /industries/jewellery-shop | /industries/manufacturing-industries | /industries/pharmacy-store | /industries/restaurant-pos | /industries/retail-store | /industries/salon-pos | /industries/toys-store | /integration | /inventory-management | /logistics-management-software | /mobile-pos | /order-management | /pos-case-studies | /pos-case-studies/cupcake-queen-bakery-pos-qatar | /pos-case-studies/farhan-caterers-pos-karachi | /pos-case-studies/implementing-a-pos-system-for-retail-the-laptop-store | /pos-case-studies/implementing-pos-systems-for-medical-euquipment-industry | /pos-case-studies/real-tech-pos-system-karachi | /pos-software-ksa | /pos-software-qatar | /pos-software-uae | /pos-software-usa | /pricing | /privacy-policy | /purchase-orders | /reporting-module | /terms-and-conditions | /vendors-management | /website | /zatca","200","","200","/","true"
"/","/","/ | /about | /apps | /author | /blog/best-free-pos-software-and-system | /blog/best-point-of-sale-system-for-small-business-in-pakistan | /blog/best-pos-system-for-retail | /blog/cloud-pos-software-for-retail-stores | /blog/how-does-pos-machine-work | /blog/pos-reconciliation | /blog/what-is-a-pos-person-meaning-and-responsibilities | /blog/what-is-a-pos-purchase | /blog/what-is-point-of-sale-transaction | /blog/what-is-pos-debit-meaning | /blog/what-is-pos-experience-12-tips-to-satisfy-your-customers | /blog/what-is-pos-skills-understand-pos-skill-meaning | /blog/what-is-pos | /blogs | /cattle-management-software | /contact | /customer-management | /fbr-integrated-pos-pakistan | /features | /industries | /industries/bakery-pos-system | /industries/cafe | /industries/clothing-store | /industries/electric-store | /industries/furniture-store | /industries/jewellery-shop | /industries/manufacturing-industries | /industries/pharmacy-store | /industries/restaurant-pos | /industries/retail-store | /industries/salon-pos | /industries/toys-store | /integration | /inventory-management | /logistics-management-software | /mobile-pos | /order-management | /pos-case-studies | /pos-case-studies/cupcake-queen-bakery-pos-qatar | /pos-case-studies/farhan-caterers-pos-karachi | /pos-case-studies/implementing-a-pos-system-for-retail-the-laptop-store | /pos-case-studies/implementing-pos-systems-for-medical-euquipment-industry | /pos-case-studies/real-tech-pos-system-karachi | /pos-software-ksa | /pos-software-qatar | /pos-software-uae | /pos-software-usa | /pricing | /privacy-policy | /purchase-orders | /reporting-module | /terms-and-conditions | /vendors-management | /website | /zatca","200","","200","/","true"
"/","/","/ | /about | /apps | /author | /blog/best-free-pos-software-and-system | /blog/best-point-of-sale-system-for-small-business-in-pakistan | /blog/best-pos-system-for-retail | /blog/cloud-pos-software-for-retail-stores | /blog/how-does-pos-machine-work | /blog/pos-reconciliation | /blog/what-is-a-pos-person-meaning-and-responsibilities | /blog/what-is-a-pos-purchase | /blog/what-is-point-of-sale-transaction | /blog/what-is-pos-debit-meaning | /blog/what-is-pos-experience-12-tips-to-satisfy-your-customers | /blog/what-is-pos-skills-understand-pos-skill-meaning | /blog/what-is-pos | /blogs | /cattle-management-software | /contact | /customer-management | /fbr-integrated-pos-pakistan | /features | /industries | /industries/bakery-pos-system | /industries/cafe | /industries/clothing-store | /industries/electric-store | /industries/furniture-store | /industries/jewellery-shop | /industries/manufacturing-industries | /industries/pharmacy-store | /industries/restaurant-pos | /industries/retail-store | /industries/salon-pos | /industries/toys-store | /integration | /inventory-management | /logistics-management-software | /mobile-pos | /order-management | /pos-case-studies | /pos-case-studies/cupcake-queen-bakery-pos-qatar | /pos-case-studies/farhan-caterers-pos-karachi | /pos-case-studies/implementing-a-pos-system-for-retail-the-laptop-store | /pos-case-studies/implementing-pos-systems-for-medical-euquipment-industry | /pos-case-studies/real-tech-pos-system-karachi | /pos-software-ksa | /pos-software-qatar | /pos-software-uae | /pos-software-usa | /pricing | /privacy-policy | /purchase-orders | /reporting-module | /terms-and-conditions | /vendors-management | /website | /zatca","200","","200","/","true"
"/","/","/ | /about | /apps | /author | /blog/best-free-pos-software-and-system | /blog/best-point-of-sale-system-for-small-business-in-pakistan | /blog/best-pos-system-for-retail | /blog/cloud-pos-software-for-retail-stores | /blog/how-does-pos-machine-work | /blog/pos-reconciliation | /blog/what-is-a-pos-person-meaning-and-responsibilities | /blog/what-is-a-pos-purchase | /blog/what-is-point-of-sale-transaction | /blog/what-is-pos-debit-meaning | /blog/what-is-pos-experience-12-tips-to-satisfy-your-customers | /blog/what-is-pos-skills-understand-pos-skill-meaning | /blog/what-is-pos | /blogs | /cattle-management-software | /contact | /customer-management | /fbr-integrated-pos-pakistan | /features | /industries | /industries/bakery-pos-system | /industries/cafe | /industries/clothing-store | /industries/electric-store | /industries/furniture-store | /industries/jewellery-shop | /industries/manufacturing-industries | /industries/pharmacy-store | /industries/restaurant-pos | /industries/retail-store | /industries/salon-pos | /industries/toys-store | /integration | /inventory-management | /logistics-management-software | /mobile-pos | /order-management | /pos-case-studies | /pos-case-studies/cupcake-queen-bakery-pos-qatar | /pos-case-studies/farhan-caterers-pos-karachi | /pos-case-studies/implementing-a-pos-system-for-retail-the-laptop-store | /pos-case-studies/implementing-pos-systems-for-medical-euquipment-industry | /pos-case-studies/real-tech-pos-system-karachi | /pos-software-ksa | /pos-software-qatar | /pos-software-uae | /pos-software-usa | /pricing | /privacy-policy | /purchase-orders | /reporting-module | /terms-and-conditions | /vendors-management | /website | /zatca","200","","200","/","true"
"/","/","/ | /about | /apps | /author | /blog/best-free-pos-software-and-system | /blog/best-point-of-sale-system-for-small-business-in-pakistan | /blog/best-pos-system-for-retail | /blog/cloud-pos-software-for-retail-stores | /blog/how-does-pos-machine-work | /blog/pos-reconciliation | /blog/what-is-a-pos-person-meaning-and-responsibilities | /blog/what-is-a-pos-purchase | /blog/what-is-point-of-sale-transaction | /blog/what-is-pos-debit-meaning | /blog/what-is-pos-experience-12-tips-to-satisfy-your-customers | /blog/what-is-pos-skills-understand-pos-skill-meaning | /blog/what-is-pos | /blogs | /cattle-management-software | /contact | /customer-management | /fbr-integrated-pos-pakistan | /features | /industries | /industries/bakery-pos-system | /industries/cafe | /industries/clothing-store | /industries/electric-store | /industries/furniture-store | /industries/jewellery-shop | /industries/manufacturing-industries | /industries/pharmacy-store | /industries/restaurant-pos | /industries/retail-store | /industries/salon-pos | /industries/toys-store | /integration | /inventory-management | /logistics-management-software | /mobile-pos | /order-management | /pos-case-studies | /pos-case-studies/cupcake-queen-bakery-pos-qatar | /pos-case-studies/farhan-caterers-pos-karachi | /pos-case-studies/implementing-a-pos-system-for-retail-the-laptop-store | /pos-case-studies/implementing-pos-systems-for-medical-euquipment-industry | /pos-case-studies/real-tech-pos-system-karachi | /pos-software-ksa | /pos-software-qatar | /pos-software-uae | /pos-software-usa | /pricing | /privacy-policy | /purchase-orders | /reporting-module | /terms-and-conditions | /vendors-management | /website | /zatca","200","","200","/","true"
"/","/","/ | /about | /apps | /author | /blog/best-free-pos-software-and-system | /blog/best-point-of-sale-system-for-small-business-in-pakistan | /blog/best-pos-system-for-retail | /blog/cloud-pos-software-for-retail-stores | /blog/how-does-pos-machine-work | /blog/pos-reconciliation | /blog/what-is-a-pos-person-meaning-and-responsibilities | /blog/what-is-a-pos-purchase | /blog/what-is-point-of-sale-transaction | /blog/what-is-pos-debit-meaning | /blog/what-is-pos-experience-12-tips-to-satisfy-your-customers | /blog/what-is-pos-skills-understand-pos-skill-meaning | /blog/what-is-pos | /blogs | /cattle-management-software | /contact | /customer-management | /fbr-integrated-pos-pakistan | /features | /industries | /industries/bakery-pos-system | /industries/cafe | /industries/clothing-store | /industries/electric-store | /industries/furniture-store | /industries/jewellery-shop | /industries/manufacturing-industries | /industries/pharmacy-store | /industries/restaurant-pos | /industries/retail-store | /industries/salon-pos | /industries/toys-store | /integration | /inventory-management | /logistics-management-software | /mobile-pos | /order-management | /pos-case-studies | /pos-case-studies/cupcake-queen-bakery-pos-qatar | /pos-case-studies/farhan-caterers-pos-karachi | /pos-case-studies/implementing-a-pos-system-for-retail-the-laptop-store | /pos-case-studies/implementing-pos-systems-for-medical-euquipment-industry | /pos-case-studies/real-tech-pos-system-karachi | /pos-software-ksa | /pos-software-qatar | /pos-software-uae | /pos-software-usa | /pricing | /privacy-policy | /purchase-orders | /reporting-module | /terms-and-conditions | /vendors-management | /website | /zatca","200","","200","/","true"
"/blog/best-free-pos-software-and-system","/blog/best-free-pos-software-and-system/","/blog/best-point-of-sale-system-for-small-business-in-pakistan | /blog/cloud-pos-software-for-retail-stores | /blog/what-is-a-pos-person-meaning-and-responsibilities","200","","200","/blog/best-free-pos-software-and-system","true"
"/wp-content/uploads/2026/09/Fix-It-Free-10-Point-Checklist-1.pdf","/wp-content/uploads/2026/09/Fix-It-Free-10-Point-Checklist-1.pdf","/blog/best-point-of-sale-system-for-small-business-in-pakistan","200","","200","/wp-content/uploads/2026/09/Fix-It-Free-10-Point-Checklist-1.pdf","true"
"/","/","/ | /about | /apps | /author | /blog/best-free-pos-software-and-system | /blog/best-point-of-sale-system-for-small-business-in-pakistan | /blog/best-pos-system-for-retail | /blog/cloud-pos-software-for-retail-stores | /blog/how-does-pos-machine-work | /blog/pos-reconciliation | /blog/what-is-a-pos-person-meaning-and-responsibilities | /blog/what-is-a-pos-purchase | /blog/what-is-point-of-sale-transaction | /blog/what-is-pos-debit-meaning | /blog/what-is-pos-experience-12-tips-to-satisfy-your-customers | /blog/what-is-pos-skills-understand-pos-skill-meaning | /blog/what-is-pos | /blogs | /cattle-management-software | /contact | /customer-management | /fbr-integrated-pos-pakistan | /features | /industries | /industries/bakery-pos-system | /industries/cafe | /industries/clothing-store | /industries/electric-store | /industries/furniture-store | /industries/jewellery-shop | /industries/manufacturing-industries | /industries/pharmacy-store | /industries/restaurant-pos | /industries/retail-store | /industries/salon-pos | /industries/toys-store | /integration | /inventory-management | /logistics-management-software | /mobile-pos | /order-management | /pos-case-studies | /pos-case-studies/cupcake-queen-bakery-pos-qatar | /pos-case-studies/farhan-caterers-pos-karachi | /pos-case-studies/implementing-a-pos-system-for-retail-the-laptop-store | /pos-case-studies/implementing-pos-systems-for-medical-euquipment-industry | /pos-case-studies/real-tech-pos-system-karachi | /pos-software-ksa | /pos-software-qatar | /pos-software-uae | /pos-software-usa | /pricing | /privacy-policy | /purchase-orders | /reporting-module | /terms-and-conditions | /vendors-management | /website | /zatca","200","","200","/","true"
"/pos-case-studies/implementing-a-pos-system-for-retail-the-laptop-store","/pos-case-studies/implementing-a-pos-system-for-retail-the-laptop-store/","/blog/best-point-of-sale-system-for-small-business-in-pakistan | /pos-case-studies","200","","200","/pos-case-studies/implementing-a-pos-system-for-retail-the-laptop-store","true"
"/","/","/ | /about | /apps | /author | /blog/best-free-pos-software-and-system | /blog/best-point-of-sale-system-for-small-business-in-pakistan | /blog/best-pos-system-for-retail | /blog/cloud-pos-software-for-retail-stores | /blog/how-does-pos-machine-work | /blog/pos-reconciliation | /blog/what-is-a-pos-person-meaning-and-responsibilities | /blog/what-is-a-pos-purchase | /blog/what-is-point-of-sale-transaction | /blog/what-is-pos-debit-meaning | /blog/what-is-pos-experience-12-tips-to-satisfy-your-customers | /blog/what-is-pos-skills-understand-pos-skill-meaning | /blog/what-is-pos | /blogs | /cattle-management-software | /contact | /customer-management | /fbr-integrated-pos-pakistan | /features | /industries | /industries/bakery-pos-system | /industries/cafe | /industries/clothing-store | /industries/electric-store | /industries/furniture-store | /industries/jewellery-shop | /industries/manufacturing-industries | /industries/pharmacy-store | /industries/restaurant-pos | /industries/retail-store | /industries/salon-pos | /industries/toys-store | /integration | /inventory-management | /logistics-management-software | /mobile-pos | /order-management | /pos-case-studies | /pos-case-studies/cupcake-queen-bakery-pos-qatar | /pos-case-studies/farhan-caterers-pos-karachi | /pos-case-studies/implementing-a-pos-system-for-retail-the-laptop-store | /pos-case-studies/implementing-pos-systems-for-medical-euquipment-industry | /pos-case-studies/real-tech-pos-system-karachi | /pos-software-ksa | /pos-software-qatar | /pos-software-uae | /pos-software-usa | /pricing | /privacy-policy | /purchase-orders | /reporting-module | /terms-and-conditions | /vendors-management | /website | /zatca","200","","200","/","true"
"/","/","/ | /about | /apps | /author | /blog/best-free-pos-software-and-system | /blog/best-point-of-sale-system-for-small-business-in-pakistan | /blog/best-pos-system-for-retail | /blog/cloud-pos-software-for-retail-stores | /blog/how-does-pos-machine-work | /blog/pos-reconciliation | /blog/what-is-a-pos-person-meaning-and-responsibilities | /blog/what-is-a-pos-purchase | /blog/what-is-point-of-sale-transaction | /blog/what-is-pos-debit-meaning | /blog/what-is-pos-experience-12-tips-to-satisfy-your-customers | /blog/what-is-pos-skills-understand-pos-skill-meaning | /blog/what-is-pos | /blogs | /cattle-management-software | /contact | /customer-management | /fbr-integrated-pos-pakistan | /features | /industries | /industries/bakery-pos-system | /industries/cafe | /industries/clothing-store | /industries/electric-store | /industries/furniture-store | /industries/jewellery-shop | /industries/manufacturing-industries | /industries/pharmacy-store | /industries/restaurant-pos | /industries/retail-store | /industries/salon-pos | /industries/toys-store | /integration | /inventory-management | /logistics-management-software | /mobile-pos | /order-management | /pos-case-studies | /pos-case-studies/cupcake-queen-bakery-pos-qatar | /pos-case-studies/farhan-caterers-pos-karachi | /pos-case-studies/implementing-a-pos-system-for-retail-the-laptop-store | /pos-case-studies/implementing-pos-systems-for-medical-euquipment-industry | /pos-case-studies/real-tech-pos-system-karachi | /pos-software-ksa | /pos-software-qatar | /pos-software-uae | /pos-software-usa | /pricing | /privacy-policy | /purchase-orders | /reporting-module | /terms-and-conditions | /vendors-management | /website | /zatca","200","","200","/","true"
"/","/","/ | /about | /apps | /author | /blog/best-free-pos-software-and-system | /blog/best-point-of-sale-system-for-small-business-in-pakistan | /blog/best-pos-system-for-retail | /blog/cloud-pos-software-for-retail-stores | /blog/how-does-pos-machine-work | /blog/pos-reconciliation | /blog/what-is-a-pos-person-meaning-and-responsibilities | /blog/what-is-a-pos-purchase | /blog/what-is-point-of-sale-transaction | /blog/what-is-pos-debit-meaning | /blog/what-is-pos-experience-12-tips-to-satisfy-your-customers | /blog/what-is-pos-skills-understand-pos-skill-meaning | /blog/what-is-pos | /blogs | /cattle-management-software | /contact | /customer-management | /fbr-integrated-pos-pakistan | /features | /industries | /industries/bakery-pos-system | /industries/cafe | /industries/clothing-store | /industries/electric-store | /industries/furniture-store | /industries/jewellery-shop | /industries/manufacturing-industries | /industries/pharmacy-store | /industries/restaurant-pos | /industries/retail-store | /industries/salon-pos | /industries/toys-store | /integration | /inventory-management | /logistics-management-software | /mobile-pos | /order-management | /pos-case-studies | /pos-case-studies/cupcake-queen-bakery-pos-qatar | /pos-case-studies/farhan-caterers-pos-karachi | /pos-case-studies/implementing-a-pos-system-for-retail-the-laptop-store | /pos-case-studies/implementing-pos-systems-for-medical-euquipment-industry | /pos-case-studies/real-tech-pos-system-karachi | /pos-software-ksa | /pos-software-qatar | /pos-software-uae | /pos-software-usa | /pricing | /privacy-policy | /purchase-orders | /reporting-module | /terms-and-conditions | /vendors-management | /website | /zatca","200","","200","/","true"
"/","/","/ | /about | /apps | /author | /blog/best-free-pos-software-and-system | /blog/best-point-of-sale-system-for-small-business-in-pakistan | /blog/best-pos-system-for-retail | /blog/cloud-pos-software-for-retail-stores | /blog/how-does-pos-machine-work | /blog/pos-reconciliation | /blog/what-is-a-pos-person-meaning-and-responsibilities | /blog/what-is-a-pos-purchase | /blog/what-is-point-of-sale-transaction | /blog/what-is-pos-debit-meaning | /blog/what-is-pos-experience-12-tips-to-satisfy-your-customers | /blog/what-is-pos-skills-understand-pos-skill-meaning | /blog/what-is-pos | /blogs | /cattle-management-software | /contact | /customer-management | /fbr-integrated-pos-pakistan | /features | /industries | /industries/bakery-pos-system | /industries/cafe | /industries/clothing-store | /industries/electric-store | /industries/furniture-store | /industries/jewellery-shop | /industries/manufacturing-industries | /industries/pharmacy-store | /industries/restaurant-pos | /industries/retail-store | /industries/salon-pos | /industries/toys-store | /integration | /inventory-management | /logistics-management-software | /mobile-pos | /order-management | /pos-case-studies | /pos-case-studies/cupcake-queen-bakery-pos-qatar | /pos-case-studies/farhan-caterers-pos-karachi | /pos-case-studies/implementing-a-pos-system-for-retail-the-laptop-store | /pos-case-studies/implementing-pos-systems-for-medical-euquipment-industry | /pos-case-studies/real-tech-pos-system-karachi | /pos-software-ksa | /pos-software-qatar | /pos-software-uae | /pos-software-usa | /pricing | /privacy-policy | /purchase-orders | /reporting-module | /terms-and-conditions | /vendors-management | /website | /zatca","200","","200","/","true"
"/","/","/ | /about | /apps | /author | /blog/best-free-pos-software-and-system | /blog/best-point-of-sale-system-for-small-business-in-pakistan | /blog/best-pos-system-for-retail | /blog/cloud-pos-software-for-retail-stores | /blog/how-does-pos-machine-work | /blog/pos-reconciliation | /blog/what-is-a-pos-person-meaning-and-responsibilities | /blog/what-is-a-pos-purchase | /blog/what-is-point-of-sale-transaction | /blog/what-is-pos-debit-meaning | /blog/what-is-pos-experience-12-tips-to-satisfy-your-customers | /blog/what-is-pos-skills-understand-pos-skill-meaning | /blog/what-is-pos | /blogs | /cattle-management-software | /contact | /customer-management | /fbr-integrated-pos-pakistan | /features | /industries | /industries/bakery-pos-system | /industries/cafe | /industries/clothing-store | /industries/electric-store | /industries/furniture-store | /industries/jewellery-shop | /industries/manufacturing-industries | /industries/pharmacy-store | /industries/restaurant-pos | /industries/retail-store | /industries/salon-pos | /industries/toys-store | /integration | /inventory-management | /logistics-management-software | /mobile-pos | /order-management | /pos-case-studies | /pos-case-studies/cupcake-queen-bakery-pos-qatar | /pos-case-studies/farhan-caterers-pos-karachi | /pos-case-studies/implementing-a-pos-system-for-retail-the-laptop-store | /pos-case-studies/implementing-pos-systems-for-medical-euquipment-industry | /pos-case-studies/real-tech-pos-system-karachi | /pos-software-ksa | /pos-software-qatar | /pos-software-uae | /pos-software-usa | /pricing | /privacy-policy | /purchase-orders | /reporting-module | /terms-and-conditions | /vendors-management | /website | /zatca","200","","200","/","true"
"/","/","/ | /about | /apps | /author | /blog/best-free-pos-software-and-system | /blog/best-point-of-sale-system-for-small-business-in-pakistan | /blog/best-pos-system-for-retail | /blog/cloud-pos-software-for-retail-stores | /blog/how-does-pos-machine-work | /blog/pos-reconciliation | /blog/what-is-a-pos-person-meaning-and-responsibilities | /blog/what-is-a-pos-purchase | /blog/what-is-point-of-sale-transaction | /blog/what-is-pos-debit-meaning | /blog/what-is-pos-experience-12-tips-to-satisfy-your-customers | /blog/what-is-pos-skills-understand-pos-skill-meaning | /blog/what-is-pos | /blogs | /cattle-management-software | /contact | /customer-management | /fbr-integrated-pos-pakistan | /features | /industries | /industries/bakery-pos-system | /industries/cafe | /industries/clothing-store | /industries/electric-store | /industries/furniture-store | /industries/jewellery-shop | /industries/manufacturing-industries | /industries/pharmacy-store | /industries/restaurant-pos | /industries/retail-store | /industries/salon-pos | /industries/toys-store | /integration | /inventory-management | /logistics-management-software | /mobile-pos | /order-management | /pos-case-studies | /pos-case-studies/cupcake-queen-bakery-pos-qatar | /pos-case-studies/farhan-caterers-pos-karachi | /pos-case-studies/implementing-a-pos-system-for-retail-the-laptop-store | /pos-case-studies/implementing-pos-systems-for-medical-euquipment-industry | /pos-case-studies/real-tech-pos-system-karachi | /pos-software-ksa | /pos-software-qatar | /pos-software-uae | /pos-software-usa | /pricing | /privacy-policy | /purchase-orders | /reporting-module | /terms-and-conditions | /vendors-management | /website | /zatca","200","","200","/","true"
"/","/","/ | /about | /apps | /author | /blog/best-free-pos-software-and-system | /blog/best-point-of-sale-system-for-small-business-in-pakistan | /blog/best-pos-system-for-retail | /blog/cloud-pos-software-for-retail-stores | /blog/how-does-pos-machine-work | /blog/pos-reconciliation | /blog/what-is-a-pos-person-meaning-and-responsibilities | /blog/what-is-a-pos-purchase | /blog/what-is-point-of-sale-transaction | /blog/what-is-pos-debit-meaning | /blog/what-is-pos-experience-12-tips-to-satisfy-your-customers | /blog/what-is-pos-skills-understand-pos-skill-meaning | /blog/what-is-pos | /blogs | /cattle-management-software | /contact | /customer-management | /fbr-integrated-pos-pakistan | /features | /industries | /industries/bakery-pos-system | /industries/cafe | /industries/clothing-store | /industries/electric-store | /industries/furniture-store | /industries/jewellery-shop | /industries/manufacturing-industries | /industries/pharmacy-store | /industries/restaurant-pos | /industries/retail-store | /industries/salon-pos | /industries/toys-store | /integration | /inventory-management | /logistics-management-software | /mobile-pos | /order-management | /pos-case-studies | /pos-case-studies/cupcake-queen-bakery-pos-qatar | /pos-case-studies/farhan-caterers-pos-karachi | /pos-case-studies/implementing-a-pos-system-for-retail-the-laptop-store | /pos-case-studies/implementing-pos-systems-for-medical-euquipment-industry | /pos-case-studies/real-tech-pos-system-karachi | /pos-software-ksa | /pos-software-qatar | /pos-software-uae | /pos-software-usa | /pricing | /privacy-policy | /purchase-orders | /reporting-module | /terms-and-conditions | /vendors-management | /website | /zatca","200","","200","/","true"
"/","/","/ | /about | /apps | /author | /blog/best-free-pos-software-and-system | /blog/best-point-of-sale-system-for-small-business-in-pakistan | /blog/best-pos-system-for-retail | /blog/cloud-pos-software-for-retail-stores | /blog/how-does-pos-machine-work | /blog/pos-reconciliation | /blog/what-is-a-pos-person-meaning-and-responsibilities | /blog/what-is-a-pos-purchase | /blog/what-is-point-of-sale-transaction | /blog/what-is-pos-debit-meaning | /blog/what-is-pos-experience-12-tips-to-satisfy-your-customers | /blog/what-is-pos-skills-understand-pos-skill-meaning | /blog/what-is-pos | /blogs | /cattle-management-software | /contact | /customer-management | /fbr-integrated-pos-pakistan | /features | /industries | /industries/bakery-pos-system | /industries/cafe | /industries/clothing-store | /industries/electric-store | /industries/furniture-store | /industries/jewellery-shop | /industries/manufacturing-industries | /industries/pharmacy-store | /industries/restaurant-pos | /industries/retail-store | /industries/salon-pos | /industries/toys-store | /integration | /inventory-management | /logistics-management-software | /mobile-pos | /order-management | /pos-case-studies | /pos-case-studies/cupcake-queen-bakery-pos-qatar | /pos-case-studies/farhan-caterers-pos-karachi | /pos-case-studies/implementing-a-pos-system-for-retail-the-laptop-store | /pos-case-studies/implementing-pos-systems-for-medical-euquipment-industry | /pos-case-studies/real-tech-pos-system-karachi | /pos-software-ksa | /pos-software-qatar | /pos-software-uae | /pos-software-usa | /pricing | /privacy-policy | /purchase-orders | /reporting-module | /terms-and-conditions | /vendors-management | /website | /zatca","200","","200","/","true"
"/","/","/ | /about | /apps | /author | /blog/best-free-pos-software-and-system | /blog/best-point-of-sale-system-for-small-business-in-pakistan | /blog/best-pos-system-for-retail | /blog/cloud-pos-software-for-retail-stores | /blog/how-does-pos-machine-work | /blog/pos-reconciliation | /blog/what-is-a-pos-person-meaning-and-responsibilities | /blog/what-is-a-pos-purchase | /blog/what-is-point-of-sale-transaction | /blog/what-is-pos-debit-meaning | /blog/what-is-pos-experience-12-tips-to-satisfy-your-customers | /blog/what-is-pos-skills-understand-pos-skill-meaning | /blog/what-is-pos | /blogs | /cattle-management-software | /contact | /customer-management | /fbr-integrated-pos-pakistan | /features | /industries | /industries/bakery-pos-system | /industries/cafe | /industries/clothing-store | /industries/electric-store | /industries/furniture-store | /industries/jewellery-shop | /industries/manufacturing-industries | /industries/pharmacy-store | /industries/restaurant-pos | /industries/retail-store | /industries/salon-pos | /industries/toys-store | /integration | /inventory-management | /logistics-management-software | /mobile-pos | /order-management | /pos-case-studies | /pos-case-studies/cupcake-queen-bakery-pos-qatar | /pos-case-studies/farhan-caterers-pos-karachi | /pos-case-studies/implementing-a-pos-system-for-retail-the-laptop-store | /pos-case-studies/implementing-pos-systems-for-medical-euquipment-industry | /pos-case-studies/real-tech-pos-system-karachi | /pos-software-ksa | /pos-software-qatar | /pos-software-uae | /pos-software-usa | /pricing | /privacy-policy | /purchase-orders | /reporting-module | /terms-and-conditions | /vendors-management | /website | /zatca","200","","200","/","true"
"/","/","/ | /about | /apps | /author | /blog/best-free-pos-software-and-system | /blog/best-point-of-sale-system-for-small-business-in-pakistan | /blog/best-pos-system-for-retail | /blog/cloud-pos-software-for-retail-stores | /blog/how-does-pos-machine-work | /blog/pos-reconciliation | /blog/what-is-a-pos-person-meaning-and-responsibilities | /blog/what-is-a-pos-purchase | /blog/what-is-point-of-sale-transaction | /blog/what-is-pos-debit-meaning | /blog/what-is-pos-experience-12-tips-to-satisfy-your-customers | /blog/what-is-pos-skills-understand-pos-skill-meaning | /blog/what-is-pos | /blogs | /cattle-management-software | /contact | /customer-management | /fbr-integrated-pos-pakistan | /features | /industries | /industries/bakery-pos-system | /industries/cafe | /industries/clothing-store | /industries/electric-store | /industries/furniture-store | /industries/jewellery-shop | /industries/manufacturing-industries | /industries/pharmacy-store | /industries/restaurant-pos | /industries/retail-store | /industries/salon-pos | /industries/toys-store | /integration | /inventory-management | /logistics-management-software | /mobile-pos | /order-management | /pos-case-studies | /pos-case-studies/cupcake-queen-bakery-pos-qatar | /pos-case-studies/farhan-caterers-pos-karachi | /pos-case-studies/implementing-a-pos-system-for-retail-the-laptop-store | /pos-case-studies/implementing-pos-systems-for-medical-euquipment-industry | /pos-case-studies/real-tech-pos-system-karachi | /pos-software-ksa | /pos-software-qatar | /pos-software-uae | /pos-software-usa | /pricing | /privacy-policy | /purchase-orders | /reporting-module | /terms-and-conditions | /vendors-management | /website | /zatca","200","","200","/","true"
"/","/","/ | /about | /apps | /author | /blog/best-free-pos-software-and-system | /blog/best-point-of-sale-system-for-small-business-in-pakistan | /blog/best-pos-system-for-retail | /blog/cloud-pos-software-for-retail-stores | /blog/how-does-pos-machine-work | /blog/pos-reconciliation | /blog/what-is-a-pos-person-meaning-and-responsibilities | /blog/what-is-a-pos-purchase | /blog/what-is-point-of-sale-transaction | /blog/what-is-pos-debit-meaning | /blog/what-is-pos-experience-12-tips-to-satisfy-your-customers | /blog/what-is-pos-skills-understand-pos-skill-meaning | /blog/what-is-pos | /blogs | /cattle-management-software | /contact | /customer-management | /fbr-integrated-pos-pakistan | /features | /industries | /industries/bakery-pos-system | /industries/cafe | /industries/clothing-store | /industries/electric-store | /industries/furniture-store | /industries/jewellery-shop | /industries/manufacturing-industries | /industries/pharmacy-store | /industries/restaurant-pos | /industries/retail-store | /industries/salon-pos | /industries/toys-store | /integration | /inventory-management | /logistics-management-software | /mobile-pos | /order-management | /pos-case-studies | /pos-case-studies/cupcake-queen-bakery-pos-qatar | /pos-case-studies/farhan-caterers-pos-karachi | /pos-case-studies/implementing-a-pos-system-for-retail-the-laptop-store | /pos-case-studies/implementing-pos-systems-for-medical-euquipment-industry | /pos-case-studies/real-tech-pos-system-karachi | /pos-software-ksa | /pos-software-qatar | /pos-software-uae | /pos-software-usa | /pricing | /privacy-policy | /purchase-orders | /reporting-module | /terms-and-conditions | /vendors-management | /website | /zatca","200","","200","/","true"
"/","/","/ | /about | /apps | /author | /blog/best-free-pos-software-and-system | /blog/best-point-of-sale-system-for-small-business-in-pakistan | /blog/best-pos-system-for-retail | /blog/cloud-pos-software-for-retail-stores | /blog/how-does-pos-machine-work | /blog/pos-reconciliation | /blog/what-is-a-pos-person-meaning-and-responsibilities | /blog/what-is-a-pos-purchase | /blog/what-is-point-of-sale-transaction | /blog/what-is-pos-debit-meaning | /blog/what-is-pos-experience-12-tips-to-satisfy-your-customers | /blog/what-is-pos-skills-understand-pos-skill-meaning | /blog/what-is-pos | /blogs | /cattle-management-software | /contact | /customer-management | /fbr-integrated-pos-pakistan | /features | /industries | /industries/bakery-pos-system | /industries/cafe | /industries/clothing-store | /industries/electric-store | /industries/furniture-store | /industries/jewellery-shop | /industries/manufacturing-industries | /industries/pharmacy-store | /industries/restaurant-pos | /industries/retail-store | /industries/salon-pos | /industries/toys-store | /integration | /inventory-management | /logistics-management-software | /mobile-pos | /order-management | /pos-case-studies | /pos-case-studies/cupcake-queen-bakery-pos-qatar | /pos-case-studies/farhan-caterers-pos-karachi | /pos-case-studies/implementing-a-pos-system-for-retail-the-laptop-store | /pos-case-studies/implementing-pos-systems-for-medical-euquipment-industry | /pos-case-studies/real-tech-pos-system-karachi | /pos-software-ksa | /pos-software-qatar | /pos-software-uae | /pos-software-usa | /pricing | /privacy-policy | /purchase-orders | /reporting-module | /terms-and-conditions | /vendors-management | /website | /zatca","200","","200","/","true"
"/","/","/ | /about | /apps | /author | /blog/best-free-pos-software-and-system | /blog/best-point-of-sale-system-for-small-business-in-pakistan | /blog/best-pos-system-for-retail | /blog/cloud-pos-software-for-retail-stores | /blog/how-does-pos-machine-work | /blog/pos-reconciliation | /blog/what-is-a-pos-person-meaning-and-responsibilities | /blog/what-is-a-pos-purchase | /blog/what-is-point-of-sale-transaction | /blog/what-is-pos-debit-meaning | /blog/what-is-pos-experience-12-tips-to-satisfy-your-customers | /blog/what-is-pos-skills-understand-pos-skill-meaning | /blog/what-is-pos | /blogs | /cattle-management-software | /contact | /customer-management | /fbr-integrated-pos-pakistan | /features | /industries | /industries/bakery-pos-system | /industries/cafe | /industries/clothing-store | /industries/electric-store | /industries/furniture-store | /industries/jewellery-shop | /industries/manufacturing-industries | /industries/pharmacy-store | /industries/restaurant-pos | /industries/retail-store | /industries/salon-pos | /industries/toys-store | /integration | /inventory-management | /logistics-management-software | /mobile-pos | /order-management | /pos-case-studies | /pos-case-studies/cupcake-queen-bakery-pos-qatar | /pos-case-studies/farhan-caterers-pos-karachi | /pos-case-studies/implementing-a-pos-system-for-retail-the-laptop-store | /pos-case-studies/implementing-pos-systems-for-medical-euquipment-industry | /pos-case-studies/real-tech-pos-system-karachi | /pos-software-ksa | /pos-software-qatar | /pos-software-uae | /pos-software-usa | /pricing | /privacy-policy | /purchase-orders | /reporting-module | /terms-and-conditions | /vendors-management | /website | /zatca","200","","200","/","true"
"/blog/what-is-point-of-sale-transaction","/blog/what-is-point-of-sale-transaction/","/blog/best-pos-system-for-retail | /blog/cloud-pos-software-for-retail-stores | /blog/what-is-a-pos-person-meaning-and-responsibilities | /blog/what-is-a-pos-purchase | /blog/what-is-pos-debit-meaning | /blog/what-is-pos-experience-12-tips-to-satisfy-your-customers | /blog/what-is-pos-skills-understand-pos-skill-meaning | /blog/what-is-pos","200","","200","/blog/what-is-point-of-sale-transaction","true"
"/","/","/ | /about | /apps | /author | /blog/best-free-pos-software-and-system | /blog/best-point-of-sale-system-for-small-business-in-pakistan | /blog/best-pos-system-for-retail | /blog/cloud-pos-software-for-retail-stores | /blog/how-does-pos-machine-work | /blog/pos-reconciliation | /blog/what-is-a-pos-person-meaning-and-responsibilities | /blog/what-is-a-pos-purchase | /blog/what-is-point-of-sale-transaction | /blog/what-is-pos-debit-meaning | /blog/what-is-pos-experience-12-tips-to-satisfy-your-customers | /blog/what-is-pos-skills-understand-pos-skill-meaning | /blog/what-is-pos | /blogs | /cattle-management-software | /contact | /customer-management | /fbr-integrated-pos-pakistan | /features | /industries | /industries/bakery-pos-system | /industries/cafe | /industries/clothing-store | /industries/electric-store | /industries/furniture-store | /industries/jewellery-shop | /industries/manufacturing-industries | /industries/pharmacy-store | /industries/restaurant-pos | /industries/retail-store | /industries/salon-pos | /industries/toys-store | /integration | /inventory-management | /logistics-management-software | /mobile-pos | /order-management | /pos-case-studies | /pos-case-studies/cupcake-queen-bakery-pos-qatar | /pos-case-studies/farhan-caterers-pos-karachi | /pos-case-studies/implementing-a-pos-system-for-retail-the-laptop-store | /pos-case-studies/implementing-pos-systems-for-medical-euquipment-industry | /pos-case-studies/real-tech-pos-system-karachi | /pos-software-ksa | /pos-software-qatar | /pos-software-uae | /pos-software-usa | /pricing | /privacy-policy | /purchase-orders | /reporting-module | /terms-and-conditions | /vendors-management | /website | /zatca","200","","200","/","true"
"/","/","/ | /about | /apps | /author | /blog/best-free-pos-software-and-system | /blog/best-point-of-sale-system-for-small-business-in-pakistan | /blog/best-pos-system-for-retail | /blog/cloud-pos-software-for-retail-stores | /blog/how-does-pos-machine-work | /blog/pos-reconciliation | /blog/what-is-a-pos-person-meaning-and-responsibilities | /blog/what-is-a-pos-purchase | /blog/what-is-point-of-sale-transaction | /blog/what-is-pos-debit-meaning | /blog/what-is-pos-experience-12-tips-to-satisfy-your-customers | /blog/what-is-pos-skills-understand-pos-skill-meaning | /blog/what-is-pos | /blogs | /cattle-management-software | /contact | /customer-management | /fbr-integrated-pos-pakistan | /features | /industries | /industries/bakery-pos-system | /industries/cafe | /industries/clothing-store | /industries/electric-store | /industries/furniture-store | /industries/jewellery-shop | /industries/manufacturing-industries | /industries/pharmacy-store | /industries/restaurant-pos | /industries/retail-store | /industries/salon-pos | /industries/toys-store | /integration | /inventory-management | /logistics-management-software | /mobile-pos | /order-management | /pos-case-studies | /pos-case-studies/cupcake-queen-bakery-pos-qatar | /pos-case-studies/farhan-caterers-pos-karachi | /pos-case-studies/implementing-a-pos-system-for-retail-the-laptop-store | /pos-case-studies/implementing-pos-systems-for-medical-euquipment-industry | /pos-case-studies/real-tech-pos-system-karachi | /pos-software-ksa | /pos-software-qatar | /pos-software-uae | /pos-software-usa | /pricing | /privacy-policy | /purchase-orders | /reporting-module | /terms-and-conditions | /vendors-management | /website | /zatca","200","","200","/","true"
"/","/","/ | /about | /apps | /author | /blog/best-free-pos-software-and-system | /blog/best-point-of-sale-system-for-small-business-in-pakistan | /blog/best-pos-system-for-retail | /blog/cloud-pos-software-for-retail-stores | /blog/how-does-pos-machine-work | /blog/pos-reconciliation | /blog/what-is-a-pos-person-meaning-and-responsibilities | /blog/what-is-a-pos-purchase | /blog/what-is-point-of-sale-transaction | /blog/what-is-pos-debit-meaning | /blog/what-is-pos-experience-12-tips-to-satisfy-your-customers | /blog/what-is-pos-skills-understand-pos-skill-meaning | /blog/what-is-pos | /blogs | /cattle-management-software | /contact | /customer-management | /fbr-integrated-pos-pakistan | /features | /industries | /industries/bakery-pos-system | /industries/cafe | /industries/clothing-store | /industries/electric-store | /industries/furniture-store | /industries/jewellery-shop | /industries/manufacturing-industries | /industries/pharmacy-store | /industries/restaurant-pos | /industries/retail-store | /industries/salon-pos | /industries/toys-store | /integration | /inventory-management | /logistics-management-software | /mobile-pos | /order-management | /pos-case-studies | /pos-case-studies/cupcake-queen-bakery-pos-qatar | /pos-case-studies/farhan-caterers-pos-karachi | /pos-case-studies/implementing-a-pos-system-for-retail-the-laptop-store | /pos-case-studies/implementing-pos-systems-for-medical-euquipment-industry | /pos-case-studies/real-tech-pos-system-karachi | /pos-software-ksa | /pos-software-qatar | /pos-software-uae | /pos-software-usa | /pricing | /privacy-policy | /purchase-orders | /reporting-module | /terms-and-conditions | /vendors-management | /website | /zatca","200","","200","/","true"
"/","/","/ | /about | /apps | /author | /blog/best-free-pos-software-and-system | /blog/best-point-of-sale-system-for-small-business-in-pakistan | /blog/best-pos-system-for-retail | /blog/cloud-pos-software-for-retail-stores | /blog/how-does-pos-machine-work | /blog/pos-reconciliation | /blog/what-is-a-pos-person-meaning-and-responsibilities | /blog/what-is-a-pos-purchase | /blog/what-is-point-of-sale-transaction | /blog/what-is-pos-debit-meaning | /blog/what-is-pos-experience-12-tips-to-satisfy-your-customers | /blog/what-is-pos-skills-understand-pos-skill-meaning | /blog/what-is-pos | /blogs | /cattle-management-software | /contact | /customer-management | /fbr-integrated-pos-pakistan | /features | /industries | /industries/bakery-pos-system | /industries/cafe | /industries/clothing-store | /industries/electric-store | /industries/furniture-store | /industries/jewellery-shop | /industries/manufacturing-industries | /industries/pharmacy-store | /industries/restaurant-pos | /industries/retail-store | /industries/salon-pos | /industries/toys-store | /integration | /inventory-management | /logistics-management-software | /mobile-pos | /order-management | /pos-case-studies | /pos-case-studies/cupcake-queen-bakery-pos-qatar | /pos-case-studies/farhan-caterers-pos-karachi | /pos-case-studies/implementing-a-pos-system-for-retail-the-laptop-store | /pos-case-studies/implementing-pos-systems-for-medical-euquipment-industry | /pos-case-studies/real-tech-pos-system-karachi | /pos-software-ksa | /pos-software-qatar | /pos-software-uae | /pos-software-usa | /pricing | /privacy-policy | /purchase-orders | /reporting-module | /terms-and-conditions | /vendors-management | /website | /zatca","200","","200","/","true"
"/","/","/ | /about | /apps | /author | /blog/best-free-pos-software-and-system | /blog/best-point-of-sale-system-for-small-business-in-pakistan | /blog/best-pos-system-for-retail | /blog/cloud-pos-software-for-retail-stores | /blog/how-does-pos-machine-work | /blog/pos-reconciliation | /blog/what-is-a-pos-person-meaning-and-responsibilities | /blog/what-is-a-pos-purchase | /blog/what-is-point-of-sale-transaction | /blog/what-is-pos-debit-meaning | /blog/what-is-pos-experience-12-tips-to-satisfy-your-customers | /blog/what-is-pos-skills-understand-pos-skill-meaning | /blog/what-is-pos | /blogs | /cattle-management-software | /contact | /customer-management | /fbr-integrated-pos-pakistan | /features | /industries | /industries/bakery-pos-system | /industries/cafe | /industries/clothing-store | /industries/electric-store | /industries/furniture-store | /industries/jewellery-shop | /industries/manufacturing-industries | /industries/pharmacy-store | /industries/restaurant-pos | /industries/retail-store | /industries/salon-pos | /industries/toys-store | /integration | /inventory-management | /logistics-management-software | /mobile-pos | /order-management | /pos-case-studies | /pos-case-studies/cupcake-queen-bakery-pos-qatar | /pos-case-studies/farhan-caterers-pos-karachi | /pos-case-studies/implementing-a-pos-system-for-retail-the-laptop-store | /pos-case-studies/implementing-pos-systems-for-medical-euquipment-industry | /pos-case-studies/real-tech-pos-system-karachi | /pos-software-ksa | /pos-software-qatar | /pos-software-uae | /pos-software-usa | /pricing | /privacy-policy | /purchase-orders | /reporting-module | /terms-and-conditions | /vendors-management | /website | /zatca","200","","200","/","true"
"/","/","/ | /about | /apps | /author | /blog/best-free-pos-software-and-system | /blog/best-point-of-sale-system-for-small-business-in-pakistan | /blog/best-pos-system-for-retail | /blog/cloud-pos-software-for-retail-stores | /blog/how-does-pos-machine-work | /blog/pos-reconciliation | /blog/what-is-a-pos-person-meaning-and-responsibilities | /blog/what-is-a-pos-purchase | /blog/what-is-point-of-sale-transaction | /blog/what-is-pos-debit-meaning | /blog/what-is-pos-experience-12-tips-to-satisfy-your-customers | /blog/what-is-pos-skills-understand-pos-skill-meaning | /blog/what-is-pos | /blogs | /cattle-management-software | /contact | /customer-management | /fbr-integrated-pos-pakistan | /features | /industries | /industries/bakery-pos-system | /industries/cafe | /industries/clothing-store | /industries/electric-store | /industries/furniture-store | /industries/jewellery-shop | /industries/manufacturing-industries | /industries/pharmacy-store | /industries/restaurant-pos | /industries/retail-store | /industries/salon-pos | /industries/toys-store | /integration | /inventory-management | /logistics-management-software | /mobile-pos | /order-management | /pos-case-studies | /pos-case-studies/cupcake-queen-bakery-pos-qatar | /pos-case-studies/farhan-caterers-pos-karachi | /pos-case-studies/implementing-a-pos-system-for-retail-the-laptop-store | /pos-case-studies/implementing-pos-systems-for-medical-euquipment-industry | /pos-case-studies/real-tech-pos-system-karachi | /pos-software-ksa | /pos-software-qatar | /pos-software-uae | /pos-software-usa | /pricing | /privacy-policy | /purchase-orders | /reporting-module | /terms-and-conditions | /vendors-management | /website | /zatca","200","","200","/","true"
"/","/","/ | /about | /apps | /author | /blog/best-free-pos-software-and-system | /blog/best-point-of-sale-system-for-small-business-in-pakistan | /blog/best-pos-system-for-retail | /blog/cloud-pos-software-for-retail-stores | /blog/how-does-pos-machine-work | /blog/pos-reconciliation | /blog/what-is-a-pos-person-meaning-and-responsibilities | /blog/what-is-a-pos-purchase | /blog/what-is-point-of-sale-transaction | /blog/what-is-pos-debit-meaning | /blog/what-is-pos-experience-12-tips-to-satisfy-your-customers | /blog/what-is-pos-skills-understand-pos-skill-meaning | /blog/what-is-pos | /blogs | /cattle-management-software | /contact | /customer-management | /fbr-integrated-pos-pakistan | /features | /industries | /industries/bakery-pos-system | /industries/cafe | /industries/clothing-store | /industries/electric-store | /industries/furniture-store | /industries/jewellery-shop | /industries/manufacturing-industries | /industries/pharmacy-store | /industries/restaurant-pos | /industries/retail-store | /industries/salon-pos | /industries/toys-store | /integration | /inventory-management | /logistics-management-software | /mobile-pos | /order-management | /pos-case-studies | /pos-case-studies/cupcake-queen-bakery-pos-qatar | /pos-case-studies/farhan-caterers-pos-karachi | /pos-case-studies/implementing-a-pos-system-for-retail-the-laptop-store | /pos-case-studies/implementing-pos-systems-for-medical-euquipment-industry | /pos-case-studies/real-tech-pos-system-karachi | /pos-software-ksa | /pos-software-qatar | /pos-software-uae | /pos-software-usa | /pricing | /privacy-policy | /purchase-orders | /reporting-module | /terms-and-conditions | /vendors-management | /website | /zatca","200","","200","/","true"
"/","/","/ | /about | /apps | /author | /blog/best-free-pos-software-and-system | /blog/best-point-of-sale-system-for-small-business-in-pakistan | /blog/best-pos-system-for-retail | /blog/cloud-pos-software-for-retail-stores | /blog/how-does-pos-machine-work | /blog/pos-reconciliation | /blog/what-is-a-pos-person-meaning-and-responsibilities | /blog/what-is-a-pos-purchase | /blog/what-is-point-of-sale-transaction | /blog/what-is-pos-debit-meaning | /blog/what-is-pos-experience-12-tips-to-satisfy-your-customers | /blog/what-is-pos-skills-understand-pos-skill-meaning | /blog/what-is-pos | /blogs | /cattle-management-software | /contact | /customer-management | /fbr-integrated-pos-pakistan | /features | /industries | /industries/bakery-pos-system | /industries/cafe | /industries/clothing-store | /industries/electric-store | /industries/furniture-store | /industries/jewellery-shop | /industries/manufacturing-industries | /industries/pharmacy-store | /industries/restaurant-pos | /industries/retail-store | /industries/salon-pos | /industries/toys-store | /integration | /inventory-management | /logistics-management-software | /mobile-pos | /order-management | /pos-case-studies | /pos-case-studies/cupcake-queen-bakery-pos-qatar | /pos-case-studies/farhan-caterers-pos-karachi | /pos-case-studies/implementing-a-pos-system-for-retail-the-laptop-store | /pos-case-studies/implementing-pos-systems-for-medical-euquipment-industry | /pos-case-studies/real-tech-pos-system-karachi | /pos-software-ksa | /pos-software-qatar | /pos-software-uae | /pos-software-usa | /pricing | /privacy-policy | /purchase-orders | /reporting-module | /terms-and-conditions | /vendors-management | /website | /zatca","200","","200","/","true"
"/","/","/ | /about | /apps | /author | /blog/best-free-pos-software-and-system | /blog/best-point-of-sale-system-for-small-business-in-pakistan | /blog/best-pos-system-for-retail | /blog/cloud-pos-software-for-retail-stores | /blog/how-does-pos-machine-work | /blog/pos-reconciliation | /blog/what-is-a-pos-person-meaning-and-responsibilities | /blog/what-is-a-pos-purchase | /blog/what-is-point-of-sale-transaction | /blog/what-is-pos-debit-meaning | /blog/what-is-pos-experience-12-tips-to-satisfy-your-customers | /blog/what-is-pos-skills-understand-pos-skill-meaning | /blog/what-is-pos | /blogs | /cattle-management-software | /contact | /customer-management | /fbr-integrated-pos-pakistan | /features | /industries | /industries/bakery-pos-system | /industries/cafe | /industries/clothing-store | /industries/electric-store | /industries/furniture-store | /industries/jewellery-shop | /industries/manufacturing-industries | /industries/pharmacy-store | /industries/restaurant-pos | /industries/retail-store | /industries/salon-pos | /industries/toys-store | /integration | /inventory-management | /logistics-management-software | /mobile-pos | /order-management | /pos-case-studies | /pos-case-studies/cupcake-queen-bakery-pos-qatar | /pos-case-studies/farhan-caterers-pos-karachi | /pos-case-studies/implementing-a-pos-system-for-retail-the-laptop-store | /pos-case-studies/implementing-pos-systems-for-medical-euquipment-industry | /pos-case-studies/real-tech-pos-system-karachi | /pos-software-ksa | /pos-software-qatar | /pos-software-uae | /pos-software-usa | /pricing | /privacy-policy | /purchase-orders | /reporting-module | /terms-and-conditions | /vendors-management | /website | /zatca","200","","200","/","true"
"/","/","/ | /about | /apps | /author | /blog/best-free-pos-software-and-system | /blog/best-point-of-sale-system-for-small-business-in-pakistan | /blog/best-pos-system-for-retail | /blog/cloud-pos-software-for-retail-stores | /blog/how-does-pos-machine-work | /blog/pos-reconciliation | /blog/what-is-a-pos-person-meaning-and-responsibilities | /blog/what-is-a-pos-purchase | /blog/what-is-point-of-sale-transaction | /blog/what-is-pos-debit-meaning | /blog/what-is-pos-experience-12-tips-to-satisfy-your-customers | /blog/what-is-pos-skills-understand-pos-skill-meaning | /blog/what-is-pos | /blogs | /cattle-management-software | /contact | /customer-management | /fbr-integrated-pos-pakistan | /features | /industries | /industries/bakery-pos-system | /industries/cafe | /industries/clothing-store | /industries/electric-store | /industries/furniture-store | /industries/jewellery-shop | /industries/manufacturing-industries | /industries/pharmacy-store | /industries/restaurant-pos | /industries/retail-store | /industries/salon-pos | /industries/toys-store | /integration | /inventory-management | /logistics-management-software | /mobile-pos | /order-management | /pos-case-studies | /pos-case-studies/cupcake-queen-bakery-pos-qatar | /pos-case-studies/farhan-caterers-pos-karachi | /pos-case-studies/implementing-a-pos-system-for-retail-the-laptop-store | /pos-case-studies/implementing-pos-systems-for-medical-euquipment-industry | /pos-case-studies/real-tech-pos-system-karachi | /pos-software-ksa | /pos-software-qatar | /pos-software-uae | /pos-software-usa | /pricing | /privacy-policy | /purchase-orders | /reporting-module | /terms-and-conditions | /vendors-management | /website | /zatca","200","","200","/","true"
"/","/","/ | /about | /apps | /author | /blog/best-free-pos-software-and-system | /blog/best-point-of-sale-system-for-small-business-in-pakistan | /blog/best-pos-system-for-retail | /blog/cloud-pos-software-for-retail-stores | /blog/how-does-pos-machine-work | /blog/pos-reconciliation | /blog/what-is-a-pos-person-meaning-and-responsibilities | /blog/what-is-a-pos-purchase | /blog/what-is-point-of-sale-transaction | /blog/what-is-pos-debit-meaning | /blog/what-is-pos-experience-12-tips-to-satisfy-your-customers | /blog/what-is-pos-skills-understand-pos-skill-meaning | /blog/what-is-pos | /blogs | /cattle-management-software | /contact | /customer-management | /fbr-integrated-pos-pakistan | /features | /industries | /industries/bakery-pos-system | /industries/cafe | /industries/clothing-store | /industries/electric-store | /industries/furniture-store | /industries/jewellery-shop | /industries/manufacturing-industries | /industries/pharmacy-store | /industries/restaurant-pos | /industries/retail-store | /industries/salon-pos | /industries/toys-store | /integration | /inventory-management | /logistics-management-software | /mobile-pos | /order-management | /pos-case-studies | /pos-case-studies/cupcake-queen-bakery-pos-qatar | /pos-case-studies/farhan-caterers-pos-karachi | /pos-case-studies/implementing-a-pos-system-for-retail-the-laptop-store | /pos-case-studies/implementing-pos-systems-for-medical-euquipment-industry | /pos-case-studies/real-tech-pos-system-karachi | /pos-software-ksa | /pos-software-qatar | /pos-software-uae | /pos-software-usa | /pricing | /privacy-policy | /purchase-orders | /reporting-module | /terms-and-conditions | /vendors-management | /website | /zatca","200","","200","/","true"
"/","/","/ | /about | /apps | /author | /blog/best-free-pos-software-and-system | /blog/best-point-of-sale-system-for-small-business-in-pakistan | /blog/best-pos-system-for-retail | /blog/cloud-pos-software-for-retail-stores | /blog/how-does-pos-machine-work | /blog/pos-reconciliation | /blog/what-is-a-pos-person-meaning-and-responsibilities | /blog/what-is-a-pos-purchase | /blog/what-is-point-of-sale-transaction | /blog/what-is-pos-debit-meaning | /blog/what-is-pos-experience-12-tips-to-satisfy-your-customers | /blog/what-is-pos-skills-understand-pos-skill-meaning | /blog/what-is-pos | /blogs | /cattle-management-software | /contact | /customer-management | /fbr-integrated-pos-pakistan | /features | /industries | /industries/bakery-pos-system | /industries/cafe | /industries/clothing-store | /industries/electric-store | /industries/furniture-store | /industries/jewellery-shop | /industries/manufacturing-industries | /industries/pharmacy-store | /industries/restaurant-pos | /industries/retail-store | /industries/salon-pos | /industries/toys-store | /integration | /inventory-management | /logistics-management-software | /mobile-pos | /order-management | /pos-case-studies | /pos-case-studies/cupcake-queen-bakery-pos-qatar | /pos-case-studies/farhan-caterers-pos-karachi | /pos-case-studies/implementing-a-pos-system-for-retail-the-laptop-store | /pos-case-studies/implementing-pos-systems-for-medical-euquipment-industry | /pos-case-studies/real-tech-pos-system-karachi | /pos-software-ksa | /pos-software-qatar | /pos-software-uae | /pos-software-usa | /pricing | /privacy-policy | /purchase-orders | /reporting-module | /terms-and-conditions | /vendors-management | /website | /zatca","200","","200","/","true"
"/","/","/ | /about | /apps | /author | /blog/best-free-pos-software-and-system | /blog/best-point-of-sale-system-for-small-business-in-pakistan | /blog/best-pos-system-for-retail | /blog/cloud-pos-software-for-retail-stores | /blog/how-does-pos-machine-work | /blog/pos-reconciliation | /blog/what-is-a-pos-person-meaning-and-responsibilities | /blog/what-is-a-pos-purchase | /blog/what-is-point-of-sale-transaction | /blog/what-is-pos-debit-meaning | /blog/what-is-pos-experience-12-tips-to-satisfy-your-customers | /blog/what-is-pos-skills-understand-pos-skill-meaning | /blog/what-is-pos | /blogs | /cattle-management-software | /contact | /customer-management | /fbr-integrated-pos-pakistan | /features | /industries | /industries/bakery-pos-system | /industries/cafe | /industries/clothing-store | /industries/electric-store | /industries/furniture-store | /industries/jewellery-shop | /industries/manufacturing-industries | /industries/pharmacy-store | /industries/restaurant-pos | /industries/retail-store | /industries/salon-pos | /industries/toys-store | /integration | /inventory-management | /logistics-management-software | /mobile-pos | /order-management | /pos-case-studies | /pos-case-studies/cupcake-queen-bakery-pos-qatar | /pos-case-studies/farhan-caterers-pos-karachi | /pos-case-studies/implementing-a-pos-system-for-retail-the-laptop-store | /pos-case-studies/implementing-pos-systems-for-medical-euquipment-industry | /pos-case-studies/real-tech-pos-system-karachi | /pos-software-ksa | /pos-software-qatar | /pos-software-uae | /pos-software-usa | /pricing | /privacy-policy | /purchase-orders | /reporting-module | /terms-and-conditions | /vendors-management | /website | /zatca","200","","200","/","true"
"/","/","/ | /about | /apps | /author | /blog/best-free-pos-software-and-system | /blog/best-point-of-sale-system-for-small-business-in-pakistan | /blog/best-pos-system-for-retail | /blog/cloud-pos-software-for-retail-stores | /blog/how-does-pos-machine-work | /blog/pos-reconciliation | /blog/what-is-a-pos-person-meaning-and-responsibilities | /blog/what-is-a-pos-purchase | /blog/what-is-point-of-sale-transaction | /blog/what-is-pos-debit-meaning | /blog/what-is-pos-experience-12-tips-to-satisfy-your-customers | /blog/what-is-pos-skills-understand-pos-skill-meaning | /blog/what-is-pos | /blogs | /cattle-management-software | /contact | /customer-management | /fbr-integrated-pos-pakistan | /features | /industries | /industries/bakery-pos-system | /industries/cafe | /industries/clothing-store | /industries/electric-store | /industries/furniture-store | /industries/jewellery-shop | /industries/manufacturing-industries | /industries/pharmacy-store | /industries/restaurant-pos | /industries/retail-store | /industries/salon-pos | /industries/toys-store | /integration | /inventory-management | /logistics-management-software | /mobile-pos | /order-management | /pos-case-studies | /pos-case-studies/cupcake-queen-bakery-pos-qatar | /pos-case-studies/farhan-caterers-pos-karachi | /pos-case-studies/implementing-a-pos-system-for-retail-the-laptop-store | /pos-case-studies/implementing-pos-systems-for-medical-euquipment-industry | /pos-case-studies/real-tech-pos-system-karachi | /pos-software-ksa | /pos-software-qatar | /pos-software-uae | /pos-software-usa | /pricing | /privacy-policy | /purchase-orders | /reporting-module | /terms-and-conditions | /vendors-management | /website | /zatca","200","","200","/","true"
"/","/","/ | /about | /apps | /author | /blog/best-free-pos-software-and-system | /blog/best-point-of-sale-system-for-small-business-in-pakistan | /blog/best-pos-system-for-retail | /blog/cloud-pos-software-for-retail-stores | /blog/how-does-pos-machine-work | /blog/pos-reconciliation | /blog/what-is-a-pos-person-meaning-and-responsibilities | /blog/what-is-a-pos-purchase | /blog/what-is-point-of-sale-transaction | /blog/what-is-pos-debit-meaning | /blog/what-is-pos-experience-12-tips-to-satisfy-your-customers | /blog/what-is-pos-skills-understand-pos-skill-meaning | /blog/what-is-pos | /blogs | /cattle-management-software | /contact | /customer-management | /fbr-integrated-pos-pakistan | /features | /industries | /industries/bakery-pos-system | /industries/cafe | /industries/clothing-store | /industries/electric-store | /industries/furniture-store | /industries/jewellery-shop | /industries/manufacturing-industries | /industries/pharmacy-store | /industries/restaurant-pos | /industries/retail-store | /industries/salon-pos | /industries/toys-store | /integration | /inventory-management | /logistics-management-software | /mobile-pos | /order-management | /pos-case-studies | /pos-case-studies/cupcake-queen-bakery-pos-qatar | /pos-case-studies/farhan-caterers-pos-karachi | /pos-case-studies/implementing-a-pos-system-for-retail-the-laptop-store | /pos-case-studies/implementing-pos-systems-for-medical-euquipment-industry | /pos-case-studies/real-tech-pos-system-karachi | /pos-software-ksa | /pos-software-qatar | /pos-software-uae | /pos-software-usa | /pricing | /privacy-policy | /purchase-orders | /reporting-module | /terms-and-conditions | /vendors-management | /website | /zatca","200","","200","/","true"
"/","/","/ | /about | /apps | /author | /blog/best-free-pos-software-and-system | /blog/best-point-of-sale-system-for-small-business-in-pakistan | /blog/best-pos-system-for-retail | /blog/cloud-pos-software-for-retail-stores | /blog/how-does-pos-machine-work | /blog/pos-reconciliation | /blog/what-is-a-pos-person-meaning-and-responsibilities | /blog/what-is-a-pos-purchase | /blog/what-is-point-of-sale-transaction | /blog/what-is-pos-debit-meaning | /blog/what-is-pos-experience-12-tips-to-satisfy-your-customers | /blog/what-is-pos-skills-understand-pos-skill-meaning | /blog/what-is-pos | /blogs | /cattle-management-software | /contact | /customer-management | /fbr-integrated-pos-pakistan | /features | /industries | /industries/bakery-pos-system | /industries/cafe | /industries/clothing-store | /industries/electric-store | /industries/furniture-store | /industries/jewellery-shop | /industries/manufacturing-industries | /industries/pharmacy-store | /industries/restaurant-pos | /industries/retail-store | /industries/salon-pos | /industries/toys-store | /integration | /inventory-management | /logistics-management-software | /mobile-pos | /order-management | /pos-case-studies | /pos-case-studies/cupcake-queen-bakery-pos-qatar | /pos-case-studies/farhan-caterers-pos-karachi | /pos-case-studies/implementing-a-pos-system-for-retail-the-laptop-store | /pos-case-studies/implementing-pos-systems-for-medical-euquipment-industry | /pos-case-studies/real-tech-pos-system-karachi | /pos-software-ksa | /pos-software-qatar | /pos-software-uae | /pos-software-usa | /pricing | /privacy-policy | /purchase-orders | /reporting-module | /terms-and-conditions | /vendors-management | /website | /zatca","200","","200","/","true"
"/","/","/ | /about | /apps | /author | /blog/best-free-pos-software-and-system | /blog/best-point-of-sale-system-for-small-business-in-pakistan | /blog/best-pos-system-for-retail | /blog/cloud-pos-software-for-retail-stores | /blog/how-does-pos-machine-work | /blog/pos-reconciliation | /blog/what-is-a-pos-person-meaning-and-responsibilities | /blog/what-is-a-pos-purchase | /blog/what-is-point-of-sale-transaction | /blog/what-is-pos-debit-meaning | /blog/what-is-pos-experience-12-tips-to-satisfy-your-customers | /blog/what-is-pos-skills-understand-pos-skill-meaning | /blog/what-is-pos | /blogs | /cattle-management-software | /contact | /customer-management | /fbr-integrated-pos-pakistan | /features | /industries | /industries/bakery-pos-system | /industries/cafe | /industries/clothing-store | /industries/electric-store | /industries/furniture-store | /industries/jewellery-shop | /industries/manufacturing-industries | /industries/pharmacy-store | /industries/restaurant-pos | /industries/retail-store | /industries/salon-pos | /industries/toys-store | /integration | /inventory-management | /logistics-management-software | /mobile-pos | /order-management | /pos-case-studies | /pos-case-studies/cupcake-queen-bakery-pos-qatar | /pos-case-studies/farhan-caterers-pos-karachi | /pos-case-studies/implementing-a-pos-system-for-retail-the-laptop-store | /pos-case-studies/implementing-pos-systems-for-medical-euquipment-industry | /pos-case-studies/real-tech-pos-system-karachi | /pos-software-ksa | /pos-software-qatar | /pos-software-uae | /pos-software-usa | /pricing | /privacy-policy | /purchase-orders | /reporting-module | /terms-and-conditions | /vendors-management | /website | /zatca","200","","200","/","true"
"/","/","/ | /about | /apps | /author | /blog/best-free-pos-software-and-system | /blog/best-point-of-sale-system-for-small-business-in-pakistan | /blog/best-pos-system-for-retail | /blog/cloud-pos-software-for-retail-stores | /blog/how-does-pos-machine-work | /blog/pos-reconciliation | /blog/what-is-a-pos-person-meaning-and-responsibilities | /blog/what-is-a-pos-purchase | /blog/what-is-point-of-sale-transaction | /blog/what-is-pos-debit-meaning | /blog/what-is-pos-experience-12-tips-to-satisfy-your-customers | /blog/what-is-pos-skills-understand-pos-skill-meaning | /blog/what-is-pos | /blogs | /cattle-management-software | /contact | /customer-management | /fbr-integrated-pos-pakistan | /features | /industries | /industries/bakery-pos-system | /industries/cafe | /industries/clothing-store | /industries/electric-store | /industries/furniture-store | /industries/jewellery-shop | /industries/manufacturing-industries | /industries/pharmacy-store | /industries/restaurant-pos | /industries/retail-store | /industries/salon-pos | /industries/toys-store | /integration | /inventory-management | /logistics-management-software | /mobile-pos | /order-management | /pos-case-studies | /pos-case-studies/cupcake-queen-bakery-pos-qatar | /pos-case-studies/farhan-caterers-pos-karachi | /pos-case-studies/implementing-a-pos-system-for-retail-the-laptop-store | /pos-case-studies/implementing-pos-systems-for-medical-euquipment-industry | /pos-case-studies/real-tech-pos-system-karachi | /pos-software-ksa | /pos-software-qatar | /pos-software-uae | /pos-software-usa | /pricing | /privacy-policy | /purchase-orders | /reporting-module | /terms-and-conditions | /vendors-management | /website | /zatca","200","","200","/","true"
"/","/","/ | /about | /apps | /author | /blog/best-free-pos-software-and-system | /blog/best-point-of-sale-system-for-small-business-in-pakistan | /blog/best-pos-system-for-retail | /blog/cloud-pos-software-for-retail-stores | /blog/how-does-pos-machine-work | /blog/pos-reconciliation | /blog/what-is-a-pos-person-meaning-and-responsibilities | /blog/what-is-a-pos-purchase | /blog/what-is-point-of-sale-transaction | /blog/what-is-pos-debit-meaning | /blog/what-is-pos-experience-12-tips-to-satisfy-your-customers | /blog/what-is-pos-skills-understand-pos-skill-meaning | /blog/what-is-pos | /blogs | /cattle-management-software | /contact | /customer-management | /fbr-integrated-pos-pakistan | /features | /industries | /industries/bakery-pos-system | /industries/cafe | /industries/clothing-store | /industries/electric-store | /industries/furniture-store | /industries/jewellery-shop | /industries/manufacturing-industries | /industries/pharmacy-store | /industries/restaurant-pos | /industries/retail-store | /industries/salon-pos | /industries/toys-store | /integration | /inventory-management | /logistics-management-software | /mobile-pos | /order-management | /pos-case-studies | /pos-case-studies/cupcake-queen-bakery-pos-qatar | /pos-case-studies/farhan-caterers-pos-karachi | /pos-case-studies/implementing-a-pos-system-for-retail-the-laptop-store | /pos-case-studies/implementing-pos-systems-for-medical-euquipment-industry | /pos-case-studies/real-tech-pos-system-karachi | /pos-software-ksa | /pos-software-qatar | /pos-software-uae | /pos-software-usa | /pricing | /privacy-policy | /purchase-orders | /reporting-module | /terms-and-conditions | /vendors-management | /website | /zatca","200","","200","/","true"
"/","/","/ | /about | /apps | /author | /blog/best-free-pos-software-and-system | /blog/best-point-of-sale-system-for-small-business-in-pakistan | /blog/best-pos-system-for-retail | /blog/cloud-pos-software-for-retail-stores | /blog/how-does-pos-machine-work | /blog/pos-reconciliation | /blog/what-is-a-pos-person-meaning-and-responsibilities | /blog/what-is-a-pos-purchase | /blog/what-is-point-of-sale-transaction | /blog/what-is-pos-debit-meaning | /blog/what-is-pos-experience-12-tips-to-satisfy-your-customers | /blog/what-is-pos-skills-understand-pos-skill-meaning | /blog/what-is-pos | /blogs | /cattle-management-software | /contact | /customer-management | /fbr-integrated-pos-pakistan | /features | /industries | /industries/bakery-pos-system | /industries/cafe | /industries/clothing-store | /industries/electric-store | /industries/furniture-store | /industries/jewellery-shop | /industries/manufacturing-industries | /industries/pharmacy-store | /industries/restaurant-pos | /industries/retail-store | /industries/salon-pos | /industries/toys-store | /integration | /inventory-management | /logistics-management-software | /mobile-pos | /order-management | /pos-case-studies | /pos-case-studies/cupcake-queen-bakery-pos-qatar | /pos-case-studies/farhan-caterers-pos-karachi | /pos-case-studies/implementing-a-pos-system-for-retail-the-laptop-store | /pos-case-studies/implementing-pos-systems-for-medical-euquipment-industry | /pos-case-studies/real-tech-pos-system-karachi | /pos-software-ksa | /pos-software-qatar | /pos-software-uae | /pos-software-usa | /pricing | /privacy-policy | /purchase-orders | /reporting-module | /terms-and-conditions | /vendors-management | /website | /zatca","200","","200","/","true"
"/","/","/ | /about | /apps | /author | /blog/best-free-pos-software-and-system | /blog/best-point-of-sale-system-for-small-business-in-pakistan | /blog/best-pos-system-for-retail | /blog/cloud-pos-software-for-retail-stores | /blog/how-does-pos-machine-work | /blog/pos-reconciliation | /blog/what-is-a-pos-person-meaning-and-responsibilities | /blog/what-is-a-pos-purchase | /blog/what-is-point-of-sale-transaction | /blog/what-is-pos-debit-meaning | /blog/what-is-pos-experience-12-tips-to-satisfy-your-customers | /blog/what-is-pos-skills-understand-pos-skill-meaning | /blog/what-is-pos | /blogs | /cattle-management-software | /contact | /customer-management | /fbr-integrated-pos-pakistan | /features | /industries | /industries/bakery-pos-system | /industries/cafe | /industries/clothing-store | /industries/electric-store | /industries/furniture-store | /industries/jewellery-shop | /industries/manufacturing-industries | /industries/pharmacy-store | /industries/restaurant-pos | /industries/retail-store | /industries/salon-pos | /industries/toys-store | /integration | /inventory-management | /logistics-management-software | /mobile-pos | /order-management | /pos-case-studies | /pos-case-studies/cupcake-queen-bakery-pos-qatar | /pos-case-studies/farhan-caterers-pos-karachi | /pos-case-studies/implementing-a-pos-system-for-retail-the-laptop-store | /pos-case-studies/implementing-pos-systems-for-medical-euquipment-industry | /pos-case-studies/real-tech-pos-system-karachi | /pos-software-ksa | /pos-software-qatar | /pos-software-uae | /pos-software-usa | /pricing | /privacy-policy | /purchase-orders | /reporting-module | /terms-and-conditions | /vendors-management | /website | /zatca","200","","200","/","true"
"/","/","/ | /about | /apps | /author | /blog/best-free-pos-software-and-system | /blog/best-point-of-sale-system-for-small-business-in-pakistan | /blog/best-pos-system-for-retail | /blog/cloud-pos-software-for-retail-stores | /blog/how-does-pos-machine-work | /blog/pos-reconciliation | /blog/what-is-a-pos-person-meaning-and-responsibilities | /blog/what-is-a-pos-purchase | /blog/what-is-point-of-sale-transaction | /blog/what-is-pos-debit-meaning | /blog/what-is-pos-experience-12-tips-to-satisfy-your-customers | /blog/what-is-pos-skills-understand-pos-skill-meaning | /blog/what-is-pos | /blogs | /cattle-management-software | /contact | /customer-management | /fbr-integrated-pos-pakistan | /features | /industries | /industries/bakery-pos-system | /industries/cafe | /industries/clothing-store | /industries/electric-store | /industries/furniture-store | /industries/jewellery-shop | /industries/manufacturing-industries | /industries/pharmacy-store | /industries/restaurant-pos | /industries/retail-store | /industries/salon-pos | /industries/toys-store | /integration | /inventory-management | /logistics-management-software | /mobile-pos | /order-management | /pos-case-studies | /pos-case-studies/cupcake-queen-bakery-pos-qatar | /pos-case-studies/farhan-caterers-pos-karachi | /pos-case-studies/implementing-a-pos-system-for-retail-the-laptop-store | /pos-case-studies/implementing-pos-systems-for-medical-euquipment-industry | /pos-case-studies/real-tech-pos-system-karachi | /pos-software-ksa | /pos-software-qatar | /pos-software-uae | /pos-software-usa | /pricing | /privacy-policy | /purchase-orders | /reporting-module | /terms-and-conditions | /vendors-management | /website | /zatca","200","","200","/","true"
"/","/","/ | /about | /apps | /author | /blog/best-free-pos-software-and-system | /blog/best-point-of-sale-system-for-small-business-in-pakistan | /blog/best-pos-system-for-retail | /blog/cloud-pos-software-for-retail-stores | /blog/how-does-pos-machine-work | /blog/pos-reconciliation | /blog/what-is-a-pos-person-meaning-and-responsibilities | /blog/what-is-a-pos-purchase | /blog/what-is-point-of-sale-transaction | /blog/what-is-pos-debit-meaning | /blog/what-is-pos-experience-12-tips-to-satisfy-your-customers | /blog/what-is-pos-skills-understand-pos-skill-meaning | /blog/what-is-pos | /blogs | /cattle-management-software | /contact | /customer-management | /fbr-integrated-pos-pakistan | /features | /industries | /industries/bakery-pos-system | /industries/cafe | /industries/clothing-store | /industries/electric-store | /industries/furniture-store | /industries/jewellery-shop | /industries/manufacturing-industries | /industries/pharmacy-store | /industries/restaurant-pos | /industries/retail-store | /industries/salon-pos | /industries/toys-store | /integration | /inventory-management | /logistics-management-software | /mobile-pos | /order-management | /pos-case-studies | /pos-case-studies/cupcake-queen-bakery-pos-qatar | /pos-case-studies/farhan-caterers-pos-karachi | /pos-case-studies/implementing-a-pos-system-for-retail-the-laptop-store | /pos-case-studies/implementing-pos-systems-for-medical-euquipment-industry | /pos-case-studies/real-tech-pos-system-karachi | /pos-software-ksa | /pos-software-qatar | /pos-software-uae | /pos-software-usa | /pricing | /privacy-policy | /purchase-orders | /reporting-module | /terms-and-conditions | /vendors-management | /website | /zatca","200","","200","/","true"
"/","/","/ | /about | /apps | /author | /blog/best-free-pos-software-and-system | /blog/best-point-of-sale-system-for-small-business-in-pakistan | /blog/best-pos-system-for-retail | /blog/cloud-pos-software-for-retail-stores | /blog/how-does-pos-machine-work | /blog/pos-reconciliation | /blog/what-is-a-pos-person-meaning-and-responsibilities | /blog/what-is-a-pos-purchase | /blog/what-is-point-of-sale-transaction | /blog/what-is-pos-debit-meaning | /blog/what-is-pos-experience-12-tips-to-satisfy-your-customers | /blog/what-is-pos-skills-understand-pos-skill-meaning | /blog/what-is-pos | /blogs | /cattle-management-software | /contact | /customer-management | /fbr-integrated-pos-pakistan | /features | /industries | /industries/bakery-pos-system | /industries/cafe | /industries/clothing-store | /industries/electric-store | /industries/furniture-store | /industries/jewellery-shop | /industries/manufacturing-industries | /industries/pharmacy-store | /industries/restaurant-pos | /industries/retail-store | /industries/salon-pos | /industries/toys-store | /integration | /inventory-management | /logistics-management-software | /mobile-pos | /order-management | /pos-case-studies | /pos-case-studies/cupcake-queen-bakery-pos-qatar | /pos-case-studies/farhan-caterers-pos-karachi | /pos-case-studies/implementing-a-pos-system-for-retail-the-laptop-store | /pos-case-studies/implementing-pos-systems-for-medical-euquipment-industry | /pos-case-studies/real-tech-pos-system-karachi | /pos-software-ksa | /pos-software-qatar | /pos-software-uae | /pos-software-usa | /pricing | /privacy-policy | /purchase-orders | /reporting-module | /terms-and-conditions | /vendors-management | /website | /zatca","200","","200","/","true"
"/","/","/ | /about | /apps | /author | /blog/best-free-pos-software-and-system | /blog/best-point-of-sale-system-for-small-business-in-pakistan | /blog/best-pos-system-for-retail | /blog/cloud-pos-software-for-retail-stores | /blog/how-does-pos-machine-work | /blog/pos-reconciliation | /blog/what-is-a-pos-person-meaning-and-responsibilities | /blog/what-is-a-pos-purchase | /blog/what-is-point-of-sale-transaction | /blog/what-is-pos-debit-meaning | /blog/what-is-pos-experience-12-tips-to-satisfy-your-customers | /blog/what-is-pos-skills-understand-pos-skill-meaning | /blog/what-is-pos | /blogs | /cattle-management-software | /contact | /customer-management | /fbr-integrated-pos-pakistan | /features | /industries | /industries/bakery-pos-system | /industries/cafe | /industries/clothing-store | /industries/electric-store | /industries/furniture-store | /industries/jewellery-shop | /industries/manufacturing-industries | /industries/pharmacy-store | /industries/restaurant-pos | /industries/retail-store | /industries/salon-pos | /industries/toys-store | /integration | /inventory-management | /logistics-management-software | /mobile-pos | /order-management | /pos-case-studies | /pos-case-studies/cupcake-queen-bakery-pos-qatar | /pos-case-studies/farhan-caterers-pos-karachi | /pos-case-studies/implementing-a-pos-system-for-retail-the-laptop-store | /pos-case-studies/implementing-pos-systems-for-medical-euquipment-industry | /pos-case-studies/real-tech-pos-system-karachi | /pos-software-ksa | /pos-software-qatar | /pos-software-uae | /pos-software-usa | /pricing | /privacy-policy | /purchase-orders | /reporting-module | /terms-and-conditions | /vendors-management | /website | /zatca","200","","200","/","true"
"/","/","/ | /about | /apps | /author | /blog/best-free-pos-software-and-system | /blog/best-point-of-sale-system-for-small-business-in-pakistan | /blog/best-pos-system-for-retail | /blog/cloud-pos-software-for-retail-stores | /blog/how-does-pos-machine-work | /blog/pos-reconciliation | /blog/what-is-a-pos-person-meaning-and-responsibilities | /blog/what-is-a-pos-purchase | /blog/what-is-point-of-sale-transaction | /blog/what-is-pos-debit-meaning | /blog/what-is-pos-experience-12-tips-to-satisfy-your-customers | /blog/what-is-pos-skills-understand-pos-skill-meaning | /blog/what-is-pos | /blogs | /cattle-management-software | /contact | /customer-management | /fbr-integrated-pos-pakistan | /features | /industries | /industries/bakery-pos-system | /industries/cafe | /industries/clothing-store | /industries/electric-store | /industries/furniture-store | /industries/jewellery-shop | /industries/manufacturing-industries | /industries/pharmacy-store | /industries/restaurant-pos | /industries/retail-store | /industries/salon-pos | /industries/toys-store | /integration | /inventory-management | /logistics-management-software | /mobile-pos | /order-management | /pos-case-studies | /pos-case-studies/cupcake-queen-bakery-pos-qatar | /pos-case-studies/farhan-caterers-pos-karachi | /pos-case-studies/implementing-a-pos-system-for-retail-the-laptop-store | /pos-case-studies/implementing-pos-systems-for-medical-euquipment-industry | /pos-case-studies/real-tech-pos-system-karachi | /pos-software-ksa | /pos-software-qatar | /pos-software-uae | /pos-software-usa | /pricing | /privacy-policy | /purchase-orders | /reporting-module | /terms-and-conditions | /vendors-management | /website | /zatca","200","","200","/","true"
"/","/","/ | /about | /apps | /author | /blog/best-free-pos-software-and-system | /blog/best-point-of-sale-system-for-small-business-in-pakistan | /blog/best-pos-system-for-retail | /blog/cloud-pos-software-for-retail-stores | /blog/how-does-pos-machine-work | /blog/pos-reconciliation | /blog/what-is-a-pos-person-meaning-and-responsibilities | /blog/what-is-a-pos-purchase | /blog/what-is-point-of-sale-transaction | /blog/what-is-pos-debit-meaning | /blog/what-is-pos-experience-12-tips-to-satisfy-your-customers | /blog/what-is-pos-skills-understand-pos-skill-meaning | /blog/what-is-pos | /blogs | /cattle-management-software | /contact | /customer-management | /fbr-integrated-pos-pakistan | /features | /industries | /industries/bakery-pos-system | /industries/cafe | /industries/clothing-store | /industries/electric-store | /industries/furniture-store | /industries/jewellery-shop | /industries/manufacturing-industries | /industries/pharmacy-store | /industries/restaurant-pos | /industries/retail-store | /industries/salon-pos | /industries/toys-store | /integration | /inventory-management | /logistics-management-software | /mobile-pos | /order-management | /pos-case-studies | /pos-case-studies/cupcake-queen-bakery-pos-qatar | /pos-case-studies/farhan-caterers-pos-karachi | /pos-case-studies/implementing-a-pos-system-for-retail-the-laptop-store | /pos-case-studies/implementing-pos-systems-for-medical-euquipment-industry | /pos-case-studies/real-tech-pos-system-karachi | /pos-software-ksa | /pos-software-qatar | /pos-software-uae | /pos-software-usa | /pricing | /privacy-policy | /purchase-orders | /reporting-module | /terms-and-conditions | /vendors-management | /website | /zatca","200","","200","/","true"
"/","/","/ | /about | /apps | /author | /blog/best-free-pos-software-and-system | /blog/best-point-of-sale-system-for-small-business-in-pakistan | /blog/best-pos-system-for-retail | /blog/cloud-pos-software-for-retail-stores | /blog/how-does-pos-machine-work | /blog/pos-reconciliation | /blog/what-is-a-pos-person-meaning-and-responsibilities | /blog/what-is-a-pos-purchase | /blog/what-is-point-of-sale-transaction | /blog/what-is-pos-debit-meaning | /blog/what-is-pos-experience-12-tips-to-satisfy-your-customers | /blog/what-is-pos-skills-understand-pos-skill-meaning | /blog/what-is-pos | /blogs | /cattle-management-software | /contact | /customer-management | /fbr-integrated-pos-pakistan | /features | /industries | /industries/bakery-pos-system | /industries/cafe | /industries/clothing-store | /industries/electric-store | /industries/furniture-store | /industries/jewellery-shop | /industries/manufacturing-industries | /industries/pharmacy-store | /industries/restaurant-pos | /industries/retail-store | /industries/salon-pos | /industries/toys-store | /integration | /inventory-management | /logistics-management-software | /mobile-pos | /order-management | /pos-case-studies | /pos-case-studies/cupcake-queen-bakery-pos-qatar | /pos-case-studies/farhan-caterers-pos-karachi | /pos-case-studies/implementing-a-pos-system-for-retail-the-laptop-store | /pos-case-studies/implementing-pos-systems-for-medical-euquipment-industry | /pos-case-studies/real-tech-pos-system-karachi | /pos-software-ksa | /pos-software-qatar | /pos-software-uae | /pos-software-usa | /pricing | /privacy-policy | /purchase-orders | /reporting-module | /terms-and-conditions | /vendors-management | /website | /zatca","200","","200","/","true"
"/","/","/ | /about | /apps | /author | /blog/best-free-pos-software-and-system | /blog/best-point-of-sale-system-for-small-business-in-pakistan | /blog/best-pos-system-for-retail | /blog/cloud-pos-software-for-retail-stores | /blog/how-does-pos-machine-work | /blog/pos-reconciliation | /blog/what-is-a-pos-person-meaning-and-responsibilities | /blog/what-is-a-pos-purchase | /blog/what-is-point-of-sale-transaction | /blog/what-is-pos-debit-meaning | /blog/what-is-pos-experience-12-tips-to-satisfy-your-customers | /blog/what-is-pos-skills-understand-pos-skill-meaning | /blog/what-is-pos | /blogs | /cattle-management-software | /contact | /customer-management | /fbr-integrated-pos-pakistan | /features | /industries | /industries/bakery-pos-system | /industries/cafe | /industries/clothing-store | /industries/electric-store | /industries/furniture-store | /industries/jewellery-shop | /industries/manufacturing-industries | /industries/pharmacy-store | /industries/restaurant-pos | /industries/retail-store | /industries/salon-pos | /industries/toys-store | /integration | /inventory-management | /logistics-management-software | /mobile-pos | /order-management | /pos-case-studies | /pos-case-studies/cupcake-queen-bakery-pos-qatar | /pos-case-studies/farhan-caterers-pos-karachi | /pos-case-studies/implementing-a-pos-system-for-retail-the-laptop-store | /pos-case-studies/implementing-pos-systems-for-medical-euquipment-industry | /pos-case-studies/real-tech-pos-system-karachi | /pos-software-ksa | /pos-software-qatar | /pos-software-uae | /pos-software-usa | /pricing | /privacy-policy | /purchase-orders | /reporting-module | /terms-and-conditions | /vendors-management | /website | /zatca","200","","200","/","true"
"/","/","/ | /about | /apps | /author | /blog/best-free-pos-software-and-system | /blog/best-point-of-sale-system-for-small-business-in-pakistan | /blog/best-pos-system-for-retail | /blog/cloud-pos-software-for-retail-stores | /blog/how-does-pos-machine-work | /blog/pos-reconciliation | /blog/what-is-a-pos-person-meaning-and-responsibilities | /blog/what-is-a-pos-purchase | /blog/what-is-point-of-sale-transaction | /blog/what-is-pos-debit-meaning | /blog/what-is-pos-experience-12-tips-to-satisfy-your-customers | /blog/what-is-pos-skills-understand-pos-skill-meaning | /blog/what-is-pos | /blogs | /cattle-management-software | /contact | /customer-management | /fbr-integrated-pos-pakistan | /features | /industries | /industries/bakery-pos-system | /industries/cafe | /industries/clothing-store | /industries/electric-store | /industries/furniture-store | /industries/jewellery-shop | /industries/manufacturing-industries | /industries/pharmacy-store | /industries/restaurant-pos | /industries/retail-store | /industries/salon-pos | /industries/toys-store | /integration | /inventory-management | /logistics-management-software | /mobile-pos | /order-management | /pos-case-studies | /pos-case-studies/cupcake-queen-bakery-pos-qatar | /pos-case-studies/farhan-caterers-pos-karachi | /pos-case-studies/implementing-a-pos-system-for-retail-the-laptop-store | /pos-case-studies/implementing-pos-systems-for-medical-euquipment-industry | /pos-case-studies/real-tech-pos-system-karachi | /pos-software-ksa | /pos-software-qatar | /pos-software-uae | /pos-software-usa | /pricing | /privacy-policy | /purchase-orders | /reporting-module | /terms-and-conditions | /vendors-management | /website | /zatca","200","","200","/","true"
"/","/","/ | /about | /apps | /author | /blog/best-free-pos-software-and-system | /blog/best-point-of-sale-system-for-small-business-in-pakistan | /blog/best-pos-system-for-retail | /blog/cloud-pos-software-for-retail-stores | /blog/how-does-pos-machine-work | /blog/pos-reconciliation | /blog/what-is-a-pos-person-meaning-and-responsibilities | /blog/what-is-a-pos-purchase | /blog/what-is-point-of-sale-transaction | /blog/what-is-pos-debit-meaning | /blog/what-is-pos-experience-12-tips-to-satisfy-your-customers | /blog/what-is-pos-skills-understand-pos-skill-meaning | /blog/what-is-pos | /blogs | /cattle-management-software | /contact | /customer-management | /fbr-integrated-pos-pakistan | /features | /industries | /industries/bakery-pos-system | /industries/cafe | /industries/clothing-store | /industries/electric-store | /industries/furniture-store | /industries/jewellery-shop | /industries/manufacturing-industries | /industries/pharmacy-store | /industries/restaurant-pos | /industries/retail-store | /industries/salon-pos | /industries/toys-store | /integration | /inventory-management | /logistics-management-software | /mobile-pos | /order-management | /pos-case-studies | /pos-case-studies/cupcake-queen-bakery-pos-qatar | /pos-case-studies/farhan-caterers-pos-karachi | /pos-case-studies/implementing-a-pos-system-for-retail-the-laptop-store | /pos-case-studies/implementing-pos-systems-for-medical-euquipment-industry | /pos-case-studies/real-tech-pos-system-karachi | /pos-software-ksa | /pos-software-qatar | /pos-software-uae | /pos-software-usa | /pricing | /privacy-policy | /purchase-orders | /reporting-module | /terms-and-conditions | /vendors-management | /website | /zatca","200","","200","/","true"
"/","/","/ | /about | /apps | /author | /blog/best-free-pos-software-and-system | /blog/best-point-of-sale-system-for-small-business-in-pakistan | /blog/best-pos-system-for-retail | /blog/cloud-pos-software-for-retail-stores | /blog/how-does-pos-machine-work | /blog/pos-reconciliation | /blog/what-is-a-pos-person-meaning-and-responsibilities | /blog/what-is-a-pos-purchase | /blog/what-is-point-of-sale-transaction | /blog/what-is-pos-debit-meaning | /blog/what-is-pos-experience-12-tips-to-satisfy-your-customers | /blog/what-is-pos-skills-understand-pos-skill-meaning | /blog/what-is-pos | /blogs | /cattle-management-software | /contact | /customer-management | /fbr-integrated-pos-pakistan | /features | /industries | /industries/bakery-pos-system | /industries/cafe | /industries/clothing-store | /industries/electric-store | /industries/furniture-store | /industries/jewellery-shop | /industries/manufacturing-industries | /industries/pharmacy-store | /industries/restaurant-pos | /industries/retail-store | /industries/salon-pos | /industries/toys-store | /integration | /inventory-management | /logistics-management-software | /mobile-pos | /order-management | /pos-case-studies | /pos-case-studies/cupcake-queen-bakery-pos-qatar | /pos-case-studies/farhan-caterers-pos-karachi | /pos-case-studies/implementing-a-pos-system-for-retail-the-laptop-store | /pos-case-studies/implementing-pos-systems-for-medical-euquipment-industry | /pos-case-studies/real-tech-pos-system-karachi | /pos-software-ksa | /pos-software-qatar | /pos-software-uae | /pos-software-usa | /pricing | /privacy-policy | /purchase-orders | /reporting-module | /terms-and-conditions | /vendors-management | /website | /zatca","200","","200","/","true"
"/","/","/ | /about | /apps | /author | /blog/best-free-pos-software-and-system | /blog/best-point-of-sale-system-for-small-business-in-pakistan | /blog/best-pos-system-for-retail | /blog/cloud-pos-software-for-retail-stores | /blog/how-does-pos-machine-work | /blog/pos-reconciliation | /blog/what-is-a-pos-person-meaning-and-responsibilities | /blog/what-is-a-pos-purchase | /blog/what-is-point-of-sale-transaction | /blog/what-is-pos-debit-meaning | /blog/what-is-pos-experience-12-tips-to-satisfy-your-customers | /blog/what-is-pos-skills-understand-pos-skill-meaning | /blog/what-is-pos | /blogs | /cattle-management-software | /contact | /customer-management | /fbr-integrated-pos-pakistan | /features | /industries | /industries/bakery-pos-system | /industries/cafe | /industries/clothing-store | /industries/electric-store | /industries/furniture-store | /industries/jewellery-shop | /industries/manufacturing-industries | /industries/pharmacy-store | /industries/restaurant-pos | /industries/retail-store | /industries/salon-pos | /industries/toys-store | /integration | /inventory-management | /logistics-management-software | /mobile-pos | /order-management | /pos-case-studies | /pos-case-studies/cupcake-queen-bakery-pos-qatar | /pos-case-studies/farhan-caterers-pos-karachi | /pos-case-studies/implementing-a-pos-system-for-retail-the-laptop-store | /pos-case-studies/implementing-pos-systems-for-medical-euquipment-industry | /pos-case-studies/real-tech-pos-system-karachi | /pos-software-ksa | /pos-software-qatar | /pos-software-uae | /pos-software-usa | /pricing | /privacy-policy | /purchase-orders | /reporting-module | /terms-and-conditions | /vendors-management | /website | /zatca","200","","200","/","true"
"/","/","/ | /about | /apps | /author | /blog/best-free-pos-software-and-system | /blog/best-point-of-sale-system-for-small-business-in-pakistan | /blog/best-pos-system-for-retail | /blog/cloud-pos-software-for-retail-stores | /blog/how-does-pos-machine-work | /blog/pos-reconciliation | /blog/what-is-a-pos-person-meaning-and-responsibilities | /blog/what-is-a-pos-purchase | /blog/what-is-point-of-sale-transaction | /blog/what-is-pos-debit-meaning | /blog/what-is-pos-experience-12-tips-to-satisfy-your-customers | /blog/what-is-pos-skills-understand-pos-skill-meaning | /blog/what-is-pos | /blogs | /cattle-management-software | /contact | /customer-management | /fbr-integrated-pos-pakistan | /features | /industries | /industries/bakery-pos-system | /industries/cafe | /industries/clothing-store | /industries/electric-store | /industries/furniture-store | /industries/jewellery-shop | /industries/manufacturing-industries | /industries/pharmacy-store | /industries/restaurant-pos | /industries/retail-store | /industries/salon-pos | /industries/toys-store | /integration | /inventory-management | /logistics-management-software | /mobile-pos | /order-management | /pos-case-studies | /pos-case-studies/cupcake-queen-bakery-pos-qatar | /pos-case-studies/farhan-caterers-pos-karachi | /pos-case-studies/implementing-a-pos-system-for-retail-the-laptop-store | /pos-case-studies/implementing-pos-systems-for-medical-euquipment-industry | /pos-case-studies/real-tech-pos-system-karachi | /pos-software-ksa | /pos-software-qatar | /pos-software-uae | /pos-software-usa | /pricing | /privacy-policy | /purchase-orders | /reporting-module | /terms-and-conditions | /vendors-management | /website | /zatca","200","","200","/","true"
"/","/","/ | /about | /apps | /author | /blog/best-free-pos-software-and-system | /blog/best-point-of-sale-system-for-small-business-in-pakistan | /blog/best-pos-system-for-retail | /blog/cloud-pos-software-for-retail-stores | /blog/how-does-pos-machine-work | /blog/pos-reconciliation | /blog/what-is-a-pos-person-meaning-and-responsibilities | /blog/what-is-a-pos-purchase | /blog/what-is-point-of-sale-transaction | /blog/what-is-pos-debit-meaning | /blog/what-is-pos-experience-12-tips-to-satisfy-your-customers | /blog/what-is-pos-skills-understand-pos-skill-meaning | /blog/what-is-pos | /blogs | /cattle-management-software | /contact | /customer-management | /fbr-integrated-pos-pakistan | /features | /industries | /industries/bakery-pos-system | /industries/cafe | /industries/clothing-store | /industries/electric-store | /industries/furniture-store | /industries/jewellery-shop | /industries/manufacturing-industries | /industries/pharmacy-store | /industries/restaurant-pos | /industries/retail-store | /industries/salon-pos | /industries/toys-store | /integration | /inventory-management | /logistics-management-software | /mobile-pos | /order-management | /pos-case-studies | /pos-case-studies/cupcake-queen-bakery-pos-qatar | /pos-case-studies/farhan-caterers-pos-karachi | /pos-case-studies/implementing-a-pos-system-for-retail-the-laptop-store | /pos-case-studies/implementing-pos-systems-for-medical-euquipment-industry | /pos-case-studies/real-tech-pos-system-karachi | /pos-software-ksa | /pos-software-qatar | /pos-software-uae | /pos-software-usa | /pricing | /privacy-policy | /purchase-orders | /reporting-module | /terms-and-conditions | /vendors-management | /website | /zatca","200","","200","/","true"
"/","/","/ | /about | /apps | /author | /blog/best-free-pos-software-and-system | /blog/best-point-of-sale-system-for-small-business-in-pakistan | /blog/best-pos-system-for-retail | /blog/cloud-pos-software-for-retail-stores | /blog/how-does-pos-machine-work | /blog/pos-reconciliation | /blog/what-is-a-pos-person-meaning-and-responsibilities | /blog/what-is-a-pos-purchase | /blog/what-is-point-of-sale-transaction | /blog/what-is-pos-debit-meaning | /blog/what-is-pos-experience-12-tips-to-satisfy-your-customers | /blog/what-is-pos-skills-understand-pos-skill-meaning | /blog/what-is-pos | /blogs | /cattle-management-software | /contact | /customer-management | /fbr-integrated-pos-pakistan | /features | /industries | /industries/bakery-pos-system | /industries/cafe | /industries/clothing-store | /industries/electric-store | /industries/furniture-store | /industries/jewellery-shop | /industries/manufacturing-industries | /industries/pharmacy-store | /industries/restaurant-pos | /industries/retail-store | /industries/salon-pos | /industries/toys-store | /integration | /inventory-management | /logistics-management-software | /mobile-pos | /order-management | /pos-case-studies | /pos-case-studies/cupcake-queen-bakery-pos-qatar | /pos-case-studies/farhan-caterers-pos-karachi | /pos-case-studies/implementing-a-pos-system-for-retail-the-laptop-store | /pos-case-studies/implementing-pos-systems-for-medical-euquipment-industry | /pos-case-studies/real-tech-pos-system-karachi | /pos-software-ksa | /pos-software-qatar | /pos-software-uae | /pos-software-usa | /pricing | /privacy-policy | /purchase-orders | /reporting-module | /terms-and-conditions | /vendors-management | /website | /zatca","200","","200","/","true"
"/","/","/ | /about | /apps | /author | /blog/best-free-pos-software-and-system | /blog/best-point-of-sale-system-for-small-business-in-pakistan | /blog/best-pos-system-for-retail | /blog/cloud-pos-software-for-retail-stores | /blog/how-does-pos-machine-work | /blog/pos-reconciliation | /blog/what-is-a-pos-person-meaning-and-responsibilities | /blog/what-is-a-pos-purchase | /blog/what-is-point-of-sale-transaction | /blog/what-is-pos-debit-meaning | /blog/what-is-pos-experience-12-tips-to-satisfy-your-customers | /blog/what-is-pos-skills-understand-pos-skill-meaning | /blog/what-is-pos | /blogs | /cattle-management-software | /contact | /customer-management | /fbr-integrated-pos-pakistan | /features | /industries | /industries/bakery-pos-system | /industries/cafe | /industries/clothing-store | /industries/electric-store | /industries/furniture-store | /industries/jewellery-shop | /industries/manufacturing-industries | /industries/pharmacy-store | /industries/restaurant-pos | /industries/retail-store | /industries/salon-pos | /industries/toys-store | /integration | /inventory-management | /logistics-management-software | /mobile-pos | /order-management | /pos-case-studies | /pos-case-studies/cupcake-queen-bakery-pos-qatar | /pos-case-studies/farhan-caterers-pos-karachi | /pos-case-studies/implementing-a-pos-system-for-retail-the-laptop-store | /pos-case-studies/implementing-pos-systems-for-medical-euquipment-industry | /pos-case-studies/real-tech-pos-system-karachi | /pos-software-ksa | /pos-software-qatar | /pos-software-uae | /pos-software-usa | /pricing | /privacy-policy | /purchase-orders | /reporting-module | /terms-and-conditions | /vendors-management | /website | /zatca","200","","200","/","true"
"/","/","/ | /about | /apps | /author | /blog/best-free-pos-software-and-system | /blog/best-point-of-sale-system-for-small-business-in-pakistan | /blog/best-pos-system-for-retail | /blog/cloud-pos-software-for-retail-stores | /blog/how-does-pos-machine-work | /blog/pos-reconciliation | /blog/what-is-a-pos-person-meaning-and-responsibilities | /blog/what-is-a-pos-purchase | /blog/what-is-point-of-sale-transaction | /blog/what-is-pos-debit-meaning | /blog/what-is-pos-experience-12-tips-to-satisfy-your-customers | /blog/what-is-pos-skills-understand-pos-skill-meaning | /blog/what-is-pos | /blogs | /cattle-management-software | /contact | /customer-management | /fbr-integrated-pos-pakistan | /features | /industries | /industries/bakery-pos-system | /industries/cafe | /industries/clothing-store | /industries/electric-store | /industries/furniture-store | /industries/jewellery-shop | /industries/manufacturing-industries | /industries/pharmacy-store | /industries/restaurant-pos | /industries/retail-store | /industries/salon-pos | /industries/toys-store | /integration | /inventory-management | /logistics-management-software | /mobile-pos | /order-management | /pos-case-studies | /pos-case-studies/cupcake-queen-bakery-pos-qatar | /pos-case-studies/farhan-caterers-pos-karachi | /pos-case-studies/implementing-a-pos-system-for-retail-the-laptop-store | /pos-case-studies/implementing-pos-systems-for-medical-euquipment-industry | /pos-case-studies/real-tech-pos-system-karachi | /pos-software-ksa | /pos-software-qatar | /pos-software-uae | /pos-software-usa | /pricing | /privacy-policy | /purchase-orders | /reporting-module | /terms-and-conditions | /vendors-management | /website | /zatca","200","","200","/","true"
"/","/","/ | /about | /apps | /author | /blog/best-free-pos-software-and-system | /blog/best-point-of-sale-system-for-small-business-in-pakistan | /blog/best-pos-system-for-retail | /blog/cloud-pos-software-for-retail-stores | /blog/how-does-pos-machine-work | /blog/pos-reconciliation | /blog/what-is-a-pos-person-meaning-and-responsibilities | /blog/what-is-a-pos-purchase | /blog/what-is-point-of-sale-transaction | /blog/what-is-pos-debit-meaning | /blog/what-is-pos-experience-12-tips-to-satisfy-your-customers | /blog/what-is-pos-skills-understand-pos-skill-meaning | /blog/what-is-pos | /blogs | /cattle-management-software | /contact | /customer-management | /fbr-integrated-pos-pakistan | /features | /industries | /industries/bakery-pos-system | /industries/cafe | /industries/clothing-store | /industries/electric-store | /industries/furniture-store | /industries/jewellery-shop | /industries/manufacturing-industries | /industries/pharmacy-store | /industries/restaurant-pos | /industries/retail-store | /industries/salon-pos | /industries/toys-store | /integration | /inventory-management | /logistics-management-software | /mobile-pos | /order-management | /pos-case-studies | /pos-case-studies/cupcake-queen-bakery-pos-qatar | /pos-case-studies/farhan-caterers-pos-karachi | /pos-case-studies/implementing-a-pos-system-for-retail-the-laptop-store | /pos-case-studies/implementing-pos-systems-for-medical-euquipment-industry | /pos-case-studies/real-tech-pos-system-karachi | /pos-software-ksa | /pos-software-qatar | /pos-software-uae | /pos-software-usa | /pricing | /privacy-policy | /purchase-orders | /reporting-module | /terms-and-conditions | /vendors-management | /website | /zatca","200","","200","/","true"
"/","/","/ | /about | /apps | /author | /blog/best-free-pos-software-and-system | /blog/best-point-of-sale-system-for-small-business-in-pakistan | /blog/best-pos-system-for-retail | /blog/cloud-pos-software-for-retail-stores | /blog/how-does-pos-machine-work | /blog/pos-reconciliation | /blog/what-is-a-pos-person-meaning-and-responsibilities | /blog/what-is-a-pos-purchase | /blog/what-is-point-of-sale-transaction | /blog/what-is-pos-debit-meaning | /blog/what-is-pos-experience-12-tips-to-satisfy-your-customers | /blog/what-is-pos-skills-understand-pos-skill-meaning | /blog/what-is-pos | /blogs | /cattle-management-software | /contact | /customer-management | /fbr-integrated-pos-pakistan | /features | /industries | /industries/bakery-pos-system | /industries/cafe | /industries/clothing-store | /industries/electric-store | /industries/furniture-store | /industries/jewellery-shop | /industries/manufacturing-industries | /industries/pharmacy-store | /industries/restaurant-pos | /industries/retail-store | /industries/salon-pos | /industries/toys-store | /integration | /inventory-management | /logistics-management-software | /mobile-pos | /order-management | /pos-case-studies | /pos-case-studies/cupcake-queen-bakery-pos-qatar | /pos-case-studies/farhan-caterers-pos-karachi | /pos-case-studies/implementing-a-pos-system-for-retail-the-laptop-store | /pos-case-studies/implementing-pos-systems-for-medical-euquipment-industry | /pos-case-studies/real-tech-pos-system-karachi | /pos-software-ksa | /pos-software-qatar | /pos-software-uae | /pos-software-usa | /pricing | /privacy-policy | /purchase-orders | /reporting-module | /terms-and-conditions | /vendors-management | /website | /zatca","200","","200","/","true"
"/","/","/ | /about | /apps | /author | /blog/best-free-pos-software-and-system | /blog/best-point-of-sale-system-for-small-business-in-pakistan | /blog/best-pos-system-for-retail | /blog/cloud-pos-software-for-retail-stores | /blog/how-does-pos-machine-work | /blog/pos-reconciliation | /blog/what-is-a-pos-person-meaning-and-responsibilities | /blog/what-is-a-pos-purchase | /blog/what-is-point-of-sale-transaction | /blog/what-is-pos-debit-meaning | /blog/what-is-pos-experience-12-tips-to-satisfy-your-customers | /blog/what-is-pos-skills-understand-pos-skill-meaning | /blog/what-is-pos | /blogs | /cattle-management-software | /contact | /customer-management | /fbr-integrated-pos-pakistan | /features | /industries | /industries/bakery-pos-system | /industries/cafe | /industries/clothing-store | /industries/electric-store | /industries/furniture-store | /industries/jewellery-shop | /industries/manufacturing-industries | /industries/pharmacy-store | /industries/restaurant-pos | /industries/retail-store | /industries/salon-pos | /industries/toys-store | /integration | /inventory-management | /logistics-management-software | /mobile-pos | /order-management | /pos-case-studies | /pos-case-studies/cupcake-queen-bakery-pos-qatar | /pos-case-studies/farhan-caterers-pos-karachi | /pos-case-studies/implementing-a-pos-system-for-retail-the-laptop-store | /pos-case-studies/implementing-pos-systems-for-medical-euquipment-industry | /pos-case-studies/real-tech-pos-system-karachi | /pos-software-ksa | /pos-software-qatar | /pos-software-uae | /pos-software-usa | /pricing | /privacy-policy | /purchase-orders | /reporting-module | /terms-and-conditions | /vendors-management | /website | /zatca","200","","200","/","true"
"/","/","/ | /about | /apps | /author | /blog/best-free-pos-software-and-system | /blog/best-point-of-sale-system-for-small-business-in-pakistan | /blog/best-pos-system-for-retail | /blog/cloud-pos-software-for-retail-stores | /blog/how-does-pos-machine-work | /blog/pos-reconciliation | /blog/what-is-a-pos-person-meaning-and-responsibilities | /blog/what-is-a-pos-purchase | /blog/what-is-point-of-sale-transaction | /blog/what-is-pos-debit-meaning | /blog/what-is-pos-experience-12-tips-to-satisfy-your-customers | /blog/what-is-pos-skills-understand-pos-skill-meaning | /blog/what-is-pos | /blogs | /cattle-management-software | /contact | /customer-management | /fbr-integrated-pos-pakistan | /features | /industries | /industries/bakery-pos-system | /industries/cafe | /industries/clothing-store | /industries/electric-store | /industries/furniture-store | /industries/jewellery-shop | /industries/manufacturing-industries | /industries/pharmacy-store | /industries/restaurant-pos | /industries/retail-store | /industries/salon-pos | /industries/toys-store | /integration | /inventory-management | /logistics-management-software | /mobile-pos | /order-management | /pos-case-studies | /pos-case-studies/cupcake-queen-bakery-pos-qatar | /pos-case-studies/farhan-caterers-pos-karachi | /pos-case-studies/implementing-a-pos-system-for-retail-the-laptop-store | /pos-case-studies/implementing-pos-systems-for-medical-euquipment-industry | /pos-case-studies/real-tech-pos-system-karachi | /pos-software-ksa | /pos-software-qatar | /pos-software-uae | /pos-software-usa | /pricing | /privacy-policy | /purchase-orders | /reporting-module | /terms-and-conditions | /vendors-management | /website | /zatca","200","","200","/","true"
"/","/","/ | /about | /apps | /author | /blog/best-free-pos-software-and-system | /blog/best-point-of-sale-system-for-small-business-in-pakistan | /blog/best-pos-system-for-retail | /blog/cloud-pos-software-for-retail-stores | /blog/how-does-pos-machine-work | /blog/pos-reconciliation | /blog/what-is-a-pos-person-meaning-and-responsibilities | /blog/what-is-a-pos-purchase | /blog/what-is-point-of-sale-transaction | /blog/what-is-pos-debit-meaning | /blog/what-is-pos-experience-12-tips-to-satisfy-your-customers | /blog/what-is-pos-skills-understand-pos-skill-meaning | /blog/what-is-pos | /blogs | /cattle-management-software | /contact | /customer-management | /fbr-integrated-pos-pakistan | /features | /industries | /industries/bakery-pos-system | /industries/cafe | /industries/clothing-store | /industries/electric-store | /industries/furniture-store | /industries/jewellery-shop | /industries/manufacturing-industries | /industries/pharmacy-store | /industries/restaurant-pos | /industries/retail-store | /industries/salon-pos | /industries/toys-store | /integration | /inventory-management | /logistics-management-software | /mobile-pos | /order-management | /pos-case-studies | /pos-case-studies/cupcake-queen-bakery-pos-qatar | /pos-case-studies/farhan-caterers-pos-karachi | /pos-case-studies/implementing-a-pos-system-for-retail-the-laptop-store | /pos-case-studies/implementing-pos-systems-for-medical-euquipment-industry | /pos-case-studies/real-tech-pos-system-karachi | /pos-software-ksa | /pos-software-qatar | /pos-software-uae | /pos-software-usa | /pricing | /privacy-policy | /purchase-orders | /reporting-module | /terms-and-conditions | /vendors-management | /website | /zatca","200","","200","/","true"
"/","/","/ | /about | /apps | /author | /blog/best-free-pos-software-and-system | /blog/best-point-of-sale-system-for-small-business-in-pakistan | /blog/best-pos-system-for-retail | /blog/cloud-pos-software-for-retail-stores | /blog/how-does-pos-machine-work | /blog/pos-reconciliation | /blog/what-is-a-pos-person-meaning-and-responsibilities | /blog/what-is-a-pos-purchase | /blog/what-is-point-of-sale-transaction | /blog/what-is-pos-debit-meaning | /blog/what-is-pos-experience-12-tips-to-satisfy-your-customers | /blog/what-is-pos-skills-understand-pos-skill-meaning | /blog/what-is-pos | /blogs | /cattle-management-software | /contact | /customer-management | /fbr-integrated-pos-pakistan | /features | /industries | /industries/bakery-pos-system | /industries/cafe | /industries/clothing-store | /industries/electric-store | /industries/furniture-store | /industries/jewellery-shop | /industries/manufacturing-industries | /industries/pharmacy-store | /industries/restaurant-pos | /industries/retail-store | /industries/salon-pos | /industries/toys-store | /integration | /inventory-management | /logistics-management-software | /mobile-pos | /order-management | /pos-case-studies | /pos-case-studies/cupcake-queen-bakery-pos-qatar | /pos-case-studies/farhan-caterers-pos-karachi | /pos-case-studies/implementing-a-pos-system-for-retail-the-laptop-store | /pos-case-studies/implementing-pos-systems-for-medical-euquipment-industry | /pos-case-studies/real-tech-pos-system-karachi | /pos-software-ksa | /pos-software-qatar | /pos-software-uae | /pos-software-usa | /pricing | /privacy-policy | /purchase-orders | /reporting-module | /terms-and-conditions | /vendors-management | /website | /zatca","200","","200","/","true"
"/","/","/ | /about | /apps | /author | /blog/best-free-pos-software-and-system | /blog/best-point-of-sale-system-for-small-business-in-pakistan | /blog/best-pos-system-for-retail | /blog/cloud-pos-software-for-retail-stores | /blog/how-does-pos-machine-work | /blog/pos-reconciliation | /blog/what-is-a-pos-person-meaning-and-responsibilities | /blog/what-is-a-pos-purchase | /blog/what-is-point-of-sale-transaction | /blog/what-is-pos-debit-meaning | /blog/what-is-pos-experience-12-tips-to-satisfy-your-customers | /blog/what-is-pos-skills-understand-pos-skill-meaning | /blog/what-is-pos | /blogs | /cattle-management-software | /contact | /customer-management | /fbr-integrated-pos-pakistan | /features | /industries | /industries/bakery-pos-system | /industries/cafe | /industries/clothing-store | /industries/electric-store | /industries/furniture-store | /industries/jewellery-shop | /industries/manufacturing-industries | /industries/pharmacy-store | /industries/restaurant-pos | /industries/retail-store | /industries/salon-pos | /industries/toys-store | /integration | /inventory-management | /logistics-management-software | /mobile-pos | /order-management | /pos-case-studies | /pos-case-studies/cupcake-queen-bakery-pos-qatar | /pos-case-studies/farhan-caterers-pos-karachi | /pos-case-studies/implementing-a-pos-system-for-retail-the-laptop-store | /pos-case-studies/implementing-pos-systems-for-medical-euquipment-industry | /pos-case-studies/real-tech-pos-system-karachi | /pos-software-ksa | /pos-software-qatar | /pos-software-uae | /pos-software-usa | /pricing | /privacy-policy | /purchase-orders | /reporting-module | /terms-and-conditions | /vendors-management | /website | /zatca","200","","200","/","true"
"/","/","/ | /about | /apps | /author | /blog/best-free-pos-software-and-system | /blog/best-point-of-sale-system-for-small-business-in-pakistan | /blog/best-pos-system-for-retail | /blog/cloud-pos-software-for-retail-stores | /blog/how-does-pos-machine-work | /blog/pos-reconciliation | /blog/what-is-a-pos-person-meaning-and-responsibilities | /blog/what-is-a-pos-purchase | /blog/what-is-point-of-sale-transaction | /blog/what-is-pos-debit-meaning | /blog/what-is-pos-experience-12-tips-to-satisfy-your-customers | /blog/what-is-pos-skills-understand-pos-skill-meaning | /blog/what-is-pos | /blogs | /cattle-management-software | /contact | /customer-management | /fbr-integrated-pos-pakistan | /features | /industries | /industries/bakery-pos-system | /industries/cafe | /industries/clothing-store | /industries/electric-store | /industries/furniture-store | /industries/jewellery-shop | /industries/manufacturing-industries | /industries/pharmacy-store | /industries/restaurant-pos | /industries/retail-store | /industries/salon-pos | /industries/toys-store | /integration | /inventory-management | /logistics-management-software | /mobile-pos | /order-management | /pos-case-studies | /pos-case-studies/cupcake-queen-bakery-pos-qatar | /pos-case-studies/farhan-caterers-pos-karachi | /pos-case-studies/implementing-a-pos-system-for-retail-the-laptop-store | /pos-case-studies/implementing-pos-systems-for-medical-euquipment-industry | /pos-case-studies/real-tech-pos-system-karachi | /pos-software-ksa | /pos-software-qatar | /pos-software-uae | /pos-software-usa | /pricing | /privacy-policy | /purchase-orders | /reporting-module | /terms-and-conditions | /vendors-management | /website | /zatca","200","","200","/","true"
"/","/","/ | /about | /apps | /author | /blog/best-free-pos-software-and-system | /blog/best-point-of-sale-system-for-small-business-in-pakistan | /blog/best-pos-system-for-retail | /blog/cloud-pos-software-for-retail-stores | /blog/how-does-pos-machine-work | /blog/pos-reconciliation | /blog/what-is-a-pos-person-meaning-and-responsibilities | /blog/what-is-a-pos-purchase | /blog/what-is-point-of-sale-transaction | /blog/what-is-pos-debit-meaning | /blog/what-is-pos-experience-12-tips-to-satisfy-your-customers | /blog/what-is-pos-skills-understand-pos-skill-meaning | /blog/what-is-pos | /blogs | /cattle-management-software | /contact | /customer-management | /fbr-integrated-pos-pakistan | /features | /industries | /industries/bakery-pos-system | /industries/cafe | /industries/clothing-store | /industries/electric-store | /industries/furniture-store | /industries/jewellery-shop | /industries/manufacturing-industries | /industries/pharmacy-store | /industries/restaurant-pos | /industries/retail-store | /industries/salon-pos | /industries/toys-store | /integration | /inventory-management | /logistics-management-software | /mobile-pos | /order-management | /pos-case-studies | /pos-case-studies/cupcake-queen-bakery-pos-qatar | /pos-case-studies/farhan-caterers-pos-karachi | /pos-case-studies/implementing-a-pos-system-for-retail-the-laptop-store | /pos-case-studies/implementing-pos-systems-for-medical-euquipment-industry | /pos-case-studies/real-tech-pos-system-karachi | /pos-software-ksa | /pos-software-qatar | /pos-software-uae | /pos-software-usa | /pricing | /privacy-policy | /purchase-orders | /reporting-module | /terms-and-conditions | /vendors-management | /website | /zatca","200","","200","/","true"
"/","/","/ | /about | /apps | /author | /blog/best-free-pos-software-and-system | /blog/best-point-of-sale-system-for-small-business-in-pakistan | /blog/best-pos-system-for-retail | /blog/cloud-pos-software-for-retail-stores | /blog/how-does-pos-machine-work | /blog/pos-reconciliation | /blog/what-is-a-pos-person-meaning-and-responsibilities | /blog/what-is-a-pos-purchase | /blog/what-is-point-of-sale-transaction | /blog/what-is-pos-debit-meaning | /blog/what-is-pos-experience-12-tips-to-satisfy-your-customers | /blog/what-is-pos-skills-understand-pos-skill-meaning | /blog/what-is-pos | /blogs | /cattle-management-software | /contact | /customer-management | /fbr-integrated-pos-pakistan | /features | /industries | /industries/bakery-pos-system | /industries/cafe | /industries/clothing-store | /industries/electric-store | /industries/furniture-store | /industries/jewellery-shop | /industries/manufacturing-industries | /industries/pharmacy-store | /industries/restaurant-pos | /industries/retail-store | /industries/salon-pos | /industries/toys-store | /integration | /inventory-management | /logistics-management-software | /mobile-pos | /order-management | /pos-case-studies | /pos-case-studies/cupcake-queen-bakery-pos-qatar | /pos-case-studies/farhan-caterers-pos-karachi | /pos-case-studies/implementing-a-pos-system-for-retail-the-laptop-store | /pos-case-studies/implementing-pos-systems-for-medical-euquipment-industry | /pos-case-studies/real-tech-pos-system-karachi | /pos-software-ksa | /pos-software-qatar | /pos-software-uae | /pos-software-usa | /pricing | /privacy-policy | /purchase-orders | /reporting-module | /terms-and-conditions | /vendors-management | /website | /zatca","200","","200","/","true"
"/","/","/ | /about | /apps | /author | /blog/best-free-pos-software-and-system | /blog/best-point-of-sale-system-for-small-business-in-pakistan | /blog/best-pos-system-for-retail | /blog/cloud-pos-software-for-retail-stores | /blog/how-does-pos-machine-work | /blog/pos-reconciliation | /blog/what-is-a-pos-person-meaning-and-responsibilities | /blog/what-is-a-pos-purchase | /blog/what-is-point-of-sale-transaction | /blog/what-is-pos-debit-meaning | /blog/what-is-pos-experience-12-tips-to-satisfy-your-customers | /blog/what-is-pos-skills-understand-pos-skill-meaning | /blog/what-is-pos | /blogs | /cattle-management-software | /contact | /customer-management | /fbr-integrated-pos-pakistan | /features | /industries | /industries/bakery-pos-system | /industries/cafe | /industries/clothing-store | /industries/electric-store | /industries/furniture-store | /industries/jewellery-shop | /industries/manufacturing-industries | /industries/pharmacy-store | /industries/restaurant-pos | /industries/retail-store | /industries/salon-pos | /industries/toys-store | /integration | /inventory-management | /logistics-management-software | /mobile-pos | /order-management | /pos-case-studies | /pos-case-studies/cupcake-queen-bakery-pos-qatar | /pos-case-studies/farhan-caterers-pos-karachi | /pos-case-studies/implementing-a-pos-system-for-retail-the-laptop-store | /pos-case-studies/implementing-pos-systems-for-medical-euquipment-industry | /pos-case-studies/real-tech-pos-system-karachi | /pos-software-ksa | /pos-software-qatar | /pos-software-uae | /pos-software-usa | /pricing | /privacy-policy | /purchase-orders | /reporting-module | /terms-and-conditions | /vendors-management | /website | /zatca","200","","200","/","true"
"/","/","/ | /about | /apps | /author | /blog/best-free-pos-software-and-system | /blog/best-point-of-sale-system-for-small-business-in-pakistan | /blog/best-pos-system-for-retail | /blog/cloud-pos-software-for-retail-stores | /blog/how-does-pos-machine-work | /blog/pos-reconciliation | /blog/what-is-a-pos-person-meaning-and-responsibilities | /blog/what-is-a-pos-purchase | /blog/what-is-point-of-sale-transaction | /blog/what-is-pos-debit-meaning | /blog/what-is-pos-experience-12-tips-to-satisfy-your-customers | /blog/what-is-pos-skills-understand-pos-skill-meaning | /blog/what-is-pos | /blogs | /cattle-management-software | /contact | /customer-management | /fbr-integrated-pos-pakistan | /features | /industries | /industries/bakery-pos-system | /industries/cafe | /industries/clothing-store | /industries/electric-store | /industries/furniture-store | /industries/jewellery-shop | /industries/manufacturing-industries | /industries/pharmacy-store | /industries/restaurant-pos | /industries/retail-store | /industries/salon-pos | /industries/toys-store | /integration | /inventory-management | /logistics-management-software | /mobile-pos | /order-management | /pos-case-studies | /pos-case-studies/cupcake-queen-bakery-pos-qatar | /pos-case-studies/farhan-caterers-pos-karachi | /pos-case-studies/implementing-a-pos-system-for-retail-the-laptop-store | /pos-case-studies/implementing-pos-systems-for-medical-euquipment-industry | /pos-case-studies/real-tech-pos-system-karachi | /pos-software-ksa | /pos-software-qatar | /pos-software-uae | /pos-software-usa | /pricing | /privacy-policy | /purchase-orders | /reporting-module | /terms-and-conditions | /vendors-management | /website | /zatca","200","","200","/","true"
"/","/","/ | /about | /apps | /author | /blog/best-free-pos-software-and-system | /blog/best-point-of-sale-system-for-small-business-in-pakistan | /blog/best-pos-system-for-retail | /blog/cloud-pos-software-for-retail-stores | /blog/how-does-pos-machine-work | /blog/pos-reconciliation | /blog/what-is-a-pos-person-meaning-and-responsibilities | /blog/what-is-a-pos-purchase | /blog/what-is-point-of-sale-transaction | /blog/what-is-pos-debit-meaning | /blog/what-is-pos-experience-12-tips-to-satisfy-your-customers | /blog/what-is-pos-skills-understand-pos-skill-meaning | /blog/what-is-pos | /blogs | /cattle-management-software | /contact | /customer-management | /fbr-integrated-pos-pakistan | /features | /industries | /industries/bakery-pos-system | /industries/cafe | /industries/clothing-store | /industries/electric-store | /industries/furniture-store | /industries/jewellery-shop | /industries/manufacturing-industries | /industries/pharmacy-store | /industries/restaurant-pos | /industries/retail-store | /industries/salon-pos | /industries/toys-store | /integration | /inventory-management | /logistics-management-software | /mobile-pos | /order-management | /pos-case-studies | /pos-case-studies/cupcake-queen-bakery-pos-qatar | /pos-case-studies/farhan-caterers-pos-karachi | /pos-case-studies/implementing-a-pos-system-for-retail-the-laptop-store | /pos-case-studies/implementing-pos-systems-for-medical-euquipment-industry | /pos-case-studies/real-tech-pos-system-karachi | /pos-software-ksa | /pos-software-qatar | /pos-software-uae | /pos-software-usa | /pricing | /privacy-policy | /purchase-orders | /reporting-module | /terms-and-conditions | /vendors-management | /website | /zatca","200","","200","/","true"
"/","/","/ | /about | /apps | /author | /blog/best-free-pos-software-and-system | /blog/best-point-of-sale-system-for-small-business-in-pakistan | /blog/best-pos-system-for-retail | /blog/cloud-pos-software-for-retail-stores | /blog/how-does-pos-machine-work | /blog/pos-reconciliation | /blog/what-is-a-pos-person-meaning-and-responsibilities | /blog/what-is-a-pos-purchase | /blog/what-is-point-of-sale-transaction | /blog/what-is-pos-debit-meaning | /blog/what-is-pos-experience-12-tips-to-satisfy-your-customers | /blog/what-is-pos-skills-understand-pos-skill-meaning | /blog/what-is-pos | /blogs | /cattle-management-software | /contact | /customer-management | /fbr-integrated-pos-pakistan | /features | /industries | /industries/bakery-pos-system | /industries/cafe | /industries/clothing-store | /industries/electric-store | /industries/furniture-store | /industries/jewellery-shop | /industries/manufacturing-industries | /industries/pharmacy-store | /industries/restaurant-pos | /industries/retail-store | /industries/salon-pos | /industries/toys-store | /integration | /inventory-management | /logistics-management-software | /mobile-pos | /order-management | /pos-case-studies | /pos-case-studies/cupcake-queen-bakery-pos-qatar | /pos-case-studies/farhan-caterers-pos-karachi | /pos-case-studies/implementing-a-pos-system-for-retail-the-laptop-store | /pos-case-studies/implementing-pos-systems-for-medical-euquipment-industry | /pos-case-studies/real-tech-pos-system-karachi | /pos-software-ksa | /pos-software-qatar | /pos-software-uae | /pos-software-usa | /pricing | /privacy-policy | /purchase-orders | /reporting-module | /terms-and-conditions | /vendors-management | /website | /zatca","200","","200","/","true"
"/","/","/ | /about | /apps | /author | /blog/best-free-pos-software-and-system | /blog/best-point-of-sale-system-for-small-business-in-pakistan | /blog/best-pos-system-for-retail | /blog/cloud-pos-software-for-retail-stores | /blog/how-does-pos-machine-work | /blog/pos-reconciliation | /blog/what-is-a-pos-person-meaning-and-responsibilities | /blog/what-is-a-pos-purchase | /blog/what-is-point-of-sale-transaction | /blog/what-is-pos-debit-meaning | /blog/what-is-pos-experience-12-tips-to-satisfy-your-customers | /blog/what-is-pos-skills-understand-pos-skill-meaning | /blog/what-is-pos | /blogs | /cattle-management-software | /contact | /customer-management | /fbr-integrated-pos-pakistan | /features | /industries | /industries/bakery-pos-system | /industries/cafe | /industries/clothing-store | /industries/electric-store | /industries/furniture-store | /industries/jewellery-shop | /industries/manufacturing-industries | /industries/pharmacy-store | /industries/restaurant-pos | /industries/retail-store | /industries/salon-pos | /industries/toys-store | /integration | /inventory-management | /logistics-management-software | /mobile-pos | /order-management | /pos-case-studies | /pos-case-studies/cupcake-queen-bakery-pos-qatar | /pos-case-studies/farhan-caterers-pos-karachi | /pos-case-studies/implementing-a-pos-system-for-retail-the-laptop-store | /pos-case-studies/implementing-pos-systems-for-medical-euquipment-industry | /pos-case-studies/real-tech-pos-system-karachi | /pos-software-ksa | /pos-software-qatar | /pos-software-uae | /pos-software-usa | /pricing | /privacy-policy | /purchase-orders | /reporting-module | /terms-and-conditions | /vendors-management | /website | /zatca","200","","200","/","true"
"/","/","/ | /about | /apps | /author | /blog/best-free-pos-software-and-system | /blog/best-point-of-sale-system-for-small-business-in-pakistan | /blog/best-pos-system-for-retail | /blog/cloud-pos-software-for-retail-stores | /blog/how-does-pos-machine-work | /blog/pos-reconciliation | /blog/what-is-a-pos-person-meaning-and-responsibilities | /blog/what-is-a-pos-purchase | /blog/what-is-point-of-sale-transaction | /blog/what-is-pos-debit-meaning | /blog/what-is-pos-experience-12-tips-to-satisfy-your-customers | /blog/what-is-pos-skills-understand-pos-skill-meaning | /blog/what-is-pos | /blogs | /cattle-management-software | /contact | /customer-management | /fbr-integrated-pos-pakistan | /features | /industries | /industries/bakery-pos-system | /industries/cafe | /industries/clothing-store | /industries/electric-store | /industries/furniture-store | /industries/jewellery-shop | /industries/manufacturing-industries | /industries/pharmacy-store | /industries/restaurant-pos | /industries/retail-store | /industries/salon-pos | /industries/toys-store | /integration | /inventory-management | /logistics-management-software | /mobile-pos | /order-management | /pos-case-studies | /pos-case-studies/cupcake-queen-bakery-pos-qatar | /pos-case-studies/farhan-caterers-pos-karachi | /pos-case-studies/implementing-a-pos-system-for-retail-the-laptop-store | /pos-case-studies/implementing-pos-systems-for-medical-euquipment-industry | /pos-case-studies/real-tech-pos-system-karachi | /pos-software-ksa | /pos-software-qatar | /pos-software-uae | /pos-software-usa | /pricing | /privacy-policy | /purchase-orders | /reporting-module | /terms-and-conditions | /vendors-management | /website | /zatca","200","","200","/","true"
"/","/","/ | /about | /apps | /author | /blog/best-free-pos-software-and-system | /blog/best-point-of-sale-system-for-small-business-in-pakistan | /blog/best-pos-system-for-retail | /blog/cloud-pos-software-for-retail-stores | /blog/how-does-pos-machine-work | /blog/pos-reconciliation | /blog/what-is-a-pos-person-meaning-and-responsibilities | /blog/what-is-a-pos-purchase | /blog/what-is-point-of-sale-transaction | /blog/what-is-pos-debit-meaning | /blog/what-is-pos-experience-12-tips-to-satisfy-your-customers | /blog/what-is-pos-skills-understand-pos-skill-meaning | /blog/what-is-pos | /blogs | /cattle-management-software | /contact | /customer-management | /fbr-integrated-pos-pakistan | /features | /industries | /industries/bakery-pos-system | /industries/cafe | /industries/clothing-store | /industries/electric-store | /industries/furniture-store | /industries/jewellery-shop | /industries/manufacturing-industries | /industries/pharmacy-store | /industries/restaurant-pos | /industries/retail-store | /industries/salon-pos | /industries/toys-store | /integration | /inventory-management | /logistics-management-software | /mobile-pos | /order-management | /pos-case-studies | /pos-case-studies/cupcake-queen-bakery-pos-qatar | /pos-case-studies/farhan-caterers-pos-karachi | /pos-case-studies/implementing-a-pos-system-for-retail-the-laptop-store | /pos-case-studies/implementing-pos-systems-for-medical-euquipment-industry | /pos-case-studies/real-tech-pos-system-karachi | /pos-software-ksa | /pos-software-qatar | /pos-software-uae | /pos-software-usa | /pricing | /privacy-policy | /purchase-orders | /reporting-module | /terms-and-conditions | /vendors-management | /website | /zatca","200","","200","/","true"
"/","/","/ | /about | /apps | /author | /blog/best-free-pos-software-and-system | /blog/best-point-of-sale-system-for-small-business-in-pakistan | /blog/best-pos-system-for-retail | /blog/cloud-pos-software-for-retail-stores | /blog/how-does-pos-machine-work | /blog/pos-reconciliation | /blog/what-is-a-pos-person-meaning-and-responsibilities | /blog/what-is-a-pos-purchase | /blog/what-is-point-of-sale-transaction | /blog/what-is-pos-debit-meaning | /blog/what-is-pos-experience-12-tips-to-satisfy-your-customers | /blog/what-is-pos-skills-understand-pos-skill-meaning | /blog/what-is-pos | /blogs | /cattle-management-software | /contact | /customer-management | /fbr-integrated-pos-pakistan | /features | /industries | /industries/bakery-pos-system | /industries/cafe | /industries/clothing-store | /industries/electric-store | /industries/furniture-store | /industries/jewellery-shop | /industries/manufacturing-industries | /industries/pharmacy-store | /industries/restaurant-pos | /industries/retail-store | /industries/salon-pos | /industries/toys-store | /integration | /inventory-management | /logistics-management-software | /mobile-pos | /order-management | /pos-case-studies | /pos-case-studies/cupcake-queen-bakery-pos-qatar | /pos-case-studies/farhan-caterers-pos-karachi | /pos-case-studies/implementing-a-pos-system-for-retail-the-laptop-store | /pos-case-studies/implementing-pos-systems-for-medical-euquipment-industry | /pos-case-studies/real-tech-pos-system-karachi | /pos-software-ksa | /pos-software-qatar | /pos-software-uae | /pos-software-usa | /pricing | /privacy-policy | /purchase-orders | /reporting-module | /terms-and-conditions | /vendors-management | /website | /zatca","200","","200","/","true"
"/","/","/ | /about | /apps | /author | /blog/best-free-pos-software-and-system | /blog/best-point-of-sale-system-for-small-business-in-pakistan | /blog/best-pos-system-for-retail | /blog/cloud-pos-software-for-retail-stores | /blog/how-does-pos-machine-work | /blog/pos-reconciliation | /blog/what-is-a-pos-person-meaning-and-responsibilities | /blog/what-is-a-pos-purchase | /blog/what-is-point-of-sale-transaction | /blog/what-is-pos-debit-meaning | /blog/what-is-pos-experience-12-tips-to-satisfy-your-customers | /blog/what-is-pos-skills-understand-pos-skill-meaning | /blog/what-is-pos | /blogs | /cattle-management-software | /contact | /customer-management | /fbr-integrated-pos-pakistan | /features | /industries | /industries/bakery-pos-system | /industries/cafe | /industries/clothing-store | /industries/electric-store | /industries/furniture-store | /industries/jewellery-shop | /industries/manufacturing-industries | /industries/pharmacy-store | /industries/restaurant-pos | /industries/retail-store | /industries/salon-pos | /industries/toys-store | /integration | /inventory-management | /logistics-management-software | /mobile-pos | /order-management | /pos-case-studies | /pos-case-studies/cupcake-queen-bakery-pos-qatar | /pos-case-studies/farhan-caterers-pos-karachi | /pos-case-studies/implementing-a-pos-system-for-retail-the-laptop-store | /pos-case-studies/implementing-pos-systems-for-medical-euquipment-industry | /pos-case-studies/real-tech-pos-system-karachi | /pos-software-ksa | /pos-software-qatar | /pos-software-uae | /pos-software-usa | /pricing | /privacy-policy | /purchase-orders | /reporting-module | /terms-and-conditions | /vendors-management | /website | /zatca","200","","200","/","true"
"/","/","/ | /about | /apps | /author | /blog/best-free-pos-software-and-system | /blog/best-point-of-sale-system-for-small-business-in-pakistan | /blog/best-pos-system-for-retail | /blog/cloud-pos-software-for-retail-stores | /blog/how-does-pos-machine-work | /blog/pos-reconciliation | /blog/what-is-a-pos-person-meaning-and-responsibilities | /blog/what-is-a-pos-purchase | /blog/what-is-point-of-sale-transaction | /blog/what-is-pos-debit-meaning | /blog/what-is-pos-experience-12-tips-to-satisfy-your-customers | /blog/what-is-pos-skills-understand-pos-skill-meaning | /blog/what-is-pos | /blogs | /cattle-management-software | /contact | /customer-management | /fbr-integrated-pos-pakistan | /features | /industries | /industries/bakery-pos-system | /industries/cafe | /industries/clothing-store | /industries/electric-store | /industries/furniture-store | /industries/jewellery-shop | /industries/manufacturing-industries | /industries/pharmacy-store | /industries/restaurant-pos | /industries/retail-store | /industries/salon-pos | /industries/toys-store | /integration | /inventory-management | /logistics-management-software | /mobile-pos | /order-management | /pos-case-studies | /pos-case-studies/cupcake-queen-bakery-pos-qatar | /pos-case-studies/farhan-caterers-pos-karachi | /pos-case-studies/implementing-a-pos-system-for-retail-the-laptop-store | /pos-case-studies/implementing-pos-systems-for-medical-euquipment-industry | /pos-case-studies/real-tech-pos-system-karachi | /pos-software-ksa | /pos-software-qatar | /pos-software-uae | /pos-software-usa | /pricing | /privacy-policy | /purchase-orders | /reporting-module | /terms-and-conditions | /vendors-management | /website | /zatca","200","","200","/","true"
"/","/","/ | /about | /apps | /author | /blog/best-free-pos-software-and-system | /blog/best-point-of-sale-system-for-small-business-in-pakistan | /blog/best-pos-system-for-retail | /blog/cloud-pos-software-for-retail-stores | /blog/how-does-pos-machine-work | /blog/pos-reconciliation | /blog/what-is-a-pos-person-meaning-and-responsibilities | /blog/what-is-a-pos-purchase | /blog/what-is-point-of-sale-transaction | /blog/what-is-pos-debit-meaning | /blog/what-is-pos-experience-12-tips-to-satisfy-your-customers | /blog/what-is-pos-skills-understand-pos-skill-meaning | /blog/what-is-pos | /blogs | /cattle-management-software | /contact | /customer-management | /fbr-integrated-pos-pakistan | /features | /industries | /industries/bakery-pos-system | /industries/cafe | /industries/clothing-store | /industries/electric-store | /industries/furniture-store | /industries/jewellery-shop | /industries/manufacturing-industries | /industries/pharmacy-store | /industries/restaurant-pos | /industries/retail-store | /industries/salon-pos | /industries/toys-store | /integration | /inventory-management | /logistics-management-software | /mobile-pos | /order-management | /pos-case-studies | /pos-case-studies/cupcake-queen-bakery-pos-qatar | /pos-case-studies/farhan-caterers-pos-karachi | /pos-case-studies/implementing-a-pos-system-for-retail-the-laptop-store | /pos-case-studies/implementing-pos-systems-for-medical-euquipment-industry | /pos-case-studies/real-tech-pos-system-karachi | /pos-software-ksa | /pos-software-qatar | /pos-software-uae | /pos-software-usa | /pricing | /privacy-policy | /purchase-orders | /reporting-module | /terms-and-conditions | /vendors-management | /website | /zatca","200","","200","/","true"
"/","/","/ | /about | /apps | /author | /blog/best-free-pos-software-and-system | /blog/best-point-of-sale-system-for-small-business-in-pakistan | /blog/best-pos-system-for-retail | /blog/cloud-pos-software-for-retail-stores | /blog/how-does-pos-machine-work | /blog/pos-reconciliation | /blog/what-is-a-pos-person-meaning-and-responsibilities | /blog/what-is-a-pos-purchase | /blog/what-is-point-of-sale-transaction | /blog/what-is-pos-debit-meaning | /blog/what-is-pos-experience-12-tips-to-satisfy-your-customers | /blog/what-is-pos-skills-understand-pos-skill-meaning | /blog/what-is-pos | /blogs | /cattle-management-software | /contact | /customer-management | /fbr-integrated-pos-pakistan | /features | /industries | /industries/bakery-pos-system | /industries/cafe | /industries/clothing-store | /industries/electric-store | /industries/furniture-store | /industries/jewellery-shop | /industries/manufacturing-industries | /industries/pharmacy-store | /industries/restaurant-pos | /industries/retail-store | /industries/salon-pos | /industries/toys-store | /integration | /inventory-management | /logistics-management-software | /mobile-pos | /order-management | /pos-case-studies | /pos-case-studies/cupcake-queen-bakery-pos-qatar | /pos-case-studies/farhan-caterers-pos-karachi | /pos-case-studies/implementing-a-pos-system-for-retail-the-laptop-store | /pos-case-studies/implementing-pos-systems-for-medical-euquipment-industry | /pos-case-studies/real-tech-pos-system-karachi | /pos-software-ksa | /pos-software-qatar | /pos-software-uae | /pos-software-usa | /pricing | /privacy-policy | /purchase-orders | /reporting-module | /terms-and-conditions | /vendors-management | /website | /zatca","200","","200","/","true"
"/","/","/ | /about | /apps | /author | /blog/best-free-pos-software-and-system | /blog/best-point-of-sale-system-for-small-business-in-pakistan | /blog/best-pos-system-for-retail | /blog/cloud-pos-software-for-retail-stores | /blog/how-does-pos-machine-work | /blog/pos-reconciliation | /blog/what-is-a-pos-person-meaning-and-responsibilities | /blog/what-is-a-pos-purchase | /blog/what-is-point-of-sale-transaction | /blog/what-is-pos-debit-meaning | /blog/what-is-pos-experience-12-tips-to-satisfy-your-customers | /blog/what-is-pos-skills-understand-pos-skill-meaning | /blog/what-is-pos | /blogs | /cattle-management-software | /contact | /customer-management | /fbr-integrated-pos-pakistan | /features | /industries | /industries/bakery-pos-system | /industries/cafe | /industries/clothing-store | /industries/electric-store | /industries/furniture-store | /industries/jewellery-shop | /industries/manufacturing-industries | /industries/pharmacy-store | /industries/restaurant-pos | /industries/retail-store | /industries/salon-pos | /industries/toys-store | /integration | /inventory-management | /logistics-management-software | /mobile-pos | /order-management | /pos-case-studies | /pos-case-studies/cupcake-queen-bakery-pos-qatar | /pos-case-studies/farhan-caterers-pos-karachi | /pos-case-studies/implementing-a-pos-system-for-retail-the-laptop-store | /pos-case-studies/implementing-pos-systems-for-medical-euquipment-industry | /pos-case-studies/real-tech-pos-system-karachi | /pos-software-ksa | /pos-software-qatar | /pos-software-uae | /pos-software-usa | /pricing | /privacy-policy | /purchase-orders | /reporting-module | /terms-and-conditions | /vendors-management | /website | /zatca","200","","200","/","true"
"/","/","/ | /about | /apps | /author | /blog/best-free-pos-software-and-system | /blog/best-point-of-sale-system-for-small-business-in-pakistan | /blog/best-pos-system-for-retail | /blog/cloud-pos-software-for-retail-stores | /blog/how-does-pos-machine-work | /blog/pos-reconciliation | /blog/what-is-a-pos-person-meaning-and-responsibilities | /blog/what-is-a-pos-purchase | /blog/what-is-point-of-sale-transaction | /blog/what-is-pos-debit-meaning | /blog/what-is-pos-experience-12-tips-to-satisfy-your-customers | /blog/what-is-pos-skills-understand-pos-skill-meaning | /blog/what-is-pos | /blogs | /cattle-management-software | /contact | /customer-management | /fbr-integrated-pos-pakistan | /features | /industries | /industries/bakery-pos-system | /industries/cafe | /industries/clothing-store | /industries/electric-store | /industries/furniture-store | /industries/jewellery-shop | /industries/manufacturing-industries | /industries/pharmacy-store | /industries/restaurant-pos | /industries/retail-store | /industries/salon-pos | /industries/toys-store | /integration | /inventory-management | /logistics-management-software | /mobile-pos | /order-management | /pos-case-studies | /pos-case-studies/cupcake-queen-bakery-pos-qatar | /pos-case-studies/farhan-caterers-pos-karachi | /pos-case-studies/implementing-a-pos-system-for-retail-the-laptop-store | /pos-case-studies/implementing-pos-systems-for-medical-euquipment-industry | /pos-case-studies/real-tech-pos-system-karachi | /pos-software-ksa | /pos-software-qatar | /pos-software-uae | /pos-software-usa | /pricing | /privacy-policy | /purchase-orders | /reporting-module | /terms-and-conditions | /vendors-management | /website | /zatca","200","","200","/","true"
"/","/","/ | /about | /apps | /author | /blog/best-free-pos-software-and-system | /blog/best-point-of-sale-system-for-small-business-in-pakistan | /blog/best-pos-system-for-retail | /blog/cloud-pos-software-for-retail-stores | /blog/how-does-pos-machine-work | /blog/pos-reconciliation | /blog/what-is-a-pos-person-meaning-and-responsibilities | /blog/what-is-a-pos-purchase | /blog/what-is-point-of-sale-transaction | /blog/what-is-pos-debit-meaning | /blog/what-is-pos-experience-12-tips-to-satisfy-your-customers | /blog/what-is-pos-skills-understand-pos-skill-meaning | /blog/what-is-pos | /blogs | /cattle-management-software | /contact | /customer-management | /fbr-integrated-pos-pakistan | /features | /industries | /industries/bakery-pos-system | /industries/cafe | /industries/clothing-store | /industries/electric-store | /industries/furniture-store | /industries/jewellery-shop | /industries/manufacturing-industries | /industries/pharmacy-store | /industries/restaurant-pos | /industries/retail-store | /industries/salon-pos | /industries/toys-store | /integration | /inventory-management | /logistics-management-software | /mobile-pos | /order-management | /pos-case-studies | /pos-case-studies/cupcake-queen-bakery-pos-qatar | /pos-case-studies/farhan-caterers-pos-karachi | /pos-case-studies/implementing-a-pos-system-for-retail-the-laptop-store | /pos-case-studies/implementing-pos-systems-for-medical-euquipment-industry | /pos-case-studies/real-tech-pos-system-karachi | /pos-software-ksa | /pos-software-qatar | /pos-software-uae | /pos-software-usa | /pricing | /privacy-policy | /purchase-orders | /reporting-module | /terms-and-conditions | /vendors-management | /website | /zatca","200","","200","/","true"
"/","/","/ | /about | /apps | /author | /blog/best-free-pos-software-and-system | /blog/best-point-of-sale-system-for-small-business-in-pakistan | /blog/best-pos-system-for-retail | /blog/cloud-pos-software-for-retail-stores | /blog/how-does-pos-machine-work | /blog/pos-reconciliation | /blog/what-is-a-pos-person-meaning-and-responsibilities | /blog/what-is-a-pos-purchase | /blog/what-is-point-of-sale-transaction | /blog/what-is-pos-debit-meaning | /blog/what-is-pos-experience-12-tips-to-satisfy-your-customers | /blog/what-is-pos-skills-understand-pos-skill-meaning | /blog/what-is-pos | /blogs | /cattle-management-software | /contact | /customer-management | /fbr-integrated-pos-pakistan | /features | /industries | /industries/bakery-pos-system | /industries/cafe | /industries/clothing-store | /industries/electric-store | /industries/furniture-store | /industries/jewellery-shop | /industries/manufacturing-industries | /industries/pharmacy-store | /industries/restaurant-pos | /industries/retail-store | /industries/salon-pos | /industries/toys-store | /integration | /inventory-management | /logistics-management-software | /mobile-pos | /order-management | /pos-case-studies | /pos-case-studies/cupcake-queen-bakery-pos-qatar | /pos-case-studies/farhan-caterers-pos-karachi | /pos-case-studies/implementing-a-pos-system-for-retail-the-laptop-store | /pos-case-studies/implementing-pos-systems-for-medical-euquipment-industry | /pos-case-studies/real-tech-pos-system-karachi | /pos-software-ksa | /pos-software-qatar | /pos-software-uae | /pos-software-usa | /pricing | /privacy-policy | /purchase-orders | /reporting-module | /terms-and-conditions | /vendors-management | /website | /zatca","200","","200","/","true"
"/","/","/ | /about | /apps | /author | /blog/best-free-pos-software-and-system | /blog/best-point-of-sale-system-for-small-business-in-pakistan | /blog/best-pos-system-for-retail | /blog/cloud-pos-software-for-retail-stores | /blog/how-does-pos-machine-work | /blog/pos-reconciliation | /blog/what-is-a-pos-person-meaning-and-responsibilities | /blog/what-is-a-pos-purchase | /blog/what-is-point-of-sale-transaction | /blog/what-is-pos-debit-meaning | /blog/what-is-pos-experience-12-tips-to-satisfy-your-customers | /blog/what-is-pos-skills-understand-pos-skill-meaning | /blog/what-is-pos | /blogs | /cattle-management-software | /contact | /customer-management | /fbr-integrated-pos-pakistan | /features | /industries | /industries/bakery-pos-system | /industries/cafe | /industries/clothing-store | /industries/electric-store | /industries/furniture-store | /industries/jewellery-shop | /industries/manufacturing-industries | /industries/pharmacy-store | /industries/restaurant-pos | /industries/retail-store | /industries/salon-pos | /industries/toys-store | /integration | /inventory-management | /logistics-management-software | /mobile-pos | /order-management | /pos-case-studies | /pos-case-studies/cupcake-queen-bakery-pos-qatar | /pos-case-studies/farhan-caterers-pos-karachi | /pos-case-studies/implementing-a-pos-system-for-retail-the-laptop-store | /pos-case-studies/implementing-pos-systems-for-medical-euquipment-industry | /pos-case-studies/real-tech-pos-system-karachi | /pos-software-ksa | /pos-software-qatar | /pos-software-uae | /pos-software-usa | /pricing | /privacy-policy | /purchase-orders | /reporting-module | /terms-and-conditions | /vendors-management | /website | /zatca","200","","200","/","true"
"/","/","/ | /about | /apps | /author | /blog/best-free-pos-software-and-system | /blog/best-point-of-sale-system-for-small-business-in-pakistan | /blog/best-pos-system-for-retail | /blog/cloud-pos-software-for-retail-stores | /blog/how-does-pos-machine-work | /blog/pos-reconciliation | /blog/what-is-a-pos-person-meaning-and-responsibilities | /blog/what-is-a-pos-purchase | /blog/what-is-point-of-sale-transaction | /blog/what-is-pos-debit-meaning | /blog/what-is-pos-experience-12-tips-to-satisfy-your-customers | /blog/what-is-pos-skills-understand-pos-skill-meaning | /blog/what-is-pos | /blogs | /cattle-management-software | /contact | /customer-management | /fbr-integrated-pos-pakistan | /features | /industries | /industries/bakery-pos-system | /industries/cafe | /industries/clothing-store | /industries/electric-store | /industries/furniture-store | /industries/jewellery-shop | /industries/manufacturing-industries | /industries/pharmacy-store | /industries/restaurant-pos | /industries/retail-store | /industries/salon-pos | /industries/toys-store | /integration | /inventory-management | /logistics-management-software | /mobile-pos | /order-management | /pos-case-studies | /pos-case-studies/cupcake-queen-bakery-pos-qatar | /pos-case-studies/farhan-caterers-pos-karachi | /pos-case-studies/implementing-a-pos-system-for-retail-the-laptop-store | /pos-case-studies/implementing-pos-systems-for-medical-euquipment-industry | /pos-case-studies/real-tech-pos-system-karachi | /pos-software-ksa | /pos-software-qatar | /pos-software-uae | /pos-software-usa | /pricing | /privacy-policy | /purchase-orders | /reporting-module | /terms-and-conditions | /vendors-management | /website | /zatca","200","","200","/","true"
"/","/","/ | /about | /apps | /author | /blog/best-free-pos-software-and-system | /blog/best-point-of-sale-system-for-small-business-in-pakistan | /blog/best-pos-system-for-retail | /blog/cloud-pos-software-for-retail-stores | /blog/how-does-pos-machine-work | /blog/pos-reconciliation | /blog/what-is-a-pos-person-meaning-and-responsibilities | /blog/what-is-a-pos-purchase | /blog/what-is-point-of-sale-transaction | /blog/what-is-pos-debit-meaning | /blog/what-is-pos-experience-12-tips-to-satisfy-your-customers | /blog/what-is-pos-skills-understand-pos-skill-meaning | /blog/what-is-pos | /blogs | /cattle-management-software | /contact | /customer-management | /fbr-integrated-pos-pakistan | /features | /industries | /industries/bakery-pos-system | /industries/cafe | /industries/clothing-store | /industries/electric-store | /industries/furniture-store | /industries/jewellery-shop | /industries/manufacturing-industries | /industries/pharmacy-store | /industries/restaurant-pos | /industries/retail-store | /industries/salon-pos | /industries/toys-store | /integration | /inventory-management | /logistics-management-software | /mobile-pos | /order-management | /pos-case-studies | /pos-case-studies/cupcake-queen-bakery-pos-qatar | /pos-case-studies/farhan-caterers-pos-karachi | /pos-case-studies/implementing-a-pos-system-for-retail-the-laptop-store | /pos-case-studies/implementing-pos-systems-for-medical-euquipment-industry | /pos-case-studies/real-tech-pos-system-karachi | /pos-software-ksa | /pos-software-qatar | /pos-software-uae | /pos-software-usa | /pricing | /privacy-policy | /purchase-orders | /reporting-module | /terms-and-conditions | /vendors-management | /website | /zatca","200","","200","/","true"
"/","/","/ | /about | /apps | /author | /blog/best-free-pos-software-and-system | /blog/best-point-of-sale-system-for-small-business-in-pakistan | /blog/best-pos-system-for-retail | /blog/cloud-pos-software-for-retail-stores | /blog/how-does-pos-machine-work | /blog/pos-reconciliation | /blog/what-is-a-pos-person-meaning-and-responsibilities | /blog/what-is-a-pos-purchase | /blog/what-is-point-of-sale-transaction | /blog/what-is-pos-debit-meaning | /blog/what-is-pos-experience-12-tips-to-satisfy-your-customers | /blog/what-is-pos-skills-understand-pos-skill-meaning | /blog/what-is-pos | /blogs | /cattle-management-software | /contact | /customer-management | /fbr-integrated-pos-pakistan | /features | /industries | /industries/bakery-pos-system | /industries/cafe | /industries/clothing-store | /industries/electric-store | /industries/furniture-store | /industries/jewellery-shop | /industries/manufacturing-industries | /industries/pharmacy-store | /industries/restaurant-pos | /industries/retail-store | /industries/salon-pos | /industries/toys-store | /integration | /inventory-management | /logistics-management-software | /mobile-pos | /order-management | /pos-case-studies | /pos-case-studies/cupcake-queen-bakery-pos-qatar | /pos-case-studies/farhan-caterers-pos-karachi | /pos-case-studies/implementing-a-pos-system-for-retail-the-laptop-store | /pos-case-studies/implementing-pos-systems-for-medical-euquipment-industry | /pos-case-studies/real-tech-pos-system-karachi | /pos-software-ksa | /pos-software-qatar | /pos-software-uae | /pos-software-usa | /pricing | /privacy-policy | /purchase-orders | /reporting-module | /terms-and-conditions | /vendors-management | /website | /zatca","200","","200","/","true"
"/","/","/ | /about | /apps | /author | /blog/best-free-pos-software-and-system | /blog/best-point-of-sale-system-for-small-business-in-pakistan | /blog/best-pos-system-for-retail | /blog/cloud-pos-software-for-retail-stores | /blog/how-does-pos-machine-work | /blog/pos-reconciliation | /blog/what-is-a-pos-person-meaning-and-responsibilities | /blog/what-is-a-pos-purchase | /blog/what-is-point-of-sale-transaction | /blog/what-is-pos-debit-meaning | /blog/what-is-pos-experience-12-tips-to-satisfy-your-customers | /blog/what-is-pos-skills-understand-pos-skill-meaning | /blog/what-is-pos | /blogs | /cattle-management-software | /contact | /customer-management | /fbr-integrated-pos-pakistan | /features | /industries | /industries/bakery-pos-system | /industries/cafe | /industries/clothing-store | /industries/electric-store | /industries/furniture-store | /industries/jewellery-shop | /industries/manufacturing-industries | /industries/pharmacy-store | /industries/restaurant-pos | /industries/retail-store | /industries/salon-pos | /industries/toys-store | /integration | /inventory-management | /logistics-management-software | /mobile-pos | /order-management | /pos-case-studies | /pos-case-studies/cupcake-queen-bakery-pos-qatar | /pos-case-studies/farhan-caterers-pos-karachi | /pos-case-studies/implementing-a-pos-system-for-retail-the-laptop-store | /pos-case-studies/implementing-pos-systems-for-medical-euquipment-industry | /pos-case-studies/real-tech-pos-system-karachi | /pos-software-ksa | /pos-software-qatar | /pos-software-uae | /pos-software-usa | /pricing | /privacy-policy | /purchase-orders | /reporting-module | /terms-and-conditions | /vendors-management | /website | /zatca","200","","200","/","true"
"/","/","/ | /about | /apps | /author | /blog/best-free-pos-software-and-system | /blog/best-point-of-sale-system-for-small-business-in-pakistan | /blog/best-pos-system-for-retail | /blog/cloud-pos-software-for-retail-stores | /blog/how-does-pos-machine-work | /blog/pos-reconciliation | /blog/what-is-a-pos-person-meaning-and-responsibilities | /blog/what-is-a-pos-purchase | /blog/what-is-point-of-sale-transaction | /blog/what-is-pos-debit-meaning | /blog/what-is-pos-experience-12-tips-to-satisfy-your-customers | /blog/what-is-pos-skills-understand-pos-skill-meaning | /blog/what-is-pos | /blogs | /cattle-management-software | /contact | /customer-management | /fbr-integrated-pos-pakistan | /features | /industries | /industries/bakery-pos-system | /industries/cafe | /industries/clothing-store | /industries/electric-store | /industries/furniture-store | /industries/jewellery-shop | /industries/manufacturing-industries | /industries/pharmacy-store | /industries/restaurant-pos | /industries/retail-store | /industries/salon-pos | /industries/toys-store | /integration | /inventory-management | /logistics-management-software | /mobile-pos | /order-management | /pos-case-studies | /pos-case-studies/cupcake-queen-bakery-pos-qatar | /pos-case-studies/farhan-caterers-pos-karachi | /pos-case-studies/implementing-a-pos-system-for-retail-the-laptop-store | /pos-case-studies/implementing-pos-systems-for-medical-euquipment-industry | /pos-case-studies/real-tech-pos-system-karachi | /pos-software-ksa | /pos-software-qatar | /pos-software-uae | /pos-software-usa | /pricing | /privacy-policy | /purchase-orders | /reporting-module | /terms-and-conditions | /vendors-management | /website | /zatca","200","","200","/","true"
"/","/","/ | /about | /apps | /author | /blog/best-free-pos-software-and-system | /blog/best-point-of-sale-system-for-small-business-in-pakistan | /blog/best-pos-system-for-retail | /blog/cloud-pos-software-for-retail-stores | /blog/how-does-pos-machine-work | /blog/pos-reconciliation | /blog/what-is-a-pos-person-meaning-and-responsibilities | /blog/what-is-a-pos-purchase | /blog/what-is-point-of-sale-transaction | /blog/what-is-pos-debit-meaning | /blog/what-is-pos-experience-12-tips-to-satisfy-your-customers | /blog/what-is-pos-skills-understand-pos-skill-meaning | /blog/what-is-pos | /blogs | /cattle-management-software | /contact | /customer-management | /fbr-integrated-pos-pakistan | /features | /industries | /industries/bakery-pos-system | /industries/cafe | /industries/clothing-store | /industries/electric-store | /industries/furniture-store | /industries/jewellery-shop | /industries/manufacturing-industries | /industries/pharmacy-store | /industries/restaurant-pos | /industries/retail-store | /industries/salon-pos | /industries/toys-store | /integration | /inventory-management | /logistics-management-software | /mobile-pos | /order-management | /pos-case-studies | /pos-case-studies/cupcake-queen-bakery-pos-qatar | /pos-case-studies/farhan-caterers-pos-karachi | /pos-case-studies/implementing-a-pos-system-for-retail-the-laptop-store | /pos-case-studies/implementing-pos-systems-for-medical-euquipment-industry | /pos-case-studies/real-tech-pos-system-karachi | /pos-software-ksa | /pos-software-qatar | /pos-software-uae | /pos-software-usa | /pricing | /privacy-policy | /purchase-orders | /reporting-module | /terms-and-conditions | /vendors-management | /website | /zatca","200","","200","/","true"
"/","/","/ | /about | /apps | /author | /blog/best-free-pos-software-and-system | /blog/best-point-of-sale-system-for-small-business-in-pakistan | /blog/best-pos-system-for-retail | /blog/cloud-pos-software-for-retail-stores | /blog/how-does-pos-machine-work | /blog/pos-reconciliation | /blog/what-is-a-pos-person-meaning-and-responsibilities | /blog/what-is-a-pos-purchase | /blog/what-is-point-of-sale-transaction | /blog/what-is-pos-debit-meaning | /blog/what-is-pos-experience-12-tips-to-satisfy-your-customers | /blog/what-is-pos-skills-understand-pos-skill-meaning | /blog/what-is-pos | /blogs | /cattle-management-software | /contact | /customer-management | /fbr-integrated-pos-pakistan | /features | /industries | /industries/bakery-pos-system | /industries/cafe | /industries/clothing-store | /industries/electric-store | /industries/furniture-store | /industries/jewellery-shop | /industries/manufacturing-industries | /industries/pharmacy-store | /industries/restaurant-pos | /industries/retail-store | /industries/salon-pos | /industries/toys-store | /integration | /inventory-management | /logistics-management-software | /mobile-pos | /order-management | /pos-case-studies | /pos-case-studies/cupcake-queen-bakery-pos-qatar | /pos-case-studies/farhan-caterers-pos-karachi | /pos-case-studies/implementing-a-pos-system-for-retail-the-laptop-store | /pos-case-studies/implementing-pos-systems-for-medical-euquipment-industry | /pos-case-studies/real-tech-pos-system-karachi | /pos-software-ksa | /pos-software-qatar | /pos-software-uae | /pos-software-usa | /pricing | /privacy-policy | /purchase-orders | /reporting-module | /terms-and-conditions | /vendors-management | /website | /zatca","200","","200","/","true"
"/","/","/ | /about | /apps | /author | /blog/best-free-pos-software-and-system | /blog/best-point-of-sale-system-for-small-business-in-pakistan | /blog/best-pos-system-for-retail | /blog/cloud-pos-software-for-retail-stores | /blog/how-does-pos-machine-work | /blog/pos-reconciliation | /blog/what-is-a-pos-person-meaning-and-responsibilities | /blog/what-is-a-pos-purchase | /blog/what-is-point-of-sale-transaction | /blog/what-is-pos-debit-meaning | /blog/what-is-pos-experience-12-tips-to-satisfy-your-customers | /blog/what-is-pos-skills-understand-pos-skill-meaning | /blog/what-is-pos | /blogs | /cattle-management-software | /contact | /customer-management | /fbr-integrated-pos-pakistan | /features | /industries | /industries/bakery-pos-system | /industries/cafe | /industries/clothing-store | /industries/electric-store | /industries/furniture-store | /industries/jewellery-shop | /industries/manufacturing-industries | /industries/pharmacy-store | /industries/restaurant-pos | /industries/retail-store | /industries/salon-pos | /industries/toys-store | /integration | /inventory-management | /logistics-management-software | /mobile-pos | /order-management | /pos-case-studies | /pos-case-studies/cupcake-queen-bakery-pos-qatar | /pos-case-studies/farhan-caterers-pos-karachi | /pos-case-studies/implementing-a-pos-system-for-retail-the-laptop-store | /pos-case-studies/implementing-pos-systems-for-medical-euquipment-industry | /pos-case-studies/real-tech-pos-system-karachi | /pos-software-ksa | /pos-software-qatar | /pos-software-uae | /pos-software-usa | /pricing | /privacy-policy | /purchase-orders | /reporting-module | /terms-and-conditions | /vendors-management | /website | /zatca","200","","200","/","true"
"/","/","/ | /about | /apps | /author | /blog/best-free-pos-software-and-system | /blog/best-point-of-sale-system-for-small-business-in-pakistan | /blog/best-pos-system-for-retail | /blog/cloud-pos-software-for-retail-stores | /blog/how-does-pos-machine-work | /blog/pos-reconciliation | /blog/what-is-a-pos-person-meaning-and-responsibilities | /blog/what-is-a-pos-purchase | /blog/what-is-point-of-sale-transaction | /blog/what-is-pos-debit-meaning | /blog/what-is-pos-experience-12-tips-to-satisfy-your-customers | /blog/what-is-pos-skills-understand-pos-skill-meaning | /blog/what-is-pos | /blogs | /cattle-management-software | /contact | /customer-management | /fbr-integrated-pos-pakistan | /features | /industries | /industries/bakery-pos-system | /industries/cafe | /industries/clothing-store | /industries/electric-store | /industries/furniture-store | /industries/jewellery-shop | /industries/manufacturing-industries | /industries/pharmacy-store | /industries/restaurant-pos | /industries/retail-store | /industries/salon-pos | /industries/toys-store | /integration | /inventory-management | /logistics-management-software | /mobile-pos | /order-management | /pos-case-studies | /pos-case-studies/cupcake-queen-bakery-pos-qatar | /pos-case-studies/farhan-caterers-pos-karachi | /pos-case-studies/implementing-a-pos-system-for-retail-the-laptop-store | /pos-case-studies/implementing-pos-systems-for-medical-euquipment-industry | /pos-case-studies/real-tech-pos-system-karachi | /pos-software-ksa | /pos-software-qatar | /pos-software-uae | /pos-software-usa | /pricing | /privacy-policy | /purchase-orders | /reporting-module | /terms-and-conditions | /vendors-management | /website | /zatca","200","","200","/","true"
"/","/","/ | /about | /apps | /author | /blog/best-free-pos-software-and-system | /blog/best-point-of-sale-system-for-small-business-in-pakistan | /blog/best-pos-system-for-retail | /blog/cloud-pos-software-for-retail-stores | /blog/how-does-pos-machine-work | /blog/pos-reconciliation | /blog/what-is-a-pos-person-meaning-and-responsibilities | /blog/what-is-a-pos-purchase | /blog/what-is-point-of-sale-transaction | /blog/what-is-pos-debit-meaning | /blog/what-is-pos-experience-12-tips-to-satisfy-your-customers | /blog/what-is-pos-skills-understand-pos-skill-meaning | /blog/what-is-pos | /blogs | /cattle-management-software | /contact | /customer-management | /fbr-integrated-pos-pakistan | /features | /industries | /industries/bakery-pos-system | /industries/cafe | /industries/clothing-store | /industries/electric-store | /industries/furniture-store | /industries/jewellery-shop | /industries/manufacturing-industries | /industries/pharmacy-store | /industries/restaurant-pos | /industries/retail-store | /industries/salon-pos | /industries/toys-store | /integration | /inventory-management | /logistics-management-software | /mobile-pos | /order-management | /pos-case-studies | /pos-case-studies/cupcake-queen-bakery-pos-qatar | /pos-case-studies/farhan-caterers-pos-karachi | /pos-case-studies/implementing-a-pos-system-for-retail-the-laptop-store | /pos-case-studies/implementing-pos-systems-for-medical-euquipment-industry | /pos-case-studies/real-tech-pos-system-karachi | /pos-software-ksa | /pos-software-qatar | /pos-software-uae | /pos-software-usa | /pricing | /privacy-policy | /purchase-orders | /reporting-module | /terms-and-conditions | /vendors-management | /website | /zatca","200","","200","/","true"
"/","/","/ | /about | /apps | /author | /blog/best-free-pos-software-and-system | /blog/best-point-of-sale-system-for-small-business-in-pakistan | /blog/best-pos-system-for-retail | /blog/cloud-pos-software-for-retail-stores | /blog/how-does-pos-machine-work | /blog/pos-reconciliation | /blog/what-is-a-pos-person-meaning-and-responsibilities | /blog/what-is-a-pos-purchase | /blog/what-is-point-of-sale-transaction | /blog/what-is-pos-debit-meaning | /blog/what-is-pos-experience-12-tips-to-satisfy-your-customers | /blog/what-is-pos-skills-understand-pos-skill-meaning | /blog/what-is-pos | /blogs | /cattle-management-software | /contact | /customer-management | /fbr-integrated-pos-pakistan | /features | /industries | /industries/bakery-pos-system | /industries/cafe | /industries/clothing-store | /industries/electric-store | /industries/furniture-store | /industries/jewellery-shop | /industries/manufacturing-industries | /industries/pharmacy-store | /industries/restaurant-pos | /industries/retail-store | /industries/salon-pos | /industries/toys-store | /integration | /inventory-management | /logistics-management-software | /mobile-pos | /order-management | /pos-case-studies | /pos-case-studies/cupcake-queen-bakery-pos-qatar | /pos-case-studies/farhan-caterers-pos-karachi | /pos-case-studies/implementing-a-pos-system-for-retail-the-laptop-store | /pos-case-studies/implementing-pos-systems-for-medical-euquipment-industry | /pos-case-studies/real-tech-pos-system-karachi | /pos-software-ksa | /pos-software-qatar | /pos-software-uae | /pos-software-usa | /pricing | /privacy-policy | /purchase-orders | /reporting-module | /terms-and-conditions | /vendors-management | /website | /zatca","200","","200","/","true"
"/","/","/ | /about | /apps | /author | /blog/best-free-pos-software-and-system | /blog/best-point-of-sale-system-for-small-business-in-pakistan | /blog/best-pos-system-for-retail | /blog/cloud-pos-software-for-retail-stores | /blog/how-does-pos-machine-work | /blog/pos-reconciliation | /blog/what-is-a-pos-person-meaning-and-responsibilities | /blog/what-is-a-pos-purchase | /blog/what-is-point-of-sale-transaction | /blog/what-is-pos-debit-meaning | /blog/what-is-pos-experience-12-tips-to-satisfy-your-customers | /blog/what-is-pos-skills-understand-pos-skill-meaning | /blog/what-is-pos | /blogs | /cattle-management-software | /contact | /customer-management | /fbr-integrated-pos-pakistan | /features | /industries | /industries/bakery-pos-system | /industries/cafe | /industries/clothing-store | /industries/electric-store | /industries/furniture-store | /industries/jewellery-shop | /industries/manufacturing-industries | /industries/pharmacy-store | /industries/restaurant-pos | /industries/retail-store | /industries/salon-pos | /industries/toys-store | /integration | /inventory-management | /logistics-management-software | /mobile-pos | /order-management | /pos-case-studies | /pos-case-studies/cupcake-queen-bakery-pos-qatar | /pos-case-studies/farhan-caterers-pos-karachi | /pos-case-studies/implementing-a-pos-system-for-retail-the-laptop-store | /pos-case-studies/implementing-pos-systems-for-medical-euquipment-industry | /pos-case-studies/real-tech-pos-system-karachi | /pos-software-ksa | /pos-software-qatar | /pos-software-uae | /pos-software-usa | /pricing | /privacy-policy | /purchase-orders | /reporting-module | /terms-and-conditions | /vendors-management | /website | /zatca","200","","200","/","true"
"/","/","/ | /about | /apps | /author | /blog/best-free-pos-software-and-system | /blog/best-point-of-sale-system-for-small-business-in-pakistan | /blog/best-pos-system-for-retail | /blog/cloud-pos-software-for-retail-stores | /blog/how-does-pos-machine-work | /blog/pos-reconciliation | /blog/what-is-a-pos-person-meaning-and-responsibilities | /blog/what-is-a-pos-purchase | /blog/what-is-point-of-sale-transaction | /blog/what-is-pos-debit-meaning | /blog/what-is-pos-experience-12-tips-to-satisfy-your-customers | /blog/what-is-pos-skills-understand-pos-skill-meaning | /blog/what-is-pos | /blogs | /cattle-management-software | /contact | /customer-management | /fbr-integrated-pos-pakistan | /features | /industries | /industries/bakery-pos-system | /industries/cafe | /industries/clothing-store | /industries/electric-store | /industries/furniture-store | /industries/jewellery-shop | /industries/manufacturing-industries | /industries/pharmacy-store | /industries/restaurant-pos | /industries/retail-store | /industries/salon-pos | /industries/toys-store | /integration | /inventory-management | /logistics-management-software | /mobile-pos | /order-management | /pos-case-studies | /pos-case-studies/cupcake-queen-bakery-pos-qatar | /pos-case-studies/farhan-caterers-pos-karachi | /pos-case-studies/implementing-a-pos-system-for-retail-the-laptop-store | /pos-case-studies/implementing-pos-systems-for-medical-euquipment-industry | /pos-case-studies/real-tech-pos-system-karachi | /pos-software-ksa | /pos-software-qatar | /pos-software-uae | /pos-software-usa | /pricing | /privacy-policy | /purchase-orders | /reporting-module | /terms-and-conditions | /vendors-management | /website | /zatca","200","","200","/","true"
"/","/","/ | /about | /apps | /author | /blog/best-free-pos-software-and-system | /blog/best-point-of-sale-system-for-small-business-in-pakistan | /blog/best-pos-system-for-retail | /blog/cloud-pos-software-for-retail-stores | /blog/how-does-pos-machine-work | /blog/pos-reconciliation | /blog/what-is-a-pos-person-meaning-and-responsibilities | /blog/what-is-a-pos-purchase | /blog/what-is-point-of-sale-transaction | /blog/what-is-pos-debit-meaning | /blog/what-is-pos-experience-12-tips-to-satisfy-your-customers | /blog/what-is-pos-skills-understand-pos-skill-meaning | /blog/what-is-pos | /blogs | /cattle-management-software | /contact | /customer-management | /fbr-integrated-pos-pakistan | /features | /industries | /industries/bakery-pos-system | /industries/cafe | /industries/clothing-store | /industries/electric-store | /industries/furniture-store | /industries/jewellery-shop | /industries/manufacturing-industries | /industries/pharmacy-store | /industries/restaurant-pos | /industries/retail-store | /industries/salon-pos | /industries/toys-store | /integration | /inventory-management | /logistics-management-software | /mobile-pos | /order-management | /pos-case-studies | /pos-case-studies/cupcake-queen-bakery-pos-qatar | /pos-case-studies/farhan-caterers-pos-karachi | /pos-case-studies/implementing-a-pos-system-for-retail-the-laptop-store | /pos-case-studies/implementing-pos-systems-for-medical-euquipment-industry | /pos-case-studies/real-tech-pos-system-karachi | /pos-software-ksa | /pos-software-qatar | /pos-software-uae | /pos-software-usa | /pricing | /privacy-policy | /purchase-orders | /reporting-module | /terms-and-conditions | /vendors-management | /website | /zatca","200","","200","/","true"
"/","/","/ | /about | /apps | /author | /blog/best-free-pos-software-and-system | /blog/best-point-of-sale-system-for-small-business-in-pakistan | /blog/best-pos-system-for-retail | /blog/cloud-pos-software-for-retail-stores | /blog/how-does-pos-machine-work | /blog/pos-reconciliation | /blog/what-is-a-pos-person-meaning-and-responsibilities | /blog/what-is-a-pos-purchase | /blog/what-is-point-of-sale-transaction | /blog/what-is-pos-debit-meaning | /blog/what-is-pos-experience-12-tips-to-satisfy-your-customers | /blog/what-is-pos-skills-understand-pos-skill-meaning | /blog/what-is-pos | /blogs | /cattle-management-software | /contact | /customer-management | /fbr-integrated-pos-pakistan | /features | /industries | /industries/bakery-pos-system | /industries/cafe | /industries/clothing-store | /industries/electric-store | /industries/furniture-store | /industries/jewellery-shop | /industries/manufacturing-industries | /industries/pharmacy-store | /industries/restaurant-pos | /industries/retail-store | /industries/salon-pos | /industries/toys-store | /integration | /inventory-management | /logistics-management-software | /mobile-pos | /order-management | /pos-case-studies | /pos-case-studies/cupcake-queen-bakery-pos-qatar | /pos-case-studies/farhan-caterers-pos-karachi | /pos-case-studies/implementing-a-pos-system-for-retail-the-laptop-store | /pos-case-studies/implementing-pos-systems-for-medical-euquipment-industry | /pos-case-studies/real-tech-pos-system-karachi | /pos-software-ksa | /pos-software-qatar | /pos-software-uae | /pos-software-usa | /pricing | /privacy-policy | /purchase-orders | /reporting-module | /terms-and-conditions | /vendors-management | /website | /zatca","200","","200","/","true"
"/","/","/ | /about | /apps | /author | /blog/best-free-pos-software-and-system | /blog/best-point-of-sale-system-for-small-business-in-pakistan | /blog/best-pos-system-for-retail | /blog/cloud-pos-software-for-retail-stores | /blog/how-does-pos-machine-work | /blog/pos-reconciliation | /blog/what-is-a-pos-person-meaning-and-responsibilities | /blog/what-is-a-pos-purchase | /blog/what-is-point-of-sale-transaction | /blog/what-is-pos-debit-meaning | /blog/what-is-pos-experience-12-tips-to-satisfy-your-customers | /blog/what-is-pos-skills-understand-pos-skill-meaning | /blog/what-is-pos | /blogs | /cattle-management-software | /contact | /customer-management | /fbr-integrated-pos-pakistan | /features | /industries | /industries/bakery-pos-system | /industries/cafe | /industries/clothing-store | /industries/electric-store | /industries/furniture-store | /industries/jewellery-shop | /industries/manufacturing-industries | /industries/pharmacy-store | /industries/restaurant-pos | /industries/retail-store | /industries/salon-pos | /industries/toys-store | /integration | /inventory-management | /logistics-management-software | /mobile-pos | /order-management | /pos-case-studies | /pos-case-studies/cupcake-queen-bakery-pos-qatar | /pos-case-studies/farhan-caterers-pos-karachi | /pos-case-studies/implementing-a-pos-system-for-retail-the-laptop-store | /pos-case-studies/implementing-pos-systems-for-medical-euquipment-industry | /pos-case-studies/real-tech-pos-system-karachi | /pos-software-ksa | /pos-software-qatar | /pos-software-uae | /pos-software-usa | /pricing | /privacy-policy | /purchase-orders | /reporting-module | /terms-and-conditions | /vendors-management | /website | /zatca","200","","200","/","true"
"/","/","/ | /about | /apps | /author | /blog/best-free-pos-software-and-system | /blog/best-point-of-sale-system-for-small-business-in-pakistan | /blog/best-pos-system-for-retail | /blog/cloud-pos-software-for-retail-stores | /blog/how-does-pos-machine-work | /blog/pos-reconciliation | /blog/what-is-a-pos-person-meaning-and-responsibilities | /blog/what-is-a-pos-purchase | /blog/what-is-point-of-sale-transaction | /blog/what-is-pos-debit-meaning | /blog/what-is-pos-experience-12-tips-to-satisfy-your-customers | /blog/what-is-pos-skills-understand-pos-skill-meaning | /blog/what-is-pos | /blogs | /cattle-management-software | /contact | /customer-management | /fbr-integrated-pos-pakistan | /features | /industries | /industries/bakery-pos-system | /industries/cafe | /industries/clothing-store | /industries/electric-store | /industries/furniture-store | /industries/jewellery-shop | /industries/manufacturing-industries | /industries/pharmacy-store | /industries/restaurant-pos | /industries/retail-store | /industries/salon-pos | /industries/toys-store | /integration | /inventory-management | /logistics-management-software | /mobile-pos | /order-management | /pos-case-studies | /pos-case-studies/cupcake-queen-bakery-pos-qatar | /pos-case-studies/farhan-caterers-pos-karachi | /pos-case-studies/implementing-a-pos-system-for-retail-the-laptop-store | /pos-case-studies/implementing-pos-systems-for-medical-euquipment-industry | /pos-case-studies/real-tech-pos-system-karachi | /pos-software-ksa | /pos-software-qatar | /pos-software-uae | /pos-software-usa | /pricing | /privacy-policy | /purchase-orders | /reporting-module | /terms-and-conditions | /vendors-management | /website | /zatca","200","","200","/","true"
"/","/","/ | /about | /apps | /author | /blog/best-free-pos-software-and-system | /blog/best-point-of-sale-system-for-small-business-in-pakistan | /blog/best-pos-system-for-retail | /blog/cloud-pos-software-for-retail-stores | /blog/how-does-pos-machine-work | /blog/pos-reconciliation | /blog/what-is-a-pos-person-meaning-and-responsibilities | /blog/what-is-a-pos-purchase | /blog/what-is-point-of-sale-transaction | /blog/what-is-pos-debit-meaning | /blog/what-is-pos-experience-12-tips-to-satisfy-your-customers | /blog/what-is-pos-skills-understand-pos-skill-meaning | /blog/what-is-pos | /blogs | /cattle-management-software | /contact | /customer-management | /fbr-integrated-pos-pakistan | /features | /industries | /industries/bakery-pos-system | /industries/cafe | /industries/clothing-store | /industries/electric-store | /industries/furniture-store | /industries/jewellery-shop | /industries/manufacturing-industries | /industries/pharmacy-store | /industries/restaurant-pos | /industries/retail-store | /industries/salon-pos | /industries/toys-store | /integration | /inventory-management | /logistics-management-software | /mobile-pos | /order-management | /pos-case-studies | /pos-case-studies/cupcake-queen-bakery-pos-qatar | /pos-case-studies/farhan-caterers-pos-karachi | /pos-case-studies/implementing-a-pos-system-for-retail-the-laptop-store | /pos-case-studies/implementing-pos-systems-for-medical-euquipment-industry | /pos-case-studies/real-tech-pos-system-karachi | /pos-software-ksa | /pos-software-qatar | /pos-software-uae | /pos-software-usa | /pricing | /privacy-policy | /purchase-orders | /reporting-module | /terms-and-conditions | /vendors-management | /website | /zatca","200","","200","/","true"
"/","/","/ | /about | /apps | /author | /blog/best-free-pos-software-and-system | /blog/best-point-of-sale-system-for-small-business-in-pakistan | /blog/best-pos-system-for-retail | /blog/cloud-pos-software-for-retail-stores | /blog/how-does-pos-machine-work | /blog/pos-reconciliation | /blog/what-is-a-pos-person-meaning-and-responsibilities | /blog/what-is-a-pos-purchase | /blog/what-is-point-of-sale-transaction | /blog/what-is-pos-debit-meaning | /blog/what-is-pos-experience-12-tips-to-satisfy-your-customers | /blog/what-is-pos-skills-understand-pos-skill-meaning | /blog/what-is-pos | /blogs | /cattle-management-software | /contact | /customer-management | /fbr-integrated-pos-pakistan | /features | /industries | /industries/bakery-pos-system | /industries/cafe | /industries/clothing-store | /industries/electric-store | /industries/furniture-store | /industries/jewellery-shop | /industries/manufacturing-industries | /industries/pharmacy-store | /industries/restaurant-pos | /industries/retail-store | /industries/salon-pos | /industries/toys-store | /integration | /inventory-management | /logistics-management-software | /mobile-pos | /order-management | /pos-case-studies | /pos-case-studies/cupcake-queen-bakery-pos-qatar | /pos-case-studies/farhan-caterers-pos-karachi | /pos-case-studies/implementing-a-pos-system-for-retail-the-laptop-store | /pos-case-studies/implementing-pos-systems-for-medical-euquipment-industry | /pos-case-studies/real-tech-pos-system-karachi | /pos-software-ksa | /pos-software-qatar | /pos-software-uae | /pos-software-usa | /pricing | /privacy-policy | /purchase-orders | /reporting-module | /terms-and-conditions | /vendors-management | /website | /zatca","200","","200","/","true"
"/","/","/ | /about | /apps | /author | /blog/best-free-pos-software-and-system | /blog/best-point-of-sale-system-for-small-business-in-pakistan | /blog/best-pos-system-for-retail | /blog/cloud-pos-software-for-retail-stores | /blog/how-does-pos-machine-work | /blog/pos-reconciliation | /blog/what-is-a-pos-person-meaning-and-responsibilities | /blog/what-is-a-pos-purchase | /blog/what-is-point-of-sale-transaction | /blog/what-is-pos-debit-meaning | /blog/what-is-pos-experience-12-tips-to-satisfy-your-customers | /blog/what-is-pos-skills-understand-pos-skill-meaning | /blog/what-is-pos | /blogs | /cattle-management-software | /contact | /customer-management | /fbr-integrated-pos-pakistan | /features | /industries | /industries/bakery-pos-system | /industries/cafe | /industries/clothing-store | /industries/electric-store | /industries/furniture-store | /industries/jewellery-shop | /industries/manufacturing-industries | /industries/pharmacy-store | /industries/restaurant-pos | /industries/retail-store | /industries/salon-pos | /industries/toys-store | /integration | /inventory-management | /logistics-management-software | /mobile-pos | /order-management | /pos-case-studies | /pos-case-studies/cupcake-queen-bakery-pos-qatar | /pos-case-studies/farhan-caterers-pos-karachi | /pos-case-studies/implementing-a-pos-system-for-retail-the-laptop-store | /pos-case-studies/implementing-pos-systems-for-medical-euquipment-industry | /pos-case-studies/real-tech-pos-system-karachi | /pos-software-ksa | /pos-software-qatar | /pos-software-uae | /pos-software-usa | /pricing | /privacy-policy | /purchase-orders | /reporting-module | /terms-and-conditions | /vendors-management | /website | /zatca","200","","200","/","true"
"/","/","/ | /about | /apps | /author | /blog/best-free-pos-software-and-system | /blog/best-point-of-sale-system-for-small-business-in-pakistan | /blog/best-pos-system-for-retail | /blog/cloud-pos-software-for-retail-stores | /blog/how-does-pos-machine-work | /blog/pos-reconciliation | /blog/what-is-a-pos-person-meaning-and-responsibilities | /blog/what-is-a-pos-purchase | /blog/what-is-point-of-sale-transaction | /blog/what-is-pos-debit-meaning | /blog/what-is-pos-experience-12-tips-to-satisfy-your-customers | /blog/what-is-pos-skills-understand-pos-skill-meaning | /blog/what-is-pos | /blogs | /cattle-management-software | /contact | /customer-management | /fbr-integrated-pos-pakistan | /features | /industries | /industries/bakery-pos-system | /industries/cafe | /industries/clothing-store | /industries/electric-store | /industries/furniture-store | /industries/jewellery-shop | /industries/manufacturing-industries | /industries/pharmacy-store | /industries/restaurant-pos | /industries/retail-store | /industries/salon-pos | /industries/toys-store | /integration | /inventory-management | /logistics-management-software | /mobile-pos | /order-management | /pos-case-studies | /pos-case-studies/cupcake-queen-bakery-pos-qatar | /pos-case-studies/farhan-caterers-pos-karachi | /pos-case-studies/implementing-a-pos-system-for-retail-the-laptop-store | /pos-case-studies/implementing-pos-systems-for-medical-euquipment-industry | /pos-case-studies/real-tech-pos-system-karachi | /pos-software-ksa | /pos-software-qatar | /pos-software-uae | /pos-software-usa | /pricing | /privacy-policy | /purchase-orders | /reporting-module | /terms-and-conditions | /vendors-management | /website | /zatca","200","","200","/","true"
"/","/","/ | /about | /apps | /author | /blog/best-free-pos-software-and-system | /blog/best-point-of-sale-system-for-small-business-in-pakistan | /blog/best-pos-system-for-retail | /blog/cloud-pos-software-for-retail-stores | /blog/how-does-pos-machine-work | /blog/pos-reconciliation | /blog/what-is-a-pos-person-meaning-and-responsibilities | /blog/what-is-a-pos-purchase | /blog/what-is-point-of-sale-transaction | /blog/what-is-pos-debit-meaning | /blog/what-is-pos-experience-12-tips-to-satisfy-your-customers | /blog/what-is-pos-skills-understand-pos-skill-meaning | /blog/what-is-pos | /blogs | /cattle-management-software | /contact | /customer-management | /fbr-integrated-pos-pakistan | /features | /industries | /industries/bakery-pos-system | /industries/cafe | /industries/clothing-store | /industries/electric-store | /industries/furniture-store | /industries/jewellery-shop | /industries/manufacturing-industries | /industries/pharmacy-store | /industries/restaurant-pos | /industries/retail-store | /industries/salon-pos | /industries/toys-store | /integration | /inventory-management | /logistics-management-software | /mobile-pos | /order-management | /pos-case-studies | /pos-case-studies/cupcake-queen-bakery-pos-qatar | /pos-case-studies/farhan-caterers-pos-karachi | /pos-case-studies/implementing-a-pos-system-for-retail-the-laptop-store | /pos-case-studies/implementing-pos-systems-for-medical-euquipment-industry | /pos-case-studies/real-tech-pos-system-karachi | /pos-software-ksa | /pos-software-qatar | /pos-software-uae | /pos-software-usa | /pricing | /privacy-policy | /purchase-orders | /reporting-module | /terms-and-conditions | /vendors-management | /website | /zatca","200","","200","/","true"
"/","/","/ | /about | /apps | /author | /blog/best-free-pos-software-and-system | /blog/best-point-of-sale-system-for-small-business-in-pakistan | /blog/best-pos-system-for-retail | /blog/cloud-pos-software-for-retail-stores | /blog/how-does-pos-machine-work | /blog/pos-reconciliation | /blog/what-is-a-pos-person-meaning-and-responsibilities | /blog/what-is-a-pos-purchase | /blog/what-is-point-of-sale-transaction | /blog/what-is-pos-debit-meaning | /blog/what-is-pos-experience-12-tips-to-satisfy-your-customers | /blog/what-is-pos-skills-understand-pos-skill-meaning | /blog/what-is-pos | /blogs | /cattle-management-software | /contact | /customer-management | /fbr-integrated-pos-pakistan | /features | /industries | /industries/bakery-pos-system | /industries/cafe | /industries/clothing-store | /industries/electric-store | /industries/furniture-store | /industries/jewellery-shop | /industries/manufacturing-industries | /industries/pharmacy-store | /industries/restaurant-pos | /industries/retail-store | /industries/salon-pos | /industries/toys-store | /integration | /inventory-management | /logistics-management-software | /mobile-pos | /order-management | /pos-case-studies | /pos-case-studies/cupcake-queen-bakery-pos-qatar | /pos-case-studies/farhan-caterers-pos-karachi | /pos-case-studies/implementing-a-pos-system-for-retail-the-laptop-store | /pos-case-studies/implementing-pos-systems-for-medical-euquipment-industry | /pos-case-studies/real-tech-pos-system-karachi | /pos-software-ksa | /pos-software-qatar | /pos-software-uae | /pos-software-usa | /pricing | /privacy-policy | /purchase-orders | /reporting-module | /terms-and-conditions | /vendors-management | /website | /zatca","200","","200","/","true"
"/","/","/ | /about | /apps | /author | /blog/best-free-pos-software-and-system | /blog/best-point-of-sale-system-for-small-business-in-pakistan | /blog/best-pos-system-for-retail | /blog/cloud-pos-software-for-retail-stores | /blog/how-does-pos-machine-work | /blog/pos-reconciliation | /blog/what-is-a-pos-person-meaning-and-responsibilities | /blog/what-is-a-pos-purchase | /blog/what-is-point-of-sale-transaction | /blog/what-is-pos-debit-meaning | /blog/what-is-pos-experience-12-tips-to-satisfy-your-customers | /blog/what-is-pos-skills-understand-pos-skill-meaning | /blog/what-is-pos | /blogs | /cattle-management-software | /contact | /customer-management | /fbr-integrated-pos-pakistan | /features | /industries | /industries/bakery-pos-system | /industries/cafe | /industries/clothing-store | /industries/electric-store | /industries/furniture-store | /industries/jewellery-shop | /industries/manufacturing-industries | /industries/pharmacy-store | /industries/restaurant-pos | /industries/retail-store | /industries/salon-pos | /industries/toys-store | /integration | /inventory-management | /logistics-management-software | /mobile-pos | /order-management | /pos-case-studies | /pos-case-studies/cupcake-queen-bakery-pos-qatar | /pos-case-studies/farhan-caterers-pos-karachi | /pos-case-studies/implementing-a-pos-system-for-retail-the-laptop-store | /pos-case-studies/implementing-pos-systems-for-medical-euquipment-industry | /pos-case-studies/real-tech-pos-system-karachi | /pos-software-ksa | /pos-software-qatar | /pos-software-uae | /pos-software-usa | /pricing | /privacy-policy | /purchase-orders | /reporting-module | /terms-and-conditions | /vendors-management | /website | /zatca","200","","200","/","true"
"/","/","/ | /about | /apps | /author | /blog/best-free-pos-software-and-system | /blog/best-point-of-sale-system-for-small-business-in-pakistan | /blog/best-pos-system-for-retail | /blog/cloud-pos-software-for-retail-stores | /blog/how-does-pos-machine-work | /blog/pos-reconciliation | /blog/what-is-a-pos-person-meaning-and-responsibilities | /blog/what-is-a-pos-purchase | /blog/what-is-point-of-sale-transaction | /blog/what-is-pos-debit-meaning | /blog/what-is-pos-experience-12-tips-to-satisfy-your-customers | /blog/what-is-pos-skills-understand-pos-skill-meaning | /blog/what-is-pos | /blogs | /cattle-management-software | /contact | /customer-management | /fbr-integrated-pos-pakistan | /features | /industries | /industries/bakery-pos-system | /industries/cafe | /industries/clothing-store | /industries/electric-store | /industries/furniture-store | /industries/jewellery-shop | /industries/manufacturing-industries | /industries/pharmacy-store | /industries/restaurant-pos | /industries/retail-store | /industries/salon-pos | /industries/toys-store | /integration | /inventory-management | /logistics-management-software | /mobile-pos | /order-management | /pos-case-studies | /pos-case-studies/cupcake-queen-bakery-pos-qatar | /pos-case-studies/farhan-caterers-pos-karachi | /pos-case-studies/implementing-a-pos-system-for-retail-the-laptop-store | /pos-case-studies/implementing-pos-systems-for-medical-euquipment-industry | /pos-case-studies/real-tech-pos-system-karachi | /pos-software-ksa | /pos-software-qatar | /pos-software-uae | /pos-software-usa | /pricing | /privacy-policy | /purchase-orders | /reporting-module | /terms-and-conditions | /vendors-management | /website | /zatca","200","","200","/","true"
"/","/","/ | /about | /apps | /author | /blog/best-free-pos-software-and-system | /blog/best-point-of-sale-system-for-small-business-in-pakistan | /blog/best-pos-system-for-retail | /blog/cloud-pos-software-for-retail-stores | /blog/how-does-pos-machine-work | /blog/pos-reconciliation | /blog/what-is-a-pos-person-meaning-and-responsibilities | /blog/what-is-a-pos-purchase | /blog/what-is-point-of-sale-transaction | /blog/what-is-pos-debit-meaning | /blog/what-is-pos-experience-12-tips-to-satisfy-your-customers | /blog/what-is-pos-skills-understand-pos-skill-meaning | /blog/what-is-pos | /blogs | /cattle-management-software | /contact | /customer-management | /fbr-integrated-pos-pakistan | /features | /industries | /industries/bakery-pos-system | /industries/cafe | /industries/clothing-store | /industries/electric-store | /industries/furniture-store | /industries/jewellery-shop | /industries/manufacturing-industries | /industries/pharmacy-store | /industries/restaurant-pos | /industries/retail-store | /industries/salon-pos | /industries/toys-store | /integration | /inventory-management | /logistics-management-software | /mobile-pos | /order-management | /pos-case-studies | /pos-case-studies/cupcake-queen-bakery-pos-qatar | /pos-case-studies/farhan-caterers-pos-karachi | /pos-case-studies/implementing-a-pos-system-for-retail-the-laptop-store | /pos-case-studies/implementing-pos-systems-for-medical-euquipment-industry | /pos-case-studies/real-tech-pos-system-karachi | /pos-software-ksa | /pos-software-qatar | /pos-software-uae | /pos-software-usa | /pricing | /privacy-policy | /purchase-orders | /reporting-module | /terms-and-conditions | /vendors-management | /website | /zatca","200","","200","/","true"
"/","/","/ | /about | /apps | /author | /blog/best-free-pos-software-and-system | /blog/best-point-of-sale-system-for-small-business-in-pakistan | /blog/best-pos-system-for-retail | /blog/cloud-pos-software-for-retail-stores | /blog/how-does-pos-machine-work | /blog/pos-reconciliation | /blog/what-is-a-pos-person-meaning-and-responsibilities | /blog/what-is-a-pos-purchase | /blog/what-is-point-of-sale-transaction | /blog/what-is-pos-debit-meaning | /blog/what-is-pos-experience-12-tips-to-satisfy-your-customers | /blog/what-is-pos-skills-understand-pos-skill-meaning | /blog/what-is-pos | /blogs | /cattle-management-software | /contact | /customer-management | /fbr-integrated-pos-pakistan | /features | /industries | /industries/bakery-pos-system | /industries/cafe | /industries/clothing-store | /industries/electric-store | /industries/furniture-store | /industries/jewellery-shop | /industries/manufacturing-industries | /industries/pharmacy-store | /industries/restaurant-pos | /industries/retail-store | /industries/salon-pos | /industries/toys-store | /integration | /inventory-management | /logistics-management-software | /mobile-pos | /order-management | /pos-case-studies | /pos-case-studies/cupcake-queen-bakery-pos-qatar | /pos-case-studies/farhan-caterers-pos-karachi | /pos-case-studies/implementing-a-pos-system-for-retail-the-laptop-store | /pos-case-studies/implementing-pos-systems-for-medical-euquipment-industry | /pos-case-studies/real-tech-pos-system-karachi | /pos-software-ksa | /pos-software-qatar | /pos-software-uae | /pos-software-usa | /pricing | /privacy-policy | /purchase-orders | /reporting-module | /terms-and-conditions | /vendors-management | /website | /zatca","200","","200","/","true"
"/","/","/ | /about | /apps | /author | /blog/best-free-pos-software-and-system | /blog/best-point-of-sale-system-for-small-business-in-pakistan | /blog/best-pos-system-for-retail | /blog/cloud-pos-software-for-retail-stores | /blog/how-does-pos-machine-work | /blog/pos-reconciliation | /blog/what-is-a-pos-person-meaning-and-responsibilities | /blog/what-is-a-pos-purchase | /blog/what-is-point-of-sale-transaction | /blog/what-is-pos-debit-meaning | /blog/what-is-pos-experience-12-tips-to-satisfy-your-customers | /blog/what-is-pos-skills-understand-pos-skill-meaning | /blog/what-is-pos | /blogs | /cattle-management-software | /contact | /customer-management | /fbr-integrated-pos-pakistan | /features | /industries | /industries/bakery-pos-system | /industries/cafe | /industries/clothing-store | /industries/electric-store | /industries/furniture-store | /industries/jewellery-shop | /industries/manufacturing-industries | /industries/pharmacy-store | /industries/restaurant-pos | /industries/retail-store | /industries/salon-pos | /industries/toys-store | /integration | /inventory-management | /logistics-management-software | /mobile-pos | /order-management | /pos-case-studies | /pos-case-studies/cupcake-queen-bakery-pos-qatar | /pos-case-studies/farhan-caterers-pos-karachi | /pos-case-studies/implementing-a-pos-system-for-retail-the-laptop-store | /pos-case-studies/implementing-pos-systems-for-medical-euquipment-industry | /pos-case-studies/real-tech-pos-system-karachi | /pos-software-ksa | /pos-software-qatar | /pos-software-uae | /pos-software-usa | /pricing | /privacy-policy | /purchase-orders | /reporting-module | /terms-and-conditions | /vendors-management | /website | /zatca","200","","200","/","true"
"/","/","/ | /about | /apps | /author | /blog/best-free-pos-software-and-system | /blog/best-point-of-sale-system-for-small-business-in-pakistan | /blog/best-pos-system-for-retail | /blog/cloud-pos-software-for-retail-stores | /blog/how-does-pos-machine-work | /blog/pos-reconciliation | /blog/what-is-a-pos-person-meaning-and-responsibilities | /blog/what-is-a-pos-purchase | /blog/what-is-point-of-sale-transaction | /blog/what-is-pos-debit-meaning | /blog/what-is-pos-experience-12-tips-to-satisfy-your-customers | /blog/what-is-pos-skills-understand-pos-skill-meaning | /blog/what-is-pos | /blogs | /cattle-management-software | /contact | /customer-management | /fbr-integrated-pos-pakistan | /features | /industries | /industries/bakery-pos-system | /industries/cafe | /industries/clothing-store | /industries/electric-store | /industries/furniture-store | /industries/jewellery-shop | /industries/manufacturing-industries | /industries/pharmacy-store | /industries/restaurant-pos | /industries/retail-store | /industries/salon-pos | /industries/toys-store | /integration | /inventory-management | /logistics-management-software | /mobile-pos | /order-management | /pos-case-studies | /pos-case-studies/cupcake-queen-bakery-pos-qatar | /pos-case-studies/farhan-caterers-pos-karachi | /pos-case-studies/implementing-a-pos-system-for-retail-the-laptop-store | /pos-case-studies/implementing-pos-systems-for-medical-euquipment-industry | /pos-case-studies/real-tech-pos-system-karachi | /pos-software-ksa | /pos-software-qatar | /pos-software-uae | /pos-software-usa | /pricing | /privacy-policy | /purchase-orders | /reporting-module | /terms-and-conditions | /vendors-management | /website | /zatca","200","","200","/","true"
"/","/","/ | /about | /apps | /author | /blog/best-free-pos-software-and-system | /blog/best-point-of-sale-system-for-small-business-in-pakistan | /blog/best-pos-system-for-retail | /blog/cloud-pos-software-for-retail-stores | /blog/how-does-pos-machine-work | /blog/pos-reconciliation | /blog/what-is-a-pos-person-meaning-and-responsibilities | /blog/what-is-a-pos-purchase | /blog/what-is-point-of-sale-transaction | /blog/what-is-pos-debit-meaning | /blog/what-is-pos-experience-12-tips-to-satisfy-your-customers | /blog/what-is-pos-skills-understand-pos-skill-meaning | /blog/what-is-pos | /blogs | /cattle-management-software | /contact | /customer-management | /fbr-integrated-pos-pakistan | /features | /industries | /industries/bakery-pos-system | /industries/cafe | /industries/clothing-store | /industries/electric-store | /industries/furniture-store | /industries/jewellery-shop | /industries/manufacturing-industries | /industries/pharmacy-store | /industries/restaurant-pos | /industries/retail-store | /industries/salon-pos | /industries/toys-store | /integration | /inventory-management | /logistics-management-software | /mobile-pos | /order-management | /pos-case-studies | /pos-case-studies/cupcake-queen-bakery-pos-qatar | /pos-case-studies/farhan-caterers-pos-karachi | /pos-case-studies/implementing-a-pos-system-for-retail-the-laptop-store | /pos-case-studies/implementing-pos-systems-for-medical-euquipment-industry | /pos-case-studies/real-tech-pos-system-karachi | /pos-software-ksa | /pos-software-qatar | /pos-software-uae | /pos-software-usa | /pricing | /privacy-policy | /purchase-orders | /reporting-module | /terms-and-conditions | /vendors-management | /website | /zatca","200","","200","/","true"
"/","/","/ | /about | /apps | /author | /blog/best-free-pos-software-and-system | /blog/best-point-of-sale-system-for-small-business-in-pakistan | /blog/best-pos-system-for-retail | /blog/cloud-pos-software-for-retail-stores | /blog/how-does-pos-machine-work | /blog/pos-reconciliation | /blog/what-is-a-pos-person-meaning-and-responsibilities | /blog/what-is-a-pos-purchase | /blog/what-is-point-of-sale-transaction | /blog/what-is-pos-debit-meaning | /blog/what-is-pos-experience-12-tips-to-satisfy-your-customers | /blog/what-is-pos-skills-understand-pos-skill-meaning | /blog/what-is-pos | /blogs | /cattle-management-software | /contact | /customer-management | /fbr-integrated-pos-pakistan | /features | /industries | /industries/bakery-pos-system | /industries/cafe | /industries/clothing-store | /industries/electric-store | /industries/furniture-store | /industries/jewellery-shop | /industries/manufacturing-industries | /industries/pharmacy-store | /industries/restaurant-pos | /industries/retail-store | /industries/salon-pos | /industries/toys-store | /integration | /inventory-management | /logistics-management-software | /mobile-pos | /order-management | /pos-case-studies | /pos-case-studies/cupcake-queen-bakery-pos-qatar | /pos-case-studies/farhan-caterers-pos-karachi | /pos-case-studies/implementing-a-pos-system-for-retail-the-laptop-store | /pos-case-studies/implementing-pos-systems-for-medical-euquipment-industry | /pos-case-studies/real-tech-pos-system-karachi | /pos-software-ksa | /pos-software-qatar | /pos-software-uae | /pos-software-usa | /pricing | /privacy-policy | /purchase-orders | /reporting-module | /terms-and-conditions | /vendors-management | /website | /zatca","200","","200","/","true"
"/","/","/ | /about | /apps | /author | /blog/best-free-pos-software-and-system | /blog/best-point-of-sale-system-for-small-business-in-pakistan | /blog/best-pos-system-for-retail | /blog/cloud-pos-software-for-retail-stores | /blog/how-does-pos-machine-work | /blog/pos-reconciliation | /blog/what-is-a-pos-person-meaning-and-responsibilities | /blog/what-is-a-pos-purchase | /blog/what-is-point-of-sale-transaction | /blog/what-is-pos-debit-meaning | /blog/what-is-pos-experience-12-tips-to-satisfy-your-customers | /blog/what-is-pos-skills-understand-pos-skill-meaning | /blog/what-is-pos | /blogs | /cattle-management-software | /contact | /customer-management | /fbr-integrated-pos-pakistan | /features | /industries | /industries/bakery-pos-system | /industries/cafe | /industries/clothing-store | /industries/electric-store | /industries/furniture-store | /industries/jewellery-shop | /industries/manufacturing-industries | /industries/pharmacy-store | /industries/restaurant-pos | /industries/retail-store | /industries/salon-pos | /industries/toys-store | /integration | /inventory-management | /logistics-management-software | /mobile-pos | /order-management | /pos-case-studies | /pos-case-studies/cupcake-queen-bakery-pos-qatar | /pos-case-studies/farhan-caterers-pos-karachi | /pos-case-studies/implementing-a-pos-system-for-retail-the-laptop-store | /pos-case-studies/implementing-pos-systems-for-medical-euquipment-industry | /pos-case-studies/real-tech-pos-system-karachi | /pos-software-ksa | /pos-software-qatar | /pos-software-uae | /pos-software-usa | /pricing | /privacy-policy | /purchase-orders | /reporting-module | /terms-and-conditions | /vendors-management | /website | /zatca","200","","200","/","true"
"/","/","/ | /about | /apps | /author | /blog/best-free-pos-software-and-system | /blog/best-point-of-sale-system-for-small-business-in-pakistan | /blog/best-pos-system-for-retail | /blog/cloud-pos-software-for-retail-stores | /blog/how-does-pos-machine-work | /blog/pos-reconciliation | /blog/what-is-a-pos-person-meaning-and-responsibilities | /blog/what-is-a-pos-purchase | /blog/what-is-point-of-sale-transaction | /blog/what-is-pos-debit-meaning | /blog/what-is-pos-experience-12-tips-to-satisfy-your-customers | /blog/what-is-pos-skills-understand-pos-skill-meaning | /blog/what-is-pos | /blogs | /cattle-management-software | /contact | /customer-management | /fbr-integrated-pos-pakistan | /features | /industries | /industries/bakery-pos-system | /industries/cafe | /industries/clothing-store | /industries/electric-store | /industries/furniture-store | /industries/jewellery-shop | /industries/manufacturing-industries | /industries/pharmacy-store | /industries/restaurant-pos | /industries/retail-store | /industries/salon-pos | /industries/toys-store | /integration | /inventory-management | /logistics-management-software | /mobile-pos | /order-management | /pos-case-studies | /pos-case-studies/cupcake-queen-bakery-pos-qatar | /pos-case-studies/farhan-caterers-pos-karachi | /pos-case-studies/implementing-a-pos-system-for-retail-the-laptop-store | /pos-case-studies/implementing-pos-systems-for-medical-euquipment-industry | /pos-case-studies/real-tech-pos-system-karachi | /pos-software-ksa | /pos-software-qatar | /pos-software-uae | /pos-software-usa | /pricing | /privacy-policy | /purchase-orders | /reporting-module | /terms-and-conditions | /vendors-management | /website | /zatca","200","","200","/","true"
"/","/","/ | /about | /apps | /author | /blog/best-free-pos-software-and-system | /blog/best-point-of-sale-system-for-small-business-in-pakistan | /blog/best-pos-system-for-retail | /blog/cloud-pos-software-for-retail-stores | /blog/how-does-pos-machine-work | /blog/pos-reconciliation | /blog/what-is-a-pos-person-meaning-and-responsibilities | /blog/what-is-a-pos-purchase | /blog/what-is-point-of-sale-transaction | /blog/what-is-pos-debit-meaning | /blog/what-is-pos-experience-12-tips-to-satisfy-your-customers | /blog/what-is-pos-skills-understand-pos-skill-meaning | /blog/what-is-pos | /blogs | /cattle-management-software | /contact | /customer-management | /fbr-integrated-pos-pakistan | /features | /industries | /industries/bakery-pos-system | /industries/cafe | /industries/clothing-store | /industries/electric-store | /industries/furniture-store | /industries/jewellery-shop | /industries/manufacturing-industries | /industries/pharmacy-store | /industries/restaurant-pos | /industries/retail-store | /industries/salon-pos | /industries/toys-store | /integration | /inventory-management | /logistics-management-software | /mobile-pos | /order-management | /pos-case-studies | /pos-case-studies/cupcake-queen-bakery-pos-qatar | /pos-case-studies/farhan-caterers-pos-karachi | /pos-case-studies/implementing-a-pos-system-for-retail-the-laptop-store | /pos-case-studies/implementing-pos-systems-for-medical-euquipment-industry | /pos-case-studies/real-tech-pos-system-karachi | /pos-software-ksa | /pos-software-qatar | /pos-software-uae | /pos-software-usa | /pricing | /privacy-policy | /purchase-orders | /reporting-module | /terms-and-conditions | /vendors-management | /website | /zatca","200","","200","/","true"
"/","/","/ | /about | /apps | /author | /blog/best-free-pos-software-and-system | /blog/best-point-of-sale-system-for-small-business-in-pakistan | /blog/best-pos-system-for-retail | /blog/cloud-pos-software-for-retail-stores | /blog/how-does-pos-machine-work | /blog/pos-reconciliation | /blog/what-is-a-pos-person-meaning-and-responsibilities | /blog/what-is-a-pos-purchase | /blog/what-is-point-of-sale-transaction | /blog/what-is-pos-debit-meaning | /blog/what-is-pos-experience-12-tips-to-satisfy-your-customers | /blog/what-is-pos-skills-understand-pos-skill-meaning | /blog/what-is-pos | /blogs | /cattle-management-software | /contact | /customer-management | /fbr-integrated-pos-pakistan | /features | /industries | /industries/bakery-pos-system | /industries/cafe | /industries/clothing-store | /industries/electric-store | /industries/furniture-store | /industries/jewellery-shop | /industries/manufacturing-industries | /industries/pharmacy-store | /industries/restaurant-pos | /industries/retail-store | /industries/salon-pos | /industries/toys-store | /integration | /inventory-management | /logistics-management-software | /mobile-pos | /order-management | /pos-case-studies | /pos-case-studies/cupcake-queen-bakery-pos-qatar | /pos-case-studies/farhan-caterers-pos-karachi | /pos-case-studies/implementing-a-pos-system-for-retail-the-laptop-store | /pos-case-studies/implementing-pos-systems-for-medical-euquipment-industry | /pos-case-studies/real-tech-pos-system-karachi | /pos-software-ksa | /pos-software-qatar | /pos-software-uae | /pos-software-usa | /pricing | /privacy-policy | /purchase-orders | /reporting-module | /terms-and-conditions | /vendors-management | /website | /zatca","200","","200","/","true"
"/","/","/ | /about | /apps | /author | /blog/best-free-pos-software-and-system | /blog/best-point-of-sale-system-for-small-business-in-pakistan | /blog/best-pos-system-for-retail | /blog/cloud-pos-software-for-retail-stores | /blog/how-does-pos-machine-work | /blog/pos-reconciliation | /blog/what-is-a-pos-person-meaning-and-responsibilities | /blog/what-is-a-pos-purchase | /blog/what-is-point-of-sale-transaction | /blog/what-is-pos-debit-meaning | /blog/what-is-pos-experience-12-tips-to-satisfy-your-customers | /blog/what-is-pos-skills-understand-pos-skill-meaning | /blog/what-is-pos | /blogs | /cattle-management-software | /contact | /customer-management | /fbr-integrated-pos-pakistan | /features | /industries | /industries/bakery-pos-system | /industries/cafe | /industries/clothing-store | /industries/electric-store | /industries/furniture-store | /industries/jewellery-shop | /industries/manufacturing-industries | /industries/pharmacy-store | /industries/restaurant-pos | /industries/retail-store | /industries/salon-pos | /industries/toys-store | /integration | /inventory-management | /logistics-management-software | /mobile-pos | /order-management | /pos-case-studies | /pos-case-studies/cupcake-queen-bakery-pos-qatar | /pos-case-studies/farhan-caterers-pos-karachi | /pos-case-studies/implementing-a-pos-system-for-retail-the-laptop-store | /pos-case-studies/implementing-pos-systems-for-medical-euquipment-industry | /pos-case-studies/real-tech-pos-system-karachi | /pos-software-ksa | /pos-software-qatar | /pos-software-uae | /pos-software-usa | /pricing | /privacy-policy | /purchase-orders | /reporting-module | /terms-and-conditions | /vendors-management | /website | /zatca","200","","200","/","true"
"/","/","/ | /about | /apps | /author | /blog/best-free-pos-software-and-system | /blog/best-point-of-sale-system-for-small-business-in-pakistan | /blog/best-pos-system-for-retail | /blog/cloud-pos-software-for-retail-stores | /blog/how-does-pos-machine-work | /blog/pos-reconciliation | /blog/what-is-a-pos-person-meaning-and-responsibilities | /blog/what-is-a-pos-purchase | /blog/what-is-point-of-sale-transaction | /blog/what-is-pos-debit-meaning | /blog/what-is-pos-experience-12-tips-to-satisfy-your-customers | /blog/what-is-pos-skills-understand-pos-skill-meaning | /blog/what-is-pos | /blogs | /cattle-management-software | /contact | /customer-management | /fbr-integrated-pos-pakistan | /features | /industries | /industries/bakery-pos-system | /industries/cafe | /industries/clothing-store | /industries/electric-store | /industries/furniture-store | /industries/jewellery-shop | /industries/manufacturing-industries | /industries/pharmacy-store | /industries/restaurant-pos | /industries/retail-store | /industries/salon-pos | /industries/toys-store | /integration | /inventory-management | /logistics-management-software | /mobile-pos | /order-management | /pos-case-studies | /pos-case-studies/cupcake-queen-bakery-pos-qatar | /pos-case-studies/farhan-caterers-pos-karachi | /pos-case-studies/implementing-a-pos-system-for-retail-the-laptop-store | /pos-case-studies/implementing-pos-systems-for-medical-euquipment-industry | /pos-case-studies/real-tech-pos-system-karachi | /pos-software-ksa | /pos-software-qatar | /pos-software-uae | /pos-software-usa | /pricing | /privacy-policy | /purchase-orders | /reporting-module | /terms-and-conditions | /vendors-management | /website | /zatca","200","","200","/","true"
"/","/","/ | /about | /apps | /author | /blog/best-free-pos-software-and-system | /blog/best-point-of-sale-system-for-small-business-in-pakistan | /blog/best-pos-system-for-retail | /blog/cloud-pos-software-for-retail-stores | /blog/how-does-pos-machine-work | /blog/pos-reconciliation | /blog/what-is-a-pos-person-meaning-and-responsibilities | /blog/what-is-a-pos-purchase | /blog/what-is-point-of-sale-transaction | /blog/what-is-pos-debit-meaning | /blog/what-is-pos-experience-12-tips-to-satisfy-your-customers | /blog/what-is-pos-skills-understand-pos-skill-meaning | /blog/what-is-pos | /blogs | /cattle-management-software | /contact | /customer-management | /fbr-integrated-pos-pakistan | /features | /industries | /industries/bakery-pos-system | /industries/cafe | /industries/clothing-store | /industries/electric-store | /industries/furniture-store | /industries/jewellery-shop | /industries/manufacturing-industries | /industries/pharmacy-store | /industries/restaurant-pos | /industries/retail-store | /industries/salon-pos | /industries/toys-store | /integration | /inventory-management | /logistics-management-software | /mobile-pos | /order-management | /pos-case-studies | /pos-case-studies/cupcake-queen-bakery-pos-qatar | /pos-case-studies/farhan-caterers-pos-karachi | /pos-case-studies/implementing-a-pos-system-for-retail-the-laptop-store | /pos-case-studies/implementing-pos-systems-for-medical-euquipment-industry | /pos-case-studies/real-tech-pos-system-karachi | /pos-software-ksa | /pos-software-qatar | /pos-software-uae | /pos-software-usa | /pricing | /privacy-policy | /purchase-orders | /reporting-module | /terms-and-conditions | /vendors-management | /website | /zatca","200","","200","/","true"
"/","/","/ | /about | /apps | /author | /blog/best-free-pos-software-and-system | /blog/best-point-of-sale-system-for-small-business-in-pakistan | /blog/best-pos-system-for-retail | /blog/cloud-pos-software-for-retail-stores | /blog/how-does-pos-machine-work | /blog/pos-reconciliation | /blog/what-is-a-pos-person-meaning-and-responsibilities | /blog/what-is-a-pos-purchase | /blog/what-is-point-of-sale-transaction | /blog/what-is-pos-debit-meaning | /blog/what-is-pos-experience-12-tips-to-satisfy-your-customers | /blog/what-is-pos-skills-understand-pos-skill-meaning | /blog/what-is-pos | /blogs | /cattle-management-software | /contact | /customer-management | /fbr-integrated-pos-pakistan | /features | /industries | /industries/bakery-pos-system | /industries/cafe | /industries/clothing-store | /industries/electric-store | /industries/furniture-store | /industries/jewellery-shop | /industries/manufacturing-industries | /industries/pharmacy-store | /industries/restaurant-pos | /industries/retail-store | /industries/salon-pos | /industries/toys-store | /integration | /inventory-management | /logistics-management-software | /mobile-pos | /order-management | /pos-case-studies | /pos-case-studies/cupcake-queen-bakery-pos-qatar | /pos-case-studies/farhan-caterers-pos-karachi | /pos-case-studies/implementing-a-pos-system-for-retail-the-laptop-store | /pos-case-studies/implementing-pos-systems-for-medical-euquipment-industry | /pos-case-studies/real-tech-pos-system-karachi | /pos-software-ksa | /pos-software-qatar | /pos-software-uae | /pos-software-usa | /pricing | /privacy-policy | /purchase-orders | /reporting-module | /terms-and-conditions | /vendors-management | /website | /zatca","200","","200","/","true"
"/","/","/ | /about | /apps | /author | /blog/best-free-pos-software-and-system | /blog/best-point-of-sale-system-for-small-business-in-pakistan | /blog/best-pos-system-for-retail | /blog/cloud-pos-software-for-retail-stores | /blog/how-does-pos-machine-work | /blog/pos-reconciliation | /blog/what-is-a-pos-person-meaning-and-responsibilities | /blog/what-is-a-pos-purchase | /blog/what-is-point-of-sale-transaction | /blog/what-is-pos-debit-meaning | /blog/what-is-pos-experience-12-tips-to-satisfy-your-customers | /blog/what-is-pos-skills-understand-pos-skill-meaning | /blog/what-is-pos | /blogs | /cattle-management-software | /contact | /customer-management | /fbr-integrated-pos-pakistan | /features | /industries | /industries/bakery-pos-system | /industries/cafe | /industries/clothing-store | /industries/electric-store | /industries/furniture-store | /industries/jewellery-shop | /industries/manufacturing-industries | /industries/pharmacy-store | /industries/restaurant-pos | /industries/retail-store | /industries/salon-pos | /industries/toys-store | /integration | /inventory-management | /logistics-management-software | /mobile-pos | /order-management | /pos-case-studies | /pos-case-studies/cupcake-queen-bakery-pos-qatar | /pos-case-studies/farhan-caterers-pos-karachi | /pos-case-studies/implementing-a-pos-system-for-retail-the-laptop-store | /pos-case-studies/implementing-pos-systems-for-medical-euquipment-industry | /pos-case-studies/real-tech-pos-system-karachi | /pos-software-ksa | /pos-software-qatar | /pos-software-uae | /pos-software-usa | /pricing | /privacy-policy | /purchase-orders | /reporting-module | /terms-and-conditions | /vendors-management | /website | /zatca","200","","200","/","true"
"/","/","/ | /about | /apps | /author | /blog/best-free-pos-software-and-system | /blog/best-point-of-sale-system-for-small-business-in-pakistan | /blog/best-pos-system-for-retail | /blog/cloud-pos-software-for-retail-stores | /blog/how-does-pos-machine-work | /blog/pos-reconciliation | /blog/what-is-a-pos-person-meaning-and-responsibilities | /blog/what-is-a-pos-purchase | /blog/what-is-point-of-sale-transaction | /blog/what-is-pos-debit-meaning | /blog/what-is-pos-experience-12-tips-to-satisfy-your-customers | /blog/what-is-pos-skills-understand-pos-skill-meaning | /blog/what-is-pos | /blogs | /cattle-management-software | /contact | /customer-management | /fbr-integrated-pos-pakistan | /features | /industries | /industries/bakery-pos-system | /industries/cafe | /industries/clothing-store | /industries/electric-store | /industries/furniture-store | /industries/jewellery-shop | /industries/manufacturing-industries | /industries/pharmacy-store | /industries/restaurant-pos | /industries/retail-store | /industries/salon-pos | /industries/toys-store | /integration | /inventory-management | /logistics-management-software | /mobile-pos | /order-management | /pos-case-studies | /pos-case-studies/cupcake-queen-bakery-pos-qatar | /pos-case-studies/farhan-caterers-pos-karachi | /pos-case-studies/implementing-a-pos-system-for-retail-the-laptop-store | /pos-case-studies/implementing-pos-systems-for-medical-euquipment-industry | /pos-case-studies/real-tech-pos-system-karachi | /pos-software-ksa | /pos-software-qatar | /pos-software-uae | /pos-software-usa | /pricing | /privacy-policy | /purchase-orders | /reporting-module | /terms-and-conditions | /vendors-management | /website | /zatca","200","","200","/","true"
"/","/","/ | /about | /apps | /author | /blog/best-free-pos-software-and-system | /blog/best-point-of-sale-system-for-small-business-in-pakistan | /blog/best-pos-system-for-retail | /blog/cloud-pos-software-for-retail-stores | /blog/how-does-pos-machine-work | /blog/pos-reconciliation | /blog/what-is-a-pos-person-meaning-and-responsibilities | /blog/what-is-a-pos-purchase | /blog/what-is-point-of-sale-transaction | /blog/what-is-pos-debit-meaning | /blog/what-is-pos-experience-12-tips-to-satisfy-your-customers | /blog/what-is-pos-skills-understand-pos-skill-meaning | /blog/what-is-pos | /blogs | /cattle-management-software | /contact | /customer-management | /fbr-integrated-pos-pakistan | /features | /industries | /industries/bakery-pos-system | /industries/cafe | /industries/clothing-store | /industries/electric-store | /industries/furniture-store | /industries/jewellery-shop | /industries/manufacturing-industries | /industries/pharmacy-store | /industries/restaurant-pos | /industries/retail-store | /industries/salon-pos | /industries/toys-store | /integration | /inventory-management | /logistics-management-software | /mobile-pos | /order-management | /pos-case-studies | /pos-case-studies/cupcake-queen-bakery-pos-qatar | /pos-case-studies/farhan-caterers-pos-karachi | /pos-case-studies/implementing-a-pos-system-for-retail-the-laptop-store | /pos-case-studies/implementing-pos-systems-for-medical-euquipment-industry | /pos-case-studies/real-tech-pos-system-karachi | /pos-software-ksa | /pos-software-qatar | /pos-software-uae | /pos-software-usa | /pricing | /privacy-policy | /purchase-orders | /reporting-module | /terms-and-conditions | /vendors-management | /website | /zatca","200","","200","/","true"
"/","/","/ | /about | /apps | /author | /blog/best-free-pos-software-and-system | /blog/best-point-of-sale-system-for-small-business-in-pakistan | /blog/best-pos-system-for-retail | /blog/cloud-pos-software-for-retail-stores | /blog/how-does-pos-machine-work | /blog/pos-reconciliation | /blog/what-is-a-pos-person-meaning-and-responsibilities | /blog/what-is-a-pos-purchase | /blog/what-is-point-of-sale-transaction | /blog/what-is-pos-debit-meaning | /blog/what-is-pos-experience-12-tips-to-satisfy-your-customers | /blog/what-is-pos-skills-understand-pos-skill-meaning | /blog/what-is-pos | /blogs | /cattle-management-software | /contact | /customer-management | /fbr-integrated-pos-pakistan | /features | /industries | /industries/bakery-pos-system | /industries/cafe | /industries/clothing-store | /industries/electric-store | /industries/furniture-store | /industries/jewellery-shop | /industries/manufacturing-industries | /industries/pharmacy-store | /industries/restaurant-pos | /industries/retail-store | /industries/salon-pos | /industries/toys-store | /integration | /inventory-management | /logistics-management-software | /mobile-pos | /order-management | /pos-case-studies | /pos-case-studies/cupcake-queen-bakery-pos-qatar | /pos-case-studies/farhan-caterers-pos-karachi | /pos-case-studies/implementing-a-pos-system-for-retail-the-laptop-store | /pos-case-studies/implementing-pos-systems-for-medical-euquipment-industry | /pos-case-studies/real-tech-pos-system-karachi | /pos-software-ksa | /pos-software-qatar | /pos-software-uae | /pos-software-usa | /pricing | /privacy-policy | /purchase-orders | /reporting-module | /terms-and-conditions | /vendors-management | /website | /zatca","200","","200","/","true"
"/","/","/ | /about | /apps | /author | /blog/best-free-pos-software-and-system | /blog/best-point-of-sale-system-for-small-business-in-pakistan | /blog/best-pos-system-for-retail | /blog/cloud-pos-software-for-retail-stores | /blog/how-does-pos-machine-work | /blog/pos-reconciliation | /blog/what-is-a-pos-person-meaning-and-responsibilities | /blog/what-is-a-pos-purchase | /blog/what-is-point-of-sale-transaction | /blog/what-is-pos-debit-meaning | /blog/what-is-pos-experience-12-tips-to-satisfy-your-customers | /blog/what-is-pos-skills-understand-pos-skill-meaning | /blog/what-is-pos | /blogs | /cattle-management-software | /contact | /customer-management | /fbr-integrated-pos-pakistan | /features | /industries | /industries/bakery-pos-system | /industries/cafe | /industries/clothing-store | /industries/electric-store | /industries/furniture-store | /industries/jewellery-shop | /industries/manufacturing-industries | /industries/pharmacy-store | /industries/restaurant-pos | /industries/retail-store | /industries/salon-pos | /industries/toys-store | /integration | /inventory-management | /logistics-management-software | /mobile-pos | /order-management | /pos-case-studies | /pos-case-studies/cupcake-queen-bakery-pos-qatar | /pos-case-studies/farhan-caterers-pos-karachi | /pos-case-studies/implementing-a-pos-system-for-retail-the-laptop-store | /pos-case-studies/implementing-pos-systems-for-medical-euquipment-industry | /pos-case-studies/real-tech-pos-system-karachi | /pos-software-ksa | /pos-software-qatar | /pos-software-uae | /pos-software-usa | /pricing | /privacy-policy | /purchase-orders | /reporting-module | /terms-and-conditions | /vendors-management | /website | /zatca","200","","200","/","true"
"/","/","/ | /about | /apps | /author | /blog/best-free-pos-software-and-system | /blog/best-point-of-sale-system-for-small-business-in-pakistan | /blog/best-pos-system-for-retail | /blog/cloud-pos-software-for-retail-stores | /blog/how-does-pos-machine-work | /blog/pos-reconciliation | /blog/what-is-a-pos-person-meaning-and-responsibilities | /blog/what-is-a-pos-purchase | /blog/what-is-point-of-sale-transaction | /blog/what-is-pos-debit-meaning | /blog/what-is-pos-experience-12-tips-to-satisfy-your-customers | /blog/what-is-pos-skills-understand-pos-skill-meaning | /blog/what-is-pos | /blogs | /cattle-management-software | /contact | /customer-management | /fbr-integrated-pos-pakistan | /features | /industries | /industries/bakery-pos-system | /industries/cafe | /industries/clothing-store | /industries/electric-store | /industries/furniture-store | /industries/jewellery-shop | /industries/manufacturing-industries | /industries/pharmacy-store | /industries/restaurant-pos | /industries/retail-store | /industries/salon-pos | /industries/toys-store | /integration | /inventory-management | /logistics-management-software | /mobile-pos | /order-management | /pos-case-studies | /pos-case-studies/cupcake-queen-bakery-pos-qatar | /pos-case-studies/farhan-caterers-pos-karachi | /pos-case-studies/implementing-a-pos-system-for-retail-the-laptop-store | /pos-case-studies/implementing-pos-systems-for-medical-euquipment-industry | /pos-case-studies/real-tech-pos-system-karachi | /pos-software-ksa | /pos-software-qatar | /pos-software-uae | /pos-software-usa | /pricing | /privacy-policy | /purchase-orders | /reporting-module | /terms-and-conditions | /vendors-management | /website | /zatca","200","","200","/","true"
"/","/","/ | /about | /apps | /author | /blog/best-free-pos-software-and-system | /blog/best-point-of-sale-system-for-small-business-in-pakistan | /blog/best-pos-system-for-retail | /blog/cloud-pos-software-for-retail-stores | /blog/how-does-pos-machine-work | /blog/pos-reconciliation | /blog/what-is-a-pos-person-meaning-and-responsibilities | /blog/what-is-a-pos-purchase | /blog/what-is-point-of-sale-transaction | /blog/what-is-pos-debit-meaning | /blog/what-is-pos-experience-12-tips-to-satisfy-your-customers | /blog/what-is-pos-skills-understand-pos-skill-meaning | /blog/what-is-pos | /blogs | /cattle-management-software | /contact | /customer-management | /fbr-integrated-pos-pakistan | /features | /industries | /industries/bakery-pos-system | /industries/cafe | /industries/clothing-store | /industries/electric-store | /industries/furniture-store | /industries/jewellery-shop | /industries/manufacturing-industries | /industries/pharmacy-store | /industries/restaurant-pos | /industries/retail-store | /industries/salon-pos | /industries/toys-store | /integration | /inventory-management | /logistics-management-software | /mobile-pos | /order-management | /pos-case-studies | /pos-case-studies/cupcake-queen-bakery-pos-qatar | /pos-case-studies/farhan-caterers-pos-karachi | /pos-case-studies/implementing-a-pos-system-for-retail-the-laptop-store | /pos-case-studies/implementing-pos-systems-for-medical-euquipment-industry | /pos-case-studies/real-tech-pos-system-karachi | /pos-software-ksa | /pos-software-qatar | /pos-software-uae | /pos-software-usa | /pricing | /privacy-policy | /purchase-orders | /reporting-module | /terms-and-conditions | /vendors-management | /website | /zatca","200","","200","/","true"
"/","/","/ | /about | /apps | /author | /blog/best-free-pos-software-and-system | /blog/best-point-of-sale-system-for-small-business-in-pakistan | /blog/best-pos-system-for-retail | /blog/cloud-pos-software-for-retail-stores | /blog/how-does-pos-machine-work | /blog/pos-reconciliation | /blog/what-is-a-pos-person-meaning-and-responsibilities | /blog/what-is-a-pos-purchase | /blog/what-is-point-of-sale-transaction | /blog/what-is-pos-debit-meaning | /blog/what-is-pos-experience-12-tips-to-satisfy-your-customers | /blog/what-is-pos-skills-understand-pos-skill-meaning | /blog/what-is-pos | /blogs | /cattle-management-software | /contact | /customer-management | /fbr-integrated-pos-pakistan | /features | /industries | /industries/bakery-pos-system | /industries/cafe | /industries/clothing-store | /industries/electric-store | /industries/furniture-store | /industries/jewellery-shop | /industries/manufacturing-industries | /industries/pharmacy-store | /industries/restaurant-pos | /industries/retail-store | /industries/salon-pos | /industries/toys-store | /integration | /inventory-management | /logistics-management-software | /mobile-pos | /order-management | /pos-case-studies | /pos-case-studies/cupcake-queen-bakery-pos-qatar | /pos-case-studies/farhan-caterers-pos-karachi | /pos-case-studies/implementing-a-pos-system-for-retail-the-laptop-store | /pos-case-studies/implementing-pos-systems-for-medical-euquipment-industry | /pos-case-studies/real-tech-pos-system-karachi | /pos-software-ksa | /pos-software-qatar | /pos-software-uae | /pos-software-usa | /pricing | /privacy-policy | /purchase-orders | /reporting-module | /terms-and-conditions | /vendors-management | /website | /zatca","200","","200","/","true"
"/","/","/ | /about | /apps | /author | /blog/best-free-pos-software-and-system | /blog/best-point-of-sale-system-for-small-business-in-pakistan | /blog/best-pos-system-for-retail | /blog/cloud-pos-software-for-retail-stores | /blog/how-does-pos-machine-work | /blog/pos-reconciliation | /blog/what-is-a-pos-person-meaning-and-responsibilities | /blog/what-is-a-pos-purchase | /blog/what-is-point-of-sale-transaction | /blog/what-is-pos-debit-meaning | /blog/what-is-pos-experience-12-tips-to-satisfy-your-customers | /blog/what-is-pos-skills-understand-pos-skill-meaning | /blog/what-is-pos | /blogs | /cattle-management-software | /contact | /customer-management | /fbr-integrated-pos-pakistan | /features | /industries | /industries/bakery-pos-system | /industries/cafe | /industries/clothing-store | /industries/electric-store | /industries/furniture-store | /industries/jewellery-shop | /industries/manufacturing-industries | /industries/pharmacy-store | /industries/restaurant-pos | /industries/retail-store | /industries/salon-pos | /industries/toys-store | /integration | /inventory-management | /logistics-management-software | /mobile-pos | /order-management | /pos-case-studies | /pos-case-studies/cupcake-queen-bakery-pos-qatar | /pos-case-studies/farhan-caterers-pos-karachi | /pos-case-studies/implementing-a-pos-system-for-retail-the-laptop-store | /pos-case-studies/implementing-pos-systems-for-medical-euquipment-industry | /pos-case-studies/real-tech-pos-system-karachi | /pos-software-ksa | /pos-software-qatar | /pos-software-uae | /pos-software-usa | /pricing | /privacy-policy | /purchase-orders | /reporting-module | /terms-and-conditions | /vendors-management | /website | /zatca","200","","200","/","true"
"/","/","/ | /about | /apps | /author | /blog/best-free-pos-software-and-system | /blog/best-point-of-sale-system-for-small-business-in-pakistan | /blog/best-pos-system-for-retail | /blog/cloud-pos-software-for-retail-stores | /blog/how-does-pos-machine-work | /blog/pos-reconciliation | /blog/what-is-a-pos-person-meaning-and-responsibilities | /blog/what-is-a-pos-purchase | /blog/what-is-point-of-sale-transaction | /blog/what-is-pos-debit-meaning | /blog/what-is-pos-experience-12-tips-to-satisfy-your-customers | /blog/what-is-pos-skills-understand-pos-skill-meaning | /blog/what-is-pos | /blogs | /cattle-management-software | /contact | /customer-management | /fbr-integrated-pos-pakistan | /features | /industries | /industries/bakery-pos-system | /industries/cafe | /industries/clothing-store | /industries/electric-store | /industries/furniture-store | /industries/jewellery-shop | /industries/manufacturing-industries | /industries/pharmacy-store | /industries/restaurant-pos | /industries/retail-store | /industries/salon-pos | /industries/toys-store | /integration | /inventory-management | /logistics-management-software | /mobile-pos | /order-management | /pos-case-studies | /pos-case-studies/cupcake-queen-bakery-pos-qatar | /pos-case-studies/farhan-caterers-pos-karachi | /pos-case-studies/implementing-a-pos-system-for-retail-the-laptop-store | /pos-case-studies/implementing-pos-systems-for-medical-euquipment-industry | /pos-case-studies/real-tech-pos-system-karachi | /pos-software-ksa | /pos-software-qatar | /pos-software-uae | /pos-software-usa | /pricing | /privacy-policy | /purchase-orders | /reporting-module | /terms-and-conditions | /vendors-management | /website | /zatca","200","","200","/","true"
"/","/","/ | /about | /apps | /author | /blog/best-free-pos-software-and-system | /blog/best-point-of-sale-system-for-small-business-in-pakistan | /blog/best-pos-system-for-retail | /blog/cloud-pos-software-for-retail-stores | /blog/how-does-pos-machine-work | /blog/pos-reconciliation | /blog/what-is-a-pos-person-meaning-and-responsibilities | /blog/what-is-a-pos-purchase | /blog/what-is-point-of-sale-transaction | /blog/what-is-pos-debit-meaning | /blog/what-is-pos-experience-12-tips-to-satisfy-your-customers | /blog/what-is-pos-skills-understand-pos-skill-meaning | /blog/what-is-pos | /blogs | /cattle-management-software | /contact | /customer-management | /fbr-integrated-pos-pakistan | /features | /industries | /industries/bakery-pos-system | /industries/cafe | /industries/clothing-store | /industries/electric-store | /industries/furniture-store | /industries/jewellery-shop | /industries/manufacturing-industries | /industries/pharmacy-store | /industries/restaurant-pos | /industries/retail-store | /industries/salon-pos | /industries/toys-store | /integration | /inventory-management | /logistics-management-software | /mobile-pos | /order-management | /pos-case-studies | /pos-case-studies/cupcake-queen-bakery-pos-qatar | /pos-case-studies/farhan-caterers-pos-karachi | /pos-case-studies/implementing-a-pos-system-for-retail-the-laptop-store | /pos-case-studies/implementing-pos-systems-for-medical-euquipment-industry | /pos-case-studies/real-tech-pos-system-karachi | /pos-software-ksa | /pos-software-qatar | /pos-software-uae | /pos-software-usa | /pricing | /privacy-policy | /purchase-orders | /reporting-module | /terms-and-conditions | /vendors-management | /website | /zatca","200","","200","/","true"
"/","/","/ | /about | /apps | /author | /blog/best-free-pos-software-and-system | /blog/best-point-of-sale-system-for-small-business-in-pakistan | /blog/best-pos-system-for-retail | /blog/cloud-pos-software-for-retail-stores | /blog/how-does-pos-machine-work | /blog/pos-reconciliation | /blog/what-is-a-pos-person-meaning-and-responsibilities | /blog/what-is-a-pos-purchase | /blog/what-is-point-of-sale-transaction | /blog/what-is-pos-debit-meaning | /blog/what-is-pos-experience-12-tips-to-satisfy-your-customers | /blog/what-is-pos-skills-understand-pos-skill-meaning | /blog/what-is-pos | /blogs | /cattle-management-software | /contact | /customer-management | /fbr-integrated-pos-pakistan | /features | /industries | /industries/bakery-pos-system | /industries/cafe | /industries/clothing-store | /industries/electric-store | /industries/furniture-store | /industries/jewellery-shop | /industries/manufacturing-industries | /industries/pharmacy-store | /industries/restaurant-pos | /industries/retail-store | /industries/salon-pos | /industries/toys-store | /integration | /inventory-management | /logistics-management-software | /mobile-pos | /order-management | /pos-case-studies | /pos-case-studies/cupcake-queen-bakery-pos-qatar | /pos-case-studies/farhan-caterers-pos-karachi | /pos-case-studies/implementing-a-pos-system-for-retail-the-laptop-store | /pos-case-studies/implementing-pos-systems-for-medical-euquipment-industry | /pos-case-studies/real-tech-pos-system-karachi | /pos-software-ksa | /pos-software-qatar | /pos-software-uae | /pos-software-usa | /pricing | /privacy-policy | /purchase-orders | /reporting-module | /terms-and-conditions | /vendors-management | /website | /zatca","200","","200","/","true"
"/customer-management","/customer-management/","/ | /about | /apps | /author | /blog/best-free-pos-software-and-system | /blog/best-point-of-sale-system-for-small-business-in-pakistan | /blog/best-pos-system-for-retail | /blog/cloud-pos-software-for-retail-stores | /blog/how-does-pos-machine-work | /blog/pos-reconciliation | /blog/what-is-a-pos-person-meaning-and-responsibilities | /blog/what-is-a-pos-purchase | /blog/what-is-point-of-sale-transaction | /blog/what-is-pos-debit-meaning | /blog/what-is-pos-experience-12-tips-to-satisfy-your-customers | /blog/what-is-pos-skills-understand-pos-skill-meaning | /blog/what-is-pos | /blogs | /cattle-management-software | /contact | /customer-management | /fbr-integrated-pos-pakistan | /features | /industries | /industries/bakery-pos-system | /industries/cafe | /industries/clothing-store | /industries/electric-store | /industries/furniture-store | /industries/jewellery-shop | /industries/manufacturing-industries | /industries/pharmacy-store | /industries/restaurant-pos | /industries/retail-store | /industries/salon-pos | /industries/toys-store | /integration | /inventory-management | /logistics-management-software | /mobile-pos | /order-management | /pos-case-studies | /pos-case-studies/cupcake-queen-bakery-pos-qatar | /pos-case-studies/farhan-caterers-pos-karachi | /pos-case-studies/implementing-a-pos-system-for-retail-the-laptop-store | /pos-case-studies/implementing-pos-systems-for-medical-euquipment-industry | /pos-case-studies/real-tech-pos-system-karachi | /pos-software-ksa | /pos-software-qatar | /pos-software-uae | /pos-software-usa | /pricing | /privacy-policy | /purchase-orders | /reporting-module | /terms-and-conditions | /vendors-management | /website | /zatca","200","","200","/customer-management","true"
"/industries/bakery-pos-system","/industries/bakery-pos-system/","/ | /about | /apps | /author | /blog/best-free-pos-software-and-system | /blog/best-point-of-sale-system-for-small-business-in-pakistan | /blog/best-pos-system-for-retail | /blog/cloud-pos-software-for-retail-stores | /blog/how-does-pos-machine-work | /blog/pos-reconciliation | /blog/what-is-a-pos-person-meaning-and-responsibilities | /blog/what-is-a-pos-purchase | /blog/what-is-point-of-sale-transaction | /blog/what-is-pos-debit-meaning | /blog/what-is-pos-experience-12-tips-to-satisfy-your-customers | /blog/what-is-pos-skills-understand-pos-skill-meaning | /blog/what-is-pos | /blogs | /cattle-management-software | /contact | /customer-management | /fbr-integrated-pos-pakistan | /features | /industries | /industries/bakery-pos-system | /industries/cafe | /industries/clothing-store | /industries/electric-store | /industries/furniture-store | /industries/jewellery-shop | /industries/manufacturing-industries | /industries/pharmacy-store | /industries/restaurant-pos | /industries/retail-store | /industries/salon-pos | /industries/toys-store | /integration | /inventory-management | /logistics-management-software | /mobile-pos | /order-management | /pos-case-studies | /pos-case-studies/cupcake-queen-bakery-pos-qatar | /pos-case-studies/farhan-caterers-pos-karachi | /pos-case-studies/implementing-a-pos-system-for-retail-the-laptop-store | /pos-case-studies/implementing-pos-systems-for-medical-euquipment-industry | /pos-case-studies/real-tech-pos-system-karachi | /pos-software-ksa | /pos-software-qatar | /pos-software-uae | /pos-software-usa | /pricing | /privacy-policy | /purchase-orders | /reporting-module | /terms-and-conditions | /vendors-management | /website | /zatca","200","","200","/industries/bakery-pos-system","true"
"/industries/cafe","/industries/cafe/","/ | /blog/best-point-of-sale-system-for-small-business-in-pakistan | /blog/what-is-pos-experience-12-tips-to-satisfy-your-customers | /industries | /industries/cafe | /pos-software-ksa | /pos-software-qatar | /pos-software-uae | /pos-software-usa","200","","200","/industries/cafe","true"
"/industries/clothing-store","/industries/clothing-store/","/ | /blog/best-point-of-sale-system-for-small-business-in-pakistan | /blog/what-is-pos | /industries | /industries/clothing-store | /pos-software-ksa | /pos-software-qatar | /pos-software-uae | /pos-software-usa","200","","200","/industries/clothing-store","true"
"/industries/electric-store","/industries/electric-store/","/ | /blog/best-point-of-sale-system-for-small-business-in-pakistan | /blog/what-is-pos-debit-meaning | /industries | /industries/electric-store | /pos-case-studies/implementing-a-pos-system-for-retail-the-laptop-store | /pos-software-ksa | /pos-software-qatar | /pos-software-uae | /pos-software-usa","200","","200","/industries/electric-store","true"
"/industries/furniture-store","/industries/furniture-store/","/ | /blog/best-point-of-sale-system-for-small-business-in-pakistan | /industries | /industries/furniture-store | /pos-software-ksa | /pos-software-qatar | /pos-software-uae | /pos-software-usa","200","","200","/industries/furniture-store","true"
"/industries/jewellery-shop","/industries/jewellery-shop/","/ | /blog/best-point-of-sale-system-for-small-business-in-pakistan | /blog/what-is-pos | /industries | /industries/jewellery-shop | /pos-software-ksa | /pos-software-qatar | /pos-software-uae | /pos-software-usa","200","","200","/industries/jewellery-shop","true"
"/industries/manufacturing-industries","/industries/manufacturing-industries/","/ | /blog/what-is-a-pos-person-meaning-and-responsibilities | /industries | /industries/manufacturing-industries | /pos-software-ksa | /pos-software-qatar | /pos-software-uae | /pos-software-usa","200","","200","/industries/manufacturing-industries","true"
"/industries/pharmacy-store","/industries/pharmacy-store/","/ | /about | /apps | /author | /blog/best-free-pos-software-and-system | /blog/best-point-of-sale-system-for-small-business-in-pakistan | /blog/best-pos-system-for-retail | /blog/cloud-pos-software-for-retail-stores | /blog/how-does-pos-machine-work | /blog/pos-reconciliation | /blog/what-is-a-pos-person-meaning-and-responsibilities | /blog/what-is-a-pos-purchase | /blog/what-is-point-of-sale-transaction | /blog/what-is-pos-debit-meaning | /blog/what-is-pos-experience-12-tips-to-satisfy-your-customers | /blog/what-is-pos-skills-understand-pos-skill-meaning | /blog/what-is-pos | /blogs | /cattle-management-software | /contact | /customer-management | /fbr-integrated-pos-pakistan | /features | /industries | /industries/bakery-pos-system | /industries/cafe | /industries/clothing-store | /industries/electric-store | /industries/furniture-store | /industries/jewellery-shop | /industries/manufacturing-industries | /industries/pharmacy-store | /industries/restaurant-pos | /industries/retail-store | /industries/salon-pos | /industries/toys-store | /integration | /inventory-management | /logistics-management-software | /mobile-pos | /order-management | /pos-case-studies | /pos-case-studies/cupcake-queen-bakery-pos-qatar | /pos-case-studies/farhan-caterers-pos-karachi | /pos-case-studies/implementing-a-pos-system-for-retail-the-laptop-store | /pos-case-studies/implementing-pos-systems-for-medical-euquipment-industry | /pos-case-studies/real-tech-pos-system-karachi | /pos-software-ksa | /pos-software-qatar | /pos-software-uae | /pos-software-usa | /pricing | /privacy-policy | /purchase-orders | /reporting-module | /terms-and-conditions | /vendors-management | /website | /zatca","200","","200","/industries/pharmacy-store","true"
"/logistics-management-software","/logistics-management-software/","/industries/pharmacy-store | /industries/restaurant-pos","200","","200","/logistics-management-software","true"
"/","/","/ | /about | /apps | /author | /blog/best-free-pos-software-and-system | /blog/best-point-of-sale-system-for-small-business-in-pakistan | /blog/best-pos-system-for-retail | /blog/cloud-pos-software-for-retail-stores | /blog/how-does-pos-machine-work | /blog/pos-reconciliation | /blog/what-is-a-pos-person-meaning-and-responsibilities | /blog/what-is-a-pos-purchase | /blog/what-is-point-of-sale-transaction | /blog/what-is-pos-debit-meaning | /blog/what-is-pos-experience-12-tips-to-satisfy-your-customers | /blog/what-is-pos-skills-understand-pos-skill-meaning | /blog/what-is-pos | /blogs | /cattle-management-software | /contact | /customer-management | /fbr-integrated-pos-pakistan | /features | /industries | /industries/bakery-pos-system | /industries/cafe | /industries/clothing-store | /industries/electric-store | /industries/furniture-store | /industries/jewellery-shop | /industries/manufacturing-industries | /industries/pharmacy-store | /industries/restaurant-pos | /industries/retail-store | /industries/salon-pos | /industries/toys-store | /integration | /inventory-management | /logistics-management-software | /mobile-pos | /order-management | /pos-case-studies | /pos-case-studies/cupcake-queen-bakery-pos-qatar | /pos-case-studies/farhan-caterers-pos-karachi | /pos-case-studies/implementing-a-pos-system-for-retail-the-laptop-store | /pos-case-studies/implementing-pos-systems-for-medical-euquipment-industry | /pos-case-studies/real-tech-pos-system-karachi | /pos-software-ksa | /pos-software-qatar | /pos-software-uae | /pos-software-usa | /pricing | /privacy-policy | /purchase-orders | /reporting-module | /terms-and-conditions | /vendors-management | /website | /zatca","200","","200","/","true"
"/industries/retail-store","/industries/retail-store/","/ | /about | /apps | /author | /blog/best-free-pos-software-and-system | /blog/best-point-of-sale-system-for-small-business-in-pakistan | /blog/best-pos-system-for-retail | /blog/cloud-pos-software-for-retail-stores | /blog/how-does-pos-machine-work | /blog/pos-reconciliation | /blog/what-is-a-pos-person-meaning-and-responsibilities | /blog/what-is-a-pos-purchase | /blog/what-is-point-of-sale-transaction | /blog/what-is-pos-debit-meaning | /blog/what-is-pos-experience-12-tips-to-satisfy-your-customers | /blog/what-is-pos-skills-understand-pos-skill-meaning | /blog/what-is-pos | /blogs | /cattle-management-software | /contact | /customer-management | /fbr-integrated-pos-pakistan | /features | /industries | /industries/bakery-pos-system | /industries/cafe | /industries/clothing-store | /industries/electric-store | /industries/furniture-store | /industries/jewellery-shop | /industries/manufacturing-industries | /industries/pharmacy-store | /industries/restaurant-pos | /industries/retail-store | /industries/salon-pos | /industries/toys-store | /integration | /inventory-management | /logistics-management-software | /mobile-pos | /order-management | /pos-case-studies | /pos-case-studies/cupcake-queen-bakery-pos-qatar | /pos-case-studies/farhan-caterers-pos-karachi | /pos-case-studies/implementing-a-pos-system-for-retail-the-laptop-store | /pos-case-studies/implementing-pos-systems-for-medical-euquipment-industry | /pos-case-studies/real-tech-pos-system-karachi | /pos-software-ksa | /pos-software-qatar | /pos-software-uae | /pos-software-usa | /pricing | /privacy-policy | /purchase-orders | /reporting-module | /terms-and-conditions | /vendors-management | /website | /zatca","200","","200","/industries/retail-store","true"
"/industries/salon-pos","/industries/salon-pos/","/ | /about | /apps | /author | /blog/best-free-pos-software-and-system | /blog/best-point-of-sale-system-for-small-business-in-pakistan | /blog/best-pos-system-for-retail | /blog/cloud-pos-software-for-retail-stores | /blog/how-does-pos-machine-work | /blog/pos-reconciliation | /blog/what-is-a-pos-person-meaning-and-responsibilities | /blog/what-is-a-pos-purchase | /blog/what-is-point-of-sale-transaction | /blog/what-is-pos-debit-meaning | /blog/what-is-pos-experience-12-tips-to-satisfy-your-customers | /blog/what-is-pos-skills-understand-pos-skill-meaning | /blog/what-is-pos | /blogs | /cattle-management-software | /contact | /customer-management | /fbr-integrated-pos-pakistan | /features | /industries | /industries/bakery-pos-system | /industries/cafe | /industries/clothing-store | /industries/electric-store | /industries/furniture-store | /industries/jewellery-shop | /industries/manufacturing-industries | /industries/pharmacy-store | /industries/restaurant-pos | /industries/retail-store | /industries/salon-pos | /industries/toys-store | /integration | /inventory-management | /logistics-management-software | /mobile-pos | /order-management | /pos-case-studies | /pos-case-studies/cupcake-queen-bakery-pos-qatar | /pos-case-studies/farhan-caterers-pos-karachi | /pos-case-studies/implementing-a-pos-system-for-retail-the-laptop-store | /pos-case-studies/implementing-pos-systems-for-medical-euquipment-industry | /pos-case-studies/real-tech-pos-system-karachi | /pos-software-ksa | /pos-software-qatar | /pos-software-uae | /pos-software-usa | /pricing | /privacy-policy | /purchase-orders | /reporting-module | /terms-and-conditions | /vendors-management | /website | /zatca","200","","200","/industries/salon-pos","true"
"/industries/toys-store","/industries/toys-store/","/ | /blog/best-point-of-sale-system-for-small-business-in-pakistan | /industries | /industries/toys-store | /pos-software-ksa | /pos-software-qatar | /pos-software-uae | /pos-software-usa","200","","200","/industries/toys-store","true"
"/","/","/ | /about | /apps | /author | /blog/best-free-pos-software-and-system | /blog/best-point-of-sale-system-for-small-business-in-pakistan | /blog/best-pos-system-for-retail | /blog/cloud-pos-software-for-retail-stores | /blog/how-does-pos-machine-work | /blog/pos-reconciliation | /blog/what-is-a-pos-person-meaning-and-responsibilities | /blog/what-is-a-pos-purchase | /blog/what-is-point-of-sale-transaction | /blog/what-is-pos-debit-meaning | /blog/what-is-pos-experience-12-tips-to-satisfy-your-customers | /blog/what-is-pos-skills-understand-pos-skill-meaning | /blog/what-is-pos | /blogs | /cattle-management-software | /contact | /customer-management | /fbr-integrated-pos-pakistan | /features | /industries | /industries/bakery-pos-system | /industries/cafe | /industries/clothing-store | /industries/electric-store | /industries/furniture-store | /industries/jewellery-shop | /industries/manufacturing-industries | /industries/pharmacy-store | /industries/restaurant-pos | /industries/retail-store | /industries/salon-pos | /industries/toys-store | /integration | /inventory-management | /logistics-management-software | /mobile-pos | /order-management | /pos-case-studies | /pos-case-studies/cupcake-queen-bakery-pos-qatar | /pos-case-studies/farhan-caterers-pos-karachi | /pos-case-studies/implementing-a-pos-system-for-retail-the-laptop-store | /pos-case-studies/implementing-pos-systems-for-medical-euquipment-industry | /pos-case-studies/real-tech-pos-system-karachi | /pos-software-ksa | /pos-software-qatar | /pos-software-uae | /pos-software-usa | /pricing | /privacy-policy | /purchase-orders | /reporting-module | /terms-and-conditions | /vendors-management | /website | /zatca","200","","200","/","true"
"/","/","/ | /about | /apps | /author | /blog/best-free-pos-software-and-system | /blog/best-point-of-sale-system-for-small-business-in-pakistan | /blog/best-pos-system-for-retail | /blog/cloud-pos-software-for-retail-stores | /blog/how-does-pos-machine-work | /blog/pos-reconciliation | /blog/what-is-a-pos-person-meaning-and-responsibilities | /blog/what-is-a-pos-purchase | /blog/what-is-point-of-sale-transaction | /blog/what-is-pos-debit-meaning | /blog/what-is-pos-experience-12-tips-to-satisfy-your-customers | /blog/what-is-pos-skills-understand-pos-skill-meaning | /blog/what-is-pos | /blogs | /cattle-management-software | /contact | /customer-management | /fbr-integrated-pos-pakistan | /features | /industries | /industries/bakery-pos-system | /industries/cafe | /industries/clothing-store | /industries/electric-store | /industries/furniture-store | /industries/jewellery-shop | /industries/manufacturing-industries | /industries/pharmacy-store | /industries/restaurant-pos | /industries/retail-store | /industries/salon-pos | /industries/toys-store | /integration | /inventory-management | /logistics-management-software | /mobile-pos | /order-management | /pos-case-studies | /pos-case-studies/cupcake-queen-bakery-pos-qatar | /pos-case-studies/farhan-caterers-pos-karachi | /pos-case-studies/implementing-a-pos-system-for-retail-the-laptop-store | /pos-case-studies/implementing-pos-systems-for-medical-euquipment-industry | /pos-case-studies/real-tech-pos-system-karachi | /pos-software-ksa | /pos-software-qatar | /pos-software-uae | /pos-software-usa | /pricing | /privacy-policy | /purchase-orders | /reporting-module | /terms-and-conditions | /vendors-management | /website | /zatca","200","","200","/","true"
"/inventory-management","/inventory-management/","/ | /about | /apps | /author | /blog/best-free-pos-software-and-system | /blog/best-point-of-sale-system-for-small-business-in-pakistan | /blog/best-pos-system-for-retail | /blog/cloud-pos-software-for-retail-stores | /blog/how-does-pos-machine-work | /blog/pos-reconciliation | /blog/what-is-a-pos-person-meaning-and-responsibilities | /blog/what-is-a-pos-purchase | /blog/what-is-point-of-sale-transaction | /blog/what-is-pos-debit-meaning | /blog/what-is-pos-experience-12-tips-to-satisfy-your-customers | /blog/what-is-pos-skills-understand-pos-skill-meaning | /blog/what-is-pos | /blogs | /cattle-management-software | /contact | /customer-management | /fbr-integrated-pos-pakistan | /features | /industries | /industries/bakery-pos-system | /industries/cafe | /industries/clothing-store | /industries/electric-store | /industries/furniture-store | /industries/jewellery-shop | /industries/manufacturing-industries | /industries/pharmacy-store | /industries/restaurant-pos | /industries/retail-store | /industries/salon-pos | /industries/toys-store | /integration | /inventory-management | /logistics-management-software | /mobile-pos | /order-management | /pos-case-studies | /pos-case-studies/cupcake-queen-bakery-pos-qatar | /pos-case-studies/farhan-caterers-pos-karachi | /pos-case-studies/implementing-a-pos-system-for-retail-the-laptop-store | /pos-case-studies/implementing-pos-systems-for-medical-euquipment-industry | /pos-case-studies/real-tech-pos-system-karachi | /pos-software-ksa | /pos-software-qatar | /pos-software-uae | /pos-software-usa | /pricing | /privacy-policy | /purchase-orders | /reporting-module | /terms-and-conditions | /vendors-management | /website | /zatca","200","","200","/inventory-management","true"
"/order-management","/order-management/","/apps | /blog/what-is-pos | /order-management | /pos-case-studies/cupcake-queen-bakery-pos-qatar | /pos-case-studies/farhan-caterers-pos-karachi","200","","200","/order-management","true"
"/pos-case-studies/real-tech-pos-system-karachi","/pos-case-studies/real-tech-pos-system-karachi/","/pos-case-studies","200","","200","/pos-case-studies/real-tech-pos-system-karachi","true"
"/pos-case-studies/implementing-pos-systems-for-medical-euquipment-industry","/pos-case-studies/implementing-pos-systems-for-medical-euquipment-industry/","/pos-case-studies","200","","200","/pos-case-studies/implementing-pos-systems-for-medical-euquipment-industry","true"
"/pos-case-studies/cupcake-queen-bakery-pos-qatar","/pos-case-studies/cupcake-queen-bakery-pos-qatar/","/pos-case-studies","200","","200","/pos-case-studies/cupcake-queen-bakery-pos-qatar","true"
"/pos-case-studies/farhan-caterers-pos-karachi","/pos-case-studies/farhan-caterers-pos-karachi/","/pos-case-studies","200","","200","/pos-case-studies/farhan-caterers-pos-karachi","true"
"/","/","/ | /about | /apps | /author | /blog/best-free-pos-software-and-system | /blog/best-point-of-sale-system-for-small-business-in-pakistan | /blog/best-pos-system-for-retail | /blog/cloud-pos-software-for-retail-stores | /blog/how-does-pos-machine-work | /blog/pos-reconciliation | /blog/what-is-a-pos-person-meaning-and-responsibilities | /blog/what-is-a-pos-purchase | /blog/what-is-point-of-sale-transaction | /blog/what-is-pos-debit-meaning | /blog/what-is-pos-experience-12-tips-to-satisfy-your-customers | /blog/what-is-pos-skills-understand-pos-skill-meaning | /blog/what-is-pos | /blogs | /cattle-management-software | /contact | /customer-management | /fbr-integrated-pos-pakistan | /features | /industries | /industries/bakery-pos-system | /industries/cafe | /industries/clothing-store | /industries/electric-store | /industries/furniture-store | /industries/jewellery-shop | /industries/manufacturing-industries | /industries/pharmacy-store | /industries/restaurant-pos | /industries/retail-store | /industries/salon-pos | /industries/toys-store | /integration | /inventory-management | /logistics-management-software | /mobile-pos | /order-management | /pos-case-studies | /pos-case-studies/cupcake-queen-bakery-pos-qatar | /pos-case-studies/farhan-caterers-pos-karachi | /pos-case-studies/implementing-a-pos-system-for-retail-the-laptop-store | /pos-case-studies/implementing-pos-systems-for-medical-euquipment-industry | /pos-case-studies/real-tech-pos-system-karachi | /pos-software-ksa | /pos-software-qatar | /pos-software-uae | /pos-software-usa | /pricing | /privacy-policy | /purchase-orders | /reporting-module | /terms-and-conditions | /vendors-management | /website | /zatca","200","","200","/","true"
"/","/","/ | /about | /apps | /author | /blog/best-free-pos-software-and-system | /blog/best-point-of-sale-system-for-small-business-in-pakistan | /blog/best-pos-system-for-retail | /blog/cloud-pos-software-for-retail-stores | /blog/how-does-pos-machine-work | /blog/pos-reconciliation | /blog/what-is-a-pos-person-meaning-and-responsibilities | /blog/what-is-a-pos-purchase | /blog/what-is-point-of-sale-transaction | /blog/what-is-pos-debit-meaning | /blog/what-is-pos-experience-12-tips-to-satisfy-your-customers | /blog/what-is-pos-skills-understand-pos-skill-meaning | /blog/what-is-pos | /blogs | /cattle-management-software | /contact | /customer-management | /fbr-integrated-pos-pakistan | /features | /industries | /industries/bakery-pos-system | /industries/cafe | /industries/clothing-store | /industries/electric-store | /industries/furniture-store | /industries/jewellery-shop | /industries/manufacturing-industries | /industries/pharmacy-store | /industries/restaurant-pos | /industries/retail-store | /industries/salon-pos | /industries/toys-store | /integration | /inventory-management | /logistics-management-software | /mobile-pos | /order-management | /pos-case-studies | /pos-case-studies/cupcake-queen-bakery-pos-qatar | /pos-case-studies/farhan-caterers-pos-karachi | /pos-case-studies/implementing-a-pos-system-for-retail-the-laptop-store | /pos-case-studies/implementing-pos-systems-for-medical-euquipment-industry | /pos-case-studies/real-tech-pos-system-karachi | /pos-software-ksa | /pos-software-qatar | /pos-software-uae | /pos-software-usa | /pricing | /privacy-policy | /purchase-orders | /reporting-module | /terms-and-conditions | /vendors-management | /website | /zatca","200","","200","/","true"
"/","/","/ | /about | /apps | /author | /blog/best-free-pos-software-and-system | /blog/best-point-of-sale-system-for-small-business-in-pakistan | /blog/best-pos-system-for-retail | /blog/cloud-pos-software-for-retail-stores | /blog/how-does-pos-machine-work | /blog/pos-reconciliation | /blog/what-is-a-pos-person-meaning-and-responsibilities | /blog/what-is-a-pos-purchase | /blog/what-is-point-of-sale-transaction | /blog/what-is-pos-debit-meaning | /blog/what-is-pos-experience-12-tips-to-satisfy-your-customers | /blog/what-is-pos-skills-understand-pos-skill-meaning | /blog/what-is-pos | /blogs | /cattle-management-software | /contact | /customer-management | /fbr-integrated-pos-pakistan | /features | /industries | /industries/bakery-pos-system | /industries/cafe | /industries/clothing-store | /industries/electric-store | /industries/furniture-store | /industries/jewellery-shop | /industries/manufacturing-industries | /industries/pharmacy-store | /industries/restaurant-pos | /industries/retail-store | /industries/salon-pos | /industries/toys-store | /integration | /inventory-management | /logistics-management-software | /mobile-pos | /order-management | /pos-case-studies | /pos-case-studies/cupcake-queen-bakery-pos-qatar | /pos-case-studies/farhan-caterers-pos-karachi | /pos-case-studies/implementing-a-pos-system-for-retail-the-laptop-store | /pos-case-studies/implementing-pos-systems-for-medical-euquipment-industry | /pos-case-studies/real-tech-pos-system-karachi | /pos-software-ksa | /pos-software-qatar | /pos-software-uae | /pos-software-usa | /pricing | /privacy-policy | /purchase-orders | /reporting-module | /terms-and-conditions | /vendors-management | /website | /zatca","200","","200","/","true"
"/","/","/ | /about | /apps | /author | /blog/best-free-pos-software-and-system | /blog/best-point-of-sale-system-for-small-business-in-pakistan | /blog/best-pos-system-for-retail | /blog/cloud-pos-software-for-retail-stores | /blog/how-does-pos-machine-work | /blog/pos-reconciliation | /blog/what-is-a-pos-person-meaning-and-responsibilities | /blog/what-is-a-pos-purchase | /blog/what-is-point-of-sale-transaction | /blog/what-is-pos-debit-meaning | /blog/what-is-pos-experience-12-tips-to-satisfy-your-customers | /blog/what-is-pos-skills-understand-pos-skill-meaning | /blog/what-is-pos | /blogs | /cattle-management-software | /contact | /customer-management | /fbr-integrated-pos-pakistan | /features | /industries | /industries/bakery-pos-system | /industries/cafe | /industries/clothing-store | /industries/electric-store | /industries/furniture-store | /industries/jewellery-shop | /industries/manufacturing-industries | /industries/pharmacy-store | /industries/restaurant-pos | /industries/retail-store | /industries/salon-pos | /industries/toys-store | /integration | /inventory-management | /logistics-management-software | /mobile-pos | /order-management | /pos-case-studies | /pos-case-studies/cupcake-queen-bakery-pos-qatar | /pos-case-studies/farhan-caterers-pos-karachi | /pos-case-studies/implementing-a-pos-system-for-retail-the-laptop-store | /pos-case-studies/implementing-pos-systems-for-medical-euquipment-industry | /pos-case-studies/real-tech-pos-system-karachi | /pos-software-ksa | /pos-software-qatar | /pos-software-uae | /pos-software-usa | /pricing | /privacy-policy | /purchase-orders | /reporting-module | /terms-and-conditions | /vendors-management | /website | /zatca","200","","200","/","true"
"/","/","/ | /about | /apps | /author | /blog/best-free-pos-software-and-system | /blog/best-point-of-sale-system-for-small-business-in-pakistan | /blog/best-pos-system-for-retail | /blog/cloud-pos-software-for-retail-stores | /blog/how-does-pos-machine-work | /blog/pos-reconciliation | /blog/what-is-a-pos-person-meaning-and-responsibilities | /blog/what-is-a-pos-purchase | /blog/what-is-point-of-sale-transaction | /blog/what-is-pos-debit-meaning | /blog/what-is-pos-experience-12-tips-to-satisfy-your-customers | /blog/what-is-pos-skills-understand-pos-skill-meaning | /blog/what-is-pos | /blogs | /cattle-management-software | /contact | /customer-management | /fbr-integrated-pos-pakistan | /features | /industries | /industries/bakery-pos-system | /industries/cafe | /industries/clothing-store | /industries/electric-store | /industries/furniture-store | /industries/jewellery-shop | /industries/manufacturing-industries | /industries/pharmacy-store | /industries/restaurant-pos | /industries/retail-store | /industries/salon-pos | /industries/toys-store | /integration | /inventory-management | /logistics-management-software | /mobile-pos | /order-management | /pos-case-studies | /pos-case-studies/cupcake-queen-bakery-pos-qatar | /pos-case-studies/farhan-caterers-pos-karachi | /pos-case-studies/implementing-a-pos-system-for-retail-the-laptop-store | /pos-case-studies/implementing-pos-systems-for-medical-euquipment-industry | /pos-case-studies/real-tech-pos-system-karachi | /pos-software-ksa | /pos-software-qatar | /pos-software-uae | /pos-software-usa | /pricing | /privacy-policy | /purchase-orders | /reporting-module | /terms-and-conditions | /vendors-management | /website | /zatca","200","","200","/","true"
"/","/","/ | /about | /apps | /author | /blog/best-free-pos-software-and-system | /blog/best-point-of-sale-system-for-small-business-in-pakistan | /blog/best-pos-system-for-retail | /blog/cloud-pos-software-for-retail-stores | /blog/how-does-pos-machine-work | /blog/pos-reconciliation | /blog/what-is-a-pos-person-meaning-and-responsibilities | /blog/what-is-a-pos-purchase | /blog/what-is-point-of-sale-transaction | /blog/what-is-pos-debit-meaning | /blog/what-is-pos-experience-12-tips-to-satisfy-your-customers | /blog/what-is-pos-skills-understand-pos-skill-meaning | /blog/what-is-pos | /blogs | /cattle-management-software | /contact | /customer-management | /fbr-integrated-pos-pakistan | /features | /industries | /industries/bakery-pos-system | /industries/cafe | /industries/clothing-store | /industries/electric-store | /industries/furniture-store | /industries/jewellery-shop | /industries/manufacturing-industries | /industries/pharmacy-store | /industries/restaurant-pos | /industries/retail-store | /industries/salon-pos | /industries/toys-store | /integration | /inventory-management | /logistics-management-software | /mobile-pos | /order-management | /pos-case-studies | /pos-case-studies/cupcake-queen-bakery-pos-qatar | /pos-case-studies/farhan-caterers-pos-karachi | /pos-case-studies/implementing-a-pos-system-for-retail-the-laptop-store | /pos-case-studies/implementing-pos-systems-for-medical-euquipment-industry | /pos-case-studies/real-tech-pos-system-karachi | /pos-software-ksa | /pos-software-qatar | /pos-software-uae | /pos-software-usa | /pricing | /privacy-policy | /purchase-orders | /reporting-module | /terms-and-conditions | /vendors-management | /website | /zatca","200","","200","/","true"
"/","/","/ | /about | /apps | /author | /blog/best-free-pos-software-and-system | /blog/best-point-of-sale-system-for-small-business-in-pakistan | /blog/best-pos-system-for-retail | /blog/cloud-pos-software-for-retail-stores | /blog/how-does-pos-machine-work | /blog/pos-reconciliation | /blog/what-is-a-pos-person-meaning-and-responsibilities | /blog/what-is-a-pos-purchase | /blog/what-is-point-of-sale-transaction | /blog/what-is-pos-debit-meaning | /blog/what-is-pos-experience-12-tips-to-satisfy-your-customers | /blog/what-is-pos-skills-understand-pos-skill-meaning | /blog/what-is-pos | /blogs | /cattle-management-software | /contact | /customer-management | /fbr-integrated-pos-pakistan | /features | /industries | /industries/bakery-pos-system | /industries/cafe | /industries/clothing-store | /industries/electric-store | /industries/furniture-store | /industries/jewellery-shop | /industries/manufacturing-industries | /industries/pharmacy-store | /industries/restaurant-pos | /industries/retail-store | /industries/salon-pos | /industries/toys-store | /integration | /inventory-management | /logistics-management-software | /mobile-pos | /order-management | /pos-case-studies | /pos-case-studies/cupcake-queen-bakery-pos-qatar | /pos-case-studies/farhan-caterers-pos-karachi | /pos-case-studies/implementing-a-pos-system-for-retail-the-laptop-store | /pos-case-studies/implementing-pos-systems-for-medical-euquipment-industry | /pos-case-studies/real-tech-pos-system-karachi | /pos-software-ksa | /pos-software-qatar | /pos-software-uae | /pos-software-usa | /pricing | /privacy-policy | /purchase-orders | /reporting-module | /terms-and-conditions | /vendors-management | /website | /zatca","200","","200","/","true"
"/","/","/ | /about | /apps | /author | /blog/best-free-pos-software-and-system | /blog/best-point-of-sale-system-for-small-business-in-pakistan | /blog/best-pos-system-for-retail | /blog/cloud-pos-software-for-retail-stores | /blog/how-does-pos-machine-work | /blog/pos-reconciliation | /blog/what-is-a-pos-person-meaning-and-responsibilities | /blog/what-is-a-pos-purchase | /blog/what-is-point-of-sale-transaction | /blog/what-is-pos-debit-meaning | /blog/what-is-pos-experience-12-tips-to-satisfy-your-customers | /blog/what-is-pos-skills-understand-pos-skill-meaning | /blog/what-is-pos | /blogs | /cattle-management-software | /contact | /customer-management | /fbr-integrated-pos-pakistan | /features | /industries | /industries/bakery-pos-system | /industries/cafe | /industries/clothing-store | /industries/electric-store | /industries/furniture-store | /industries/jewellery-shop | /industries/manufacturing-industries | /industries/pharmacy-store | /industries/restaurant-pos | /industries/retail-store | /industries/salon-pos | /industries/toys-store | /integration | /inventory-management | /logistics-management-software | /mobile-pos | /order-management | /pos-case-studies | /pos-case-studies/cupcake-queen-bakery-pos-qatar | /pos-case-studies/farhan-caterers-pos-karachi | /pos-case-studies/implementing-a-pos-system-for-retail-the-laptop-store | /pos-case-studies/implementing-pos-systems-for-medical-euquipment-industry | /pos-case-studies/real-tech-pos-system-karachi | /pos-software-ksa | /pos-software-qatar | /pos-software-uae | /pos-software-usa | /pricing | /privacy-policy | /purchase-orders | /reporting-module | /terms-and-conditions | /vendors-management | /website | /zatca","200","","200","/","true"
"/","/","/ | /about | /apps | /author | /blog/best-free-pos-software-and-system | /blog/best-point-of-sale-system-for-small-business-in-pakistan | /blog/best-pos-system-for-retail | /blog/cloud-pos-software-for-retail-stores | /blog/how-does-pos-machine-work | /blog/pos-reconciliation | /blog/what-is-a-pos-person-meaning-and-responsibilities | /blog/what-is-a-pos-purchase | /blog/what-is-point-of-sale-transaction | /blog/what-is-pos-debit-meaning | /blog/what-is-pos-experience-12-tips-to-satisfy-your-customers | /blog/what-is-pos-skills-understand-pos-skill-meaning | /blog/what-is-pos | /blogs | /cattle-management-software | /contact | /customer-management | /fbr-integrated-pos-pakistan | /features | /industries | /industries/bakery-pos-system | /industries/cafe | /industries/clothing-store | /industries/electric-store | /industries/furniture-store | /industries/jewellery-shop | /industries/manufacturing-industries | /industries/pharmacy-store | /industries/restaurant-pos | /industries/retail-store | /industries/salon-pos | /industries/toys-store | /integration | /inventory-management | /logistics-management-software | /mobile-pos | /order-management | /pos-case-studies | /pos-case-studies/cupcake-queen-bakery-pos-qatar | /pos-case-studies/farhan-caterers-pos-karachi | /pos-case-studies/implementing-a-pos-system-for-retail-the-laptop-store | /pos-case-studies/implementing-pos-systems-for-medical-euquipment-industry | /pos-case-studies/real-tech-pos-system-karachi | /pos-software-ksa | /pos-software-qatar | /pos-software-uae | /pos-software-usa | /pricing | /privacy-policy | /purchase-orders | /reporting-module | /terms-and-conditions | /vendors-management | /website | /zatca","200","","200","/","true"
"/purchase-orders","/purchase-orders/","/ | /about | /apps | /author | /blog/best-free-pos-software-and-system | /blog/best-point-of-sale-system-for-small-business-in-pakistan | /blog/best-pos-system-for-retail | /blog/cloud-pos-software-for-retail-stores | /blog/how-does-pos-machine-work | /blog/pos-reconciliation | /blog/what-is-a-pos-person-meaning-and-responsibilities | /blog/what-is-a-pos-purchase | /blog/what-is-point-of-sale-transaction | /blog/what-is-pos-debit-meaning | /blog/what-is-pos-experience-12-tips-to-satisfy-your-customers | /blog/what-is-pos-skills-understand-pos-skill-meaning | /blog/what-is-pos | /blogs | /cattle-management-software | /contact | /customer-management | /fbr-integrated-pos-pakistan | /features | /industries | /industries/bakery-pos-system | /industries/cafe | /industries/clothing-store | /industries/electric-store | /industries/furniture-store | /industries/jewellery-shop | /industries/manufacturing-industries | /industries/pharmacy-store | /industries/restaurant-pos | /industries/retail-store | /industries/salon-pos | /industries/toys-store | /integration | /inventory-management | /logistics-management-software | /mobile-pos | /order-management | /pos-case-studies | /pos-case-studies/cupcake-queen-bakery-pos-qatar | /pos-case-studies/farhan-caterers-pos-karachi | /pos-case-studies/implementing-a-pos-system-for-retail-the-laptop-store | /pos-case-studies/implementing-pos-systems-for-medical-euquipment-industry | /pos-case-studies/real-tech-pos-system-karachi | /pos-software-ksa | /pos-software-qatar | /pos-software-uae | /pos-software-usa | /pricing | /privacy-policy | /purchase-orders | /reporting-module | /terms-and-conditions | /vendors-management | /website | /zatca","200","","200","/purchase-orders","true"
"/reporting-module","/reporting-module/","/ | /about | /apps | /author | /blog/best-free-pos-software-and-system | /blog/best-point-of-sale-system-for-small-business-in-pakistan | /blog/best-pos-system-for-retail | /blog/cloud-pos-software-for-retail-stores | /blog/how-does-pos-machine-work | /blog/pos-reconciliation | /blog/what-is-a-pos-person-meaning-and-responsibilities | /blog/what-is-a-pos-purchase | /blog/what-is-point-of-sale-transaction | /blog/what-is-pos-debit-meaning | /blog/what-is-pos-experience-12-tips-to-satisfy-your-customers | /blog/what-is-pos-skills-understand-pos-skill-meaning | /blog/what-is-pos | /blogs | /cattle-management-software | /contact | /customer-management | /fbr-integrated-pos-pakistan | /features | /industries | /industries/bakery-pos-system | /industries/cafe | /industries/clothing-store | /industries/electric-store | /industries/furniture-store | /industries/jewellery-shop | /industries/manufacturing-industries | /industries/pharmacy-store | /industries/restaurant-pos | /industries/retail-store | /industries/salon-pos | /industries/toys-store | /integration | /inventory-management | /logistics-management-software | /mobile-pos | /order-management | /pos-case-studies | /pos-case-studies/cupcake-queen-bakery-pos-qatar | /pos-case-studies/farhan-caterers-pos-karachi | /pos-case-studies/implementing-a-pos-system-for-retail-the-laptop-store | /pos-case-studies/implementing-pos-systems-for-medical-euquipment-industry | /pos-case-studies/real-tech-pos-system-karachi | /pos-software-ksa | /pos-software-qatar | /pos-software-uae | /pos-software-usa | /pricing | /privacy-policy | /purchase-orders | /reporting-module | /terms-and-conditions | /vendors-management | /website | /zatca","200","","200","/reporting-module","true"
"/vendors-management","/vendors-management/","/blog/best-free-pos-software-and-system | /blog/what-is-pos | /vendors-management","200","","200","/vendors-management","true"